441,-0.050,0.000,0.002,-0.040,0.040,0.000,0.00,0.00,0.00,0.00,0.002,66.947,-66.947
451,-0.010,0.010,0.000,-0.030,0.050,0.001,0.00,0.00,0.00,0.00,0.002,66.947,-66.947
461,-0.020,0.000,0.000,-0.060,0.080,0.001,0.00,0.00,0.00,0.00,0.002,80.599,-80.599
471,-0.020,0.000,0.000,-0.060,0.080,0.000,0.00,0.00,0.00,0.00,0.003,121.048,-121.048
481,-0.010,0.010,0.000,-0.040,0.040,-0.004,0.00,0.00,0.00,0.00,0.001,121.048,-121.048
491,0.000,-0.010,0.001,-0.060,0.060,0.001,0.00,0.00,0.00,0.00,0.001,103.020,-103.020
501,-0.010,0.000,0.000,-0.060,0.040,0.001,0.00,0.00,0.00,0.00,0.002,98.627,-98.627
511,-0.010,0.000,0.000,-0.070,0.040,0.001,0.00,0.00,0.00,0.00,0.002,100.823,-100.823
521,-0.010,0.000,0.000,-0.070,0.040,0.000,0.00,0.00,0.00,0.00,0.002,100.823,-100.823
531,-0.010,0.010,-0.001,-0.060,0.020,0.001,0.00,0.00,0.00,0.00,0.002,103.020,-103.020
541,-0.030,0.000,0.000,-0.060,0.030,-0.002,0.00,-0.27,0.00,-0.00,0.002,139.076,-139.076
551,-0.020,-0.030,0.000,-0.060,0.020,-0.002,0.00,0.27,0.00,0.00,0.002,179.524,-179.524
561,-0.040,-0.040,0.000,-0.060,0.020,-0.002,0.00,0.00,0.00,0.00,0.002,143.485,-143.485
571,-0.040,-0.040,0.000,-0.070,-0.010,0.000,-0.27,0.00,-0.00,0.00,0.002,143.485,-143.485
581,-0.040,-0.090,-0.002,-0.070,0.000,0.001,0.27,0.00,0.00,0.00,0.002,125.441,-125.441
591,-0.040,-0.090,0.000,-0.060,-0.030,0.000,0.00,0.00,0.00,0.00,0.002,125.441,-125.441
601,-0.030,-0.080,0.001,-0.060,-0.030,0.000,0.00,0.00,0.00,0.00,0.002,136.879,-136.879
611,-0.030,-0.090,0.001,-0.060,-0.030,0.000,0.00,-0.27,0.00,-0.00,0.002,121.048,-121.048
621,-0.030,-0.090,-0.002,-0.060,-0.030,0.000,0.00,0.27,0.00,0.00,0.002,161.496,-161.496
631,-0.020,-0.110,-0.002,-0.060,-0.060,0.001,0.00,0.00,0.00,0.00,0.002,107.413,-107.413
641,-0.040,-0.130,0.000,-0.050,-0.060,-0.001,0.00,0.00,0.00,0.00,0.003,125.441,-125.441
651,-0.020,-0.100,-0.001,-0.060,-0.080,-0.001,0.00,0.00,0.00,0.00,0.002,91.581,-91.581
661,-0.020,-0.120,-0.001,-0.050,-0.050,-0.001,0.00,0.00,0.00,0.00,0.002,91.581,-91.581
671,-0.020,-0.120,0.001,-0.050,-0.050,-0.003,0.00,0.00,0.00,0.00,0.002,71.340,-71.340
681,-0.040,-0.130,-0.001,-0.060,-0.090,-0.002,0.00,0.00,0.00,0.00,0.002,66.947,-66.947
691,-0.020,-0.120,-0.002,-0.040,-0.090,0.000,0.00,0.00,0.00,0.00,0.002,46.723,-46.723
701,-0.030,-0.130,0.000,-0.050,-0.060,-0.001,0.00,0.00,0.00,0.00,0.002,100.823,-100.823
711,-0.030,-0.130,0.001,-0.060,-0.080,-0.001,0.00,0.00,0.00,0.00,0.002,125.441,-125.441
721,-0.030,-0.130,0.001,-0.060,-0.080,0.001,0.00,0.00,0.00,0.00,0.003,123.244,-123.244
731,-0.030,-0.130,0.001,-0.070,-0.080,-0.002,0.00,0.00,0.00,0.00,0.002,123.244,-123.244
741,-0.040,-0.140,0.000,-0.050,-0.090,0.000,0.00,0.00,0.00,0.00,0.002,107.413,-107.413
751,-0.020,-0.140,-0.002,-0.050,-0.070,-0.001,0.00,0.00,0.00,0.00,0.002,64.751,-64.751
761,-0.020,-0.110,0.001,-0.050,-0.070,-0.001,0.00,0.00,0.00,0.00,0.002,-36.387,36.387
771,-0.020,-0.110,0.001,-0.050,-0.070,-0.001,-0.27,0.00,-0.00,0.00,0.002,35.758,-35.758
781,-0.020,-0.120,-0.002,-0.050,-0.100,-0.003,0.27,0.00,0.00,0.00,0.002,40.134,-40.134
791,-0.030,-0.100,0.000,-0.040,-0.050,-0.001,-0.27,0.00,-0.00,0.00,0.003,60.375,-60.375
801,-0.030,-0.110,0.001,-0.060,-0.050,-0.002,0.27,0.00,0.00,0.00,0.002,60.375,-60.375
811,-0.010,-0.100,0.001,-0.060,-0.040,-0.002,0.00,0.00,0.00,0.00,0.002,80.599,-80.599
821,-0.030,-0.080,0.001,-0.060,-0.070,-0.002,0.00,0.00,0.00,0.00,0.002,46.723,-46.723
831,-0.030,-0.080,-0.001,-0.060,-0.070,-0.001,0.00,0.00,0.00,0.00,0.002,26.482,-26.482
841,-0.020,-0.100,-0.001,-0.050,-0.050,0.001,0.00,0.00,0.00,0.00,0.002,44.527,-44.527
851,-0.020,-0.100,-0.001,-0.060,-0.050,0.000,0.00,0.00,0.00,0.00,0.002,55.982,-55.982
861,-0.030,-0.100,0.000,-0.080,-0.040,0.000,0.00,0.00,0.00,0.00,0.002,62.554,-62.554
871,-0.040,-0.080,0.000,-0.040,-0.030,0.000,0.00,0.00,0.00,0.00,0.001,62.554,-62.554
881,-0.040,-0.060,0.000,-0.070,-0.030,0.000,0.00,0.00,0.00,0.00,0.001,62.554,-62.554
891,-0.040,-0.060,0.000,-0.070,-0.030,0.002,0.00,0.00,0.00,0.00,0.002,-27.635,27.635
901,-0.040,-0.070,0.002,-0.060,-0.030,0.001,0.00,0.00,0.00,0.00,0.003,-108.583,108.583
911,-0.020,-0.070,-0.001,-0.070,-0.030,0.001,-0.55,0.00,-0.01,0.00,0.003,89.841,-89.841
921,-0.050,-0.100,-0.001,-0.060,-0.030,0.000,0.55,0.00,0.00,0.00,0.002,84.992,-84.992
931,-0.020,-0.080,-0.001,-0.050,-0.020,0.000,0.00,0.00,0.00,0.00,0.002,10.634,-10.634
941,-0.020,-0.080,-0.001,-0.050,-0.020,0.002,0.00,0.00,0.00,0.00,0.002,10.634,-10.634
951,-0.040,-0.090,0.001,-0.040,-0.040,0.000,-0.27,0.00,-0.00,0.00,0.002,37.954,-37.954
961,-0.030,-0.090,-0.001,-0.060,-0.050,0.000,0.27,0.00,0.00,0.00,0.002,112.262,-112.262
971,-0.020,-0.060,0.000,-0.060,-0.040,0.003,0.21,0.00,0.00,0.00,0.002,172.918,-172.918
981,-0.030,-0.090,0.000,-0.050,-0.020,0.003,-0.21,0.00,0.00,0.00,0.002,64.751,-64.751
991,-0.030,-0.090,0.000,-0.050,-0.020,0.001,0.00,0.00,0.00,0.00,0.002,58.178,-58.178
1001,0.000,-0.090,0.000,-0.050,-0.050,-0.002,0.00,0.00,0.00,0.00,0.002,40.134,-40.134
1011,-0.030,-0.080,0.001,-0.040,-0.040,0.000,0.00,0.00,0.00,0.00,0.002,40.134,-40.134
1021,-0.020,-0.090,0.000,-0.050,-0.050,0.002,0.00,0.00,0.00,0.00,0.002,40.134,-40.134
1031,-0.030,-0.090,0.000,-0.030,-0.030,0.001,0.00,0.00,0.00,0.00,0.002,10.634,-10.634
1041,-0.050,-0.090,0.000,-0.030,-0.030,0.001,0.00,0.00,0.00,0.00,0.002,-50.073,50.073
1051,-0.050,-0.090,0.000,-0.050,-0.030,0.001,-0.27,0.00,-0.00,0.00,0.002,58.178,-58.178
1061,-0.020,-0.080,0.000,-0.040,-0.060,-0.002,0.27,0.00,0.00,0.00,0.002,60.375,-60.375
1071,-0.010,-0.090,-0.002,-0.050,-0.060,0.001,0.00,0.00,0.00,0.00,0.003,64.751,-64.751
1081,-0.040,-0.070,-0.001,-0.050,-0.050,0.001,0.00,0.00,0.00,0.00,0.002,64.751,-64.751
1091,-0.020,-0.080,-0.001,-0.040,-0.030,0.001,0.00,0.00,0.00,0.00,0.002,26.482,-26.482
1101,-0.020,-0.080,-0.001,-0.040,-0.030,0.000,0.00,0.00,0.00,0.00,0.002,-0.315,0.315
1111,-0.020,-0.060,0.002,-0.060,-0.030,0.001,0.00,0.00,0.00,0.00,0.002,-40.763,40.763
1121,-0.010,-0.080,0.002,-0.070,-0.040,0.001,0.00,0.00,0.00,0.00,0.002,13.337,-13.337
1131,-0.020,-0.080,0.002,-0.050,-0.050,0.000,0.21,0.00,0.00,0.00,0.001,17.730,-17.730
1141,-0.030,-0.080,0.002,-0.050,-0.050,0.000,-0.48,0.00,-0.00,0.00,0.002,37.954,-37.954
1151,-0.030,-0.080,-0.001,-0.050,-0.050,0.003,0.00,0.00,-0.00,0.00,0.001,37.954,-37.954
1161,-0.020,-0.070,0.000,-0.040,-0.060,0.000,0.27,0.00,0.00,0.00,0.001,24.302,-24.302
1171,-0.030,-0.070,0.000,-0.040,-0.050,0.000,-0.27,0.00,-0.00,0.00,0.002,26.482,-26.482
1181,-0.010,-0.060,-0.001,-0.030,-0.040,0.002,0.27,0.00,0.00,0.00,0.002,26.482,-26.482
1191,-0.010,-0.070,-0.001,-0.050,-0.030,0.000,-0.27,0.00,-0.00,0.00,0.002,44.527,-44.527
1201,-0.020,-0.090,-0.001,-0.050,-0.030,0.000,0.27,0.00,0.00,0.00,0.002,46.723,-46.723
1211,-0.020,-0.090,-0.001,-0.060,-0.020,0.000,-0.27,0.00,-0.00,0.00,0.001,30.875,-30.875
1221,-0.020,-0.080,-0.001,-0.040,-0.050,-0.001,0.00,0.00,-0.00,0.00,0.002,30.875,-30.875
1231,-0.010,-0.060,0.000,-0.060,-0.040,0.000,0.00,0.00,-0.00,0.00,0.002,42.330,-42.330
1241,-0.020,-0.090,-0.001,-0.040,-0.040,0.000,0.00,0.00,-0.00,0.00,0.001,22.106,-22.106
1251,-0.020,-0.080,-0.001,-0.040,-0.040,0.000,0.00,0.00,-0.00,0.00,0.002,-18.360,18.360
1261,-0.020,-0.080,0.000,-0.040,-0.040,0.001,0.27,0.00,0.00,0.00,0.002,35.758,-35.758
1271,-0.020,-0.060,0.000,-0.050,-0.050,0.001,0.00,0.00,0.00,0.00,0.002,40.134,-40.134
1281,-0.020,-0.080,0.000,-0.040,-0.060,0.001,-0.27,0.00,-0.00,0.00,0.002,42.330,-42.330
1291,-0.020,-0.060,0.000,-0.040,-0.020,-0.001,0.27,0.00,0.00,0.00,0.001,42.330,-42.330
1301,-0.020,-0.070,0.000,-0.050,-0.050,-0.001,-0.27,0.00,-0.00,0.00,0.002,46.723,-46.723
1311,-0.020,-0.070,-0.002,-0.050,-0.050,0.003,0.27,0.00,0.00,0.00,0.002,46.723,-46.723
1321,-0.030,-0.080,-0.001,-0.040,-0.030,0.000,0.00,0.00,0.00,0.00,0.002,66.947,-66.947
1331,-0.020,-0.040,0.000,-0.040,-0.050,-0.001,0.00,0.00,0.00,0.00,0.002,30.875,-30.875
1341,0.000,-0.060,-0.001,-0.040,-0.050,0.000,-0.27,0.00,-0.00,0.00,0.002,48.920,-48.920
1351,-0.030,-0.090,-0.001,-0.050,-0.040,0.000,0.27,0.00,0.00,0.00,0.002,87.189,-87.189
1361,-0.030,-0.090,0.000,-0.050,-0.040,-0.001,0.00,0.00,0.00,0.00,0.003,87.189,-87.189
1371,-0.010,-0.060,0.000,-0.040,-0.030,-0.001,0.00,0.00,0.00,0.00,0.002,107.413,-107.413
1381,-0.040,-0.080,-0.003,-0.060,-0.030,0.002,0.00,0.00,0.00,0.00,0.002,51.099,-51.099
1391,-0.020,-0.090,-0.001,-0.060,-0.050,0.001,0.00,0.00,0.00,0.00,0.001,51.099,-51.099
1401,-0.030,-0.050,-0.001,-0.040,-0.030,0.001,0.00,0.00,0.00,0.00,0.001,28.678,-28.678
1411,-0.030,-0.050,0.000,-0.040,-0.030,0.002,0.00,0.00,0.00,0.00,0.003,24.302,-24.302
1421,-0.020,-0.070,0.000,-0.060,-0.040,0.000,0.00,0.00,0.00,0.00,0.002,24.302,-24.302
1431,-0.020,-0.080,0.000,-0.050,-0.020,-0.002,0.00,0.00,0.00,0.00,0.001,24.302,-24.302
1441,-0.010,-0.070,0.000,-0.040,-0.030,-0.002,-0.27,0.00,-0.00,0.00,0.002,28.678,-28.678
1451,-0.010,-0.070,0.000,-0.040,-0.030,0.003,0.27,0.00,0.00,0.00,0.002,22.106,-22.106
1461,-0.020,-0.080,0.000,-0.050,-0.030,0.001,-0.27,0.00,-0.00,0.00,0.002,22.106,-22.106
1471,-0.030,-0.050,0.001,-0.040,-0.030,0.000,0.27,0.00,0.00,0.00,0.002,10.634,-10.634
1481,-0.030,-0.090,-0.003,-0.040,-0.050,0.000,0.00,0.00,0.00,0.00,0.002,40.134,-40.134
1491,-0.020,-0.070,-0.003,-0.040,-0.050,0.000,0.00,0.00,0.00,0.00,0.003,26.482,-26.482
1501,-0.020,-0.070,-0.001,-0.040,-0.050,-0.001,-0.27,0.00,-0.00,0.00,0.002,26.482,-26.482
1511,-0.020,-0.070,-0.001,-0.030,-0.030,0.000,0.27,0.00,0.00,0.00,0.002,6.258,-6.258
1521,-0.030,-0.060,-0.002,-0.050,-0.030,0.001,0.00,0.00,0.00,0.00,0.002,58.178,-58.178
1531,-0.010,-0.080,0.000,-0.050,-0.040,0.000,0.00,0.00,0.00,0.00,0.002,58.178,-58.178
1541,-0.030,-0.080,0.000,-0.050,-0.040,0.000,0.00,0.00,0.00,0.00,0.002,10.634,-10.634
1551,-0.030,-0.080,0.001,-0.040,-0.020,0.002,-0.27,0.00,-0.00,0.00,0.002,42.330,-42.330
1561,-0.010,-0.070,0.000,-0.040,-0.030,0.001,0.00,0.00,-0.00,0.00,0.001,44.527,-44.527
1571,-0.020,-0.070,0.001,-0.050,-0.050,0.001,0.27,0.00,0.00,0.00,-0.000,44.527,-44.527
1581,-0.030,-0.070,0.001,-0.050,-0.050,0.001,0.00,0.00,0.00,0.00,0.001,-7.411,7.411
1591,-0.030,-0.070,-0.003,-0.060,-0.030,-0.001,-0.27,0.00,-0.00,0.00,0.001,24.302,-24.302
1601,-0.030,-0.080,-0.001,-0.030,-0.030,0.001,0.27,0.00,0.00,0.00,0.002,24.302,-24.302
1611,-0.020,-0.080,-0.001,-0.050,-0.040,0.000,0.00,0.00,0.00,0.00,0.002,-7.411,7.411
1621,-0.010,-0.060,0.002,-0.050,-0.030,0.000,-0.27,0.00,-0.00,0.00,0.003,80.599,-80.599
1631,-0.030,-0.070,0.002,-0.050,-0.030,0.000,0.27,0.00,0.00,0.00,0.002,53.296,-53.296
1641,-0.030,-0.070,0.000,-0.050,-0.030,0.000,-0.27,0.00,-0.00,0.00,0.004,53.296,-53.296
1651,-0.020,-0.060,0.001,-0.060,-0.040,0.002,0.00,0.00,-0.00,0.00,0.001,44.527,-44.527
1661,-0.020,-0.080,0.000,-0.050,-0.030,0.002,0.27,0.00,0.00,0.00,0.002,64.751,-64.751
1671,-0.040,-0.070,0.002,-0.040,-0.040,0.002,0.00,0.00,0.00,0.00,0.002,64.751,-64.751
1681,-0.040,-0.070,0.002,-0.040,-0.040,0.001,0.00,0.00,0.00,0.00,0.002,58.178,-58.178
1691,-0.010,-0.090,0.002,-0.050,-0.050,0.000,0.00,0.00,0.00,0.00,0.002,44.527,-44.527
1701,-0.020,-0.060,-0.001,-0.060,-0.020,-0.001,0.00,0.00,0.00,0.00,0.002,26.482,-26.482
1711,-0.010,-0.070,0.001,-0.050,-0.030,-0.001,0.00,0.00,0.00,0.00,0.002,26.482,-26.482
1721,-0.010,-0.070,0.001,-0.050,-0.030,0.001,0.00,0.00,0.00,0.00,0.002,8.454,-8.454
1731,-0.020,-0.090,0.001,-0.050,-0.050,-0.002,-0.27,0.00,-0.00,0.00,0.002,-13.967,13.967
1741,0.000,-0.060,-0.001,-0.050,-0.040,0.000,0.27,0.00,0.00,0.00,0.002,-13.967,13.967
1751,-0.010,-0.080,0.000,-0.060,-0.050,0.001,0.00,0.00,0.00,0.00,0.002,53.786,-53.786
1761,-0.040,-0.060,0.000,-0.060,-0.050,0.001,-0.27,0.00,-0.00,0.00,0.002,76.206,-76.206
1771,-0.040,-0.060,0.001,-0.030,-0.060,0.001,0.27,0.00,0.00,0.00,0.003,55.982,-55.982
1781,-0.020,-0.060,0.000,-0.030,-0.040,0.002,0.00,0.00,0.00,0.00,0.002,55.982,-55.982
1791,-0.030,-0.070,-0.002,-0.040,-0.050,0.000,0.00,0.00,0.00,0.00,0.002,55.982,-55.982
1801,-0.010,-0.070,-0.002,-0.040,-0.050,0.000,0.00,0.00,0.00,0.00,0.002,24.302,-24.302
1811,-0.010,-0.070,0.000,-0.050,-0.040,0.001,-0.27,0.00,-0.00,0.00,0.002,24.302,-24.302
1821,-0.030,-0.080,0.001,-0.040,-0.030,0.002,0.27,0.00,0.00,0.00,0.002,-13.967,13.967
1831,-0.030,-0.080,-0.001,-0.060,-0.040,0.001,0.00,0.00,0.00,0.00,0.002,35.758,-35.758
1841,-0.010,-0.080,0.001,-0.050,-0.040,0.001,-0.27,0.00,-0.00,0.00,0.002,19.909,-19.909
1851,-0.010,-0.080,0.001,-0.050,-0.040,-0.002,0.00,0.00,-0.00,0.00,0.000,19.909,-19.909
1861,-0.010,-0.050,0.000,-0.050,-0.040,0.001,0.00,0.00,-0.00,0.00,0.001,22.106,-22.106
1871,-0.050,-0.070,0.001,-0.040,-0.050,0.000,0.48,0.00,0.00,0.00,0.002,-34.208,34.208
1881,-0.010,-0.070,-0.001,-0.050,-0.050,0.000,-0.21,0.00,0.00,0.00,0.002,-34.208,34.208
1891,-0.010,-0.070,-0.001,-0.050,-0.050,-0.002,-0.55,0.00,-0.01,0.00,0.002,29.185,-29.185
1901,-0.010,-0.070,0.000,-0.060,-0.060,-0.003,0.27,0.00,-0.00,0.00,0.002,-18.360,18.360
1911,0.000,-0.080,0.000,-0.040,-0.030,-0.003,0.27,0.00,0.00,0.00,0.002,-79.032,79.032
1921,-0.020,-0.060,0.000,-0.040,-0.040,-0.003,-0.27,0.00,-0.00,0.00,0.002,11.157,-11.157
1931,-0.020,-0.060,0.000,-0.040,-0.040,-0.002,0.00,-0.27,-0.00,-0.00,0.001,-36.387,36.387
1942,-0.020,-0.070,0.000,-0.060,-0.040,-0.002,0.25,0.25,0.00,0.00,0.001,13.337,-13.337
1952,-0.010,-0.070,0.000,-0.050,-0.030,0.000,0.00,0.00,0.00,0.00,0.001,74.010,-74.010
1962,-0.030,-0.070,0.000,-0.040,-0.020,-0.004,0.00,0.00,0.00,0.00,0.001,-16.163,16.163
1972,-0.030,-0.090,0.000,-0.040,-0.020,-0.004,0.00,0.00,0.00,0.00,0.002,33.561,-33.561
1982,-0.030,-0.090,0.000,-0.040,-0.030,0.001,0.00,0.00,0.00,0.00,0.002,37.954,-37.954
1992,-0.020,-0.090,0.000,-0.040,-0.020,0.002,-0.27,0.00,-0.00,0.00,0.002,37.954,-37.954
2002,-0.020,-0.080,0.000,-0.070,-0.050,0.002,0.27,0.00,0.00,0.00,0.001,33.561,-33.561
2012,-0.020,-0.080,0.000,-0.070,-0.050,0.003,-0.27,0.00,-0.00,0.00,0.002,-0.315,0.315
2022,-0.020,-0.050,0.000,-0.050,-0.060,-0.001,0.00,0.00,-0.00,0.00,0.002,-20.539,20.539
2032,-0.030,-0.060,0.001,-0.050,-0.040,0.000,0.00,0.00,-0.00,0.00,0.002,-38.584,38.584
2042,-0.030,-0.090,-0.001,-0.030,-0.020,0.000,0.27,0.00,0.00,0.00,0.002,13.337,-13.337
2052,-0.030,-0.090,-0.001,-0.030,-0.020,-0.002,-0.27,0.00,-0.00,0.00,0.002,31.382,-31.382
2062,-0.010,-0.070,-0.001,-0.060,-0.040,0.000,0.27,0.00,0.00,0.00,0.003,31.382,-31.382
2072,-0.010,-0.090,0.000,-0.050,-0.040,0.000,0.00,0.00,0.00,0.00,0.002,33.561,-33.561
2082,-0.010,-0.060,-0.001,-0.040,-0.040,0.000,0.00,0.00,0.00,0.00,0.003,17.730,-17.730
2092,-0.010,-0.060,-0.001,-0.040,-0.040,-0.001,-0.55,0.00,-0.01,0.00,0.001,37.954,-37.954
2102,-0.020,-0.070,-0.001,-0.050,-0.040,0.003,0.55,0.00,0.00,0.00,0.001,19.909,-19.909
2112,-0.010,-0.080,0.002,-0.060,-0.040,0.001,0.00,0.00,0.00,0.00,0.001,24.302,-24.302
2122,-0.030,-0.070,0.002,-0.020,-0.040,0.001,-0.55,0.00,-0.01,0.00,0.002,24.302,-24.302
2132,-0.030,-0.070,-0.001,-0.020,-0.040,0.002,0.27,0.00,-0.00,0.00,0.004,24.302,-24.302
2142,-0.030,-0.100,-0.001,-0.050,-0.050,0.000,0.27,0.00,0.00,0.00,0.001,19.909,-19.909
2152,-0.010,-0.070,-0.001,-0.050,-0.030,0.000,0.00,-0.27,0.00,-0.00,0.002,15.533,-15.533
2162,-0.010,-0.070,0.001,-0.050,-0.030,0.000,0.00,0.27,0.00,0.00,0.002,55.982,-55.982
2172,-0.030,-0.100,-0.001,-0.040,-0.060,0.001,-0.27,0.00,-0.00,0.00,0.002,37.954,-37.954
2182,-0.030,-0.100,-0.001,-0.040,-0.060,0.001,0.00,0.00,-0.00,0.00,0.002,37.954,-37.954
2192,-0.030,-0.090,0.000,-0.050,-0.030,0.000,0.27,0.00,0.00,0.00,0.004,-104.224,104.224
2202,-0.010,-0.060,0.000,-0.060,-0.040,0.000,0.00,0.00,0.00,0.00,0.006,-104.224,104.224
2212,-0.010,-0.060,0.000,-0.060,-0.040,0.000,0.00,0.00,0.00,0.00,0.003,-101.453,101.453
2222,-0.030,-0.070,-0.001,-0.050,-0.040,0.000,0.00,0.00,0.00,0.00,0.003,-79.032,79.032
2232,-0.020,-0.070,-0.001,-0.060,-0.050,0.000,0.00,0.21,0.00,0.00,0.003,-99.274,99.274
2242,-0.020,-0.070,-0.001,-0.060,-0.050,0.000,0.00,-0.21,0.00,0.00,0.003,-81.229,81.229
2252,0.000,-0.080,0.000,-0.040,-0.040,-0.002,0.00,0.21,0.00,0.00,0.003,-63.184,63.184
2262,-0.020,-0.070,0.003,-0.040,-0.040,-0.001,0.00,-0.00,0.00,0.00,0.003,-58.808,58.808
2272,-0.020,-0.070,0.003,-0.040,-0.040,-0.001,-0.27,0.27,-0.00,0.00,0.002,-58.808,58.808
2283,-0.010,-0.070,0.001,-0.040,-0.030,-0.002,0.25,0.44,0.00,0.01,0.003,-58.808,58.808
2293,-0.030,-0.070,0.001,-0.070,-0.050,0.000,0.00,-1.23,0.00,-0.00,0.003,-22.736,22.736
2303,-0.020,-0.070,0.001,-0.070,-0.050,0.000,0.00,0.27,0.00,0.00,0.004,-2.511,2.511
2313,-0.020,-0.070,-0.002,-0.050,-0.030,-0.001,0.00,0.00,0.00,0.00,0.002,-20.539,20.539
2323,-0.030,-0.080,-0.003,-0.050,-0.040,-0.001,0.00,0.00,0.00,0.00,0.004,-86.162,86.162
2333,-0.030,-0.080,-0.003,-0.050,-0.040,-0.001,0.00,0.00,0.00,0.00,0.003,-227.834,227.834
2344,0.000,-0.080,0.001,-0.040,-0.040,-0.002,-0.25,0.00,-0.00,0.00,0.003,-329.006,329.006
2354,-0.040,-0.070,0.000,-0.040,-0.050,-0.001,-1.03,0.00,-0.01,0.00,0.003,-292.883,292.883
2364,0.000,-0.040,0.000,-0.050,-0.060,-0.001,-1.23,0.21,-0.03,0.00,0.004,-283.488,283.488
2374,0.000,-0.040,0.000,-0.050,-0.060,-0.003,1.78,-0.21,-0.01,0.00,0.003,-279.163,279.163
2385,-0.020,-0.080,-0.002,-0.030,-0.050,-0.001,0.68,0.00,0.00,0.00,0.003,-279.163,279.163
2395,0.000,-0.070,0.000,-0.050,-0.060,0.000,-0.75,0.00,-0.01,0.00,0.003,-283.488,283.488
2405,-0.020,-0.070,0.000,-0.050,-0.060,0.000,1.23,0.00,0.00,0.00,0.002,-281.326,281.326
2415,-0.020,-0.070,0.000,-0.050,-0.040,0.002,-0.75,0.00,-0.00,0.00,0.003,-321.774,321.774
2425,0.000,-0.090,0.000,-0.040,-0.040,0.002,0.00,0.21,-0.00,0.00,0.003,-303.730,303.730
2435,-0.020,-0.050,0.000,-0.040,-0.040,0.002,0.48,-0.21,0.00,0.00,0.003,-249.562,249.562
2446,-0.020,-0.050,0.003,-0.050,-0.030,0.000,-0.44,0.19,-0.00,0.00,0.002,-351.410,351.410
2456,-0.010,-0.060,0.001,-0.040,-0.050,0.002,0.00,-0.21,-0.00,0.00,0.002,-351.410,351.410
2466,0.000,-0.070,-0.001,-0.040,-0.050,0.002,0.00,0.21,-0.00,0.00,0.002,-529.238,529.238
2478,-0.030,-0.060,-0.001,-0.040,-0.050,0.000,-1.48,1.25,-0.02,0.02,0.003,-636.864,636.864
2489,-0.030,-0.060,0.001,-0.040,-0.050,0.001,-4.29,10.01,-0.07,0.13,0.003,-651.868,651.868
2499,-0.020,-0.080,0.000,-0.060,-0.070,-0.001,-7.80,-8.27,-0.15,0.04,0.003,-631.643,631.643
2509,0.000,-0.110,0.000,-0.060,-0.070,-0.001,2.74,-3.97,-0.12,0.00,0.003,-667.817,667.817
2520,0.000,-0.110,-0.001,-0.060,-0.080,-0.001,4.10,0.44,-0.07,0.01,0.003,-663.526,663.526
2530,-0.010,-0.360,-0.001,0.010,-0.920,0.000,3.28,1.50,-0.04,0.02,0.002,-627.352,627.352
2540,0.000,-0.490,-0.001,-0.240,-0.490,0.000,1.98,-1.78,-0.02,0.01,0.003,-627.352,627.352
2550,0.000,-0.490,0.005,-0.240,-0.490,0.002,-1.71,2.26,-0.04,0.03,0.003,-557.201,557.201
2561,-0.180,-0.620,0.002,-0.130,-0.790,-0.004,-0.25,0.50,-0.04,0.03,0.003,-528.376,528.376
2571,0.040,-0.290,-0.004,0.040,-0.210,-0.004,1.50,0.48,-0.03,0.04,0.003,-503.844,503.844
2581,0.040,-0.290,-0.004,0.040,-0.210,0.000,-1.98,0.48,-0.05,0.04,0.003,-503.844,503.844
2592,-0.060,-0.160,0.005,-0.080,-0.290,0.004,1.55,-0.87,-0.03,0.03,0.003,-501.681,501.681
2602,-0.020,-0.140,0.005,-0.290,-0.440,0.004,0.00,-1.78,-0.03,0.02,0.002,-451.788,451.788
2613,-0.020,-0.140,-0.004,-0.290,-0.440,-0.005,-0.87,1.62,-0.04,0.03,0.002,-427.238,427.238
2624,-0.330,-0.250,0.005,-0.110,-0.220,0.000,-1.37,-1.18,-0.05,0.02,0.002,-427.238,427.238
2634,0.060,0.050,-0.010,-0.270,0.150,-0.005,-1.30,0.75,-0.07,0.03,0.002,-422.930,422.930
2644,0.060,0.050,-0.010,-0.270,0.150,-0.005,3.56,2.53,-0.03,0.05,0.002,-493.064,493.064
2655,-0.170,-0.060,-0.003,-0.160,-0.120,-0.004,1.37,-1.37,-0.02,0.04,0.001,-501.681,501.681
2665,-0.230,0.100,-0.003,-0.070,0.010,0.001,0.21,-0.48,-0.01,0.03,0.001,-501.681,501.681
2675,0.060,-0.110,-0.003,-0.070,0.010,0.001,-4.72,-1.50,-0.06,0.02,0.001,-519.759,519.759
2686,0.060,-0.110,-0.002,0.000,-0.050,0.007,-1.87,0.87,-0.08,0.03,0.003,-503.844,503.844
2696,-0.050,0.110,0.002,0.060,0.140,0.003,5.54,2.26,-0.03,0.05,0.003,-501.681,501.681
2706,-0.050,0.070,0.002,0.060,0.140,0.003,-2.26,-3.01,-0.05,0.02,0.005,-501.681,501.681
2717,-0.050,0.070,0.002,-0.300,-0.110,0.003,1.37,2.30,-0.03,0.05,0.003,-524.068,524.068
2727,0.180,-0.100,-0.007,0.050,-0.120,-0.003,0.00,1.23,-0.03,0.06,0.002,-528.376,528.376
2737,-0.320,-0.080,-0.007,0.050,-0.120,-0.003,-3.01,-2.26,-0.06,0.04,0.002,-487.928,487.928
2748,-0.320,-0.080,0.010,0.370,-0.040,-0.007,2.49,-1.12,-0.04,0.02,0.004,-542.146,542.146
2758,0.290,-0.280,0.001,0.030,-0.020,0.003,-2.26,-0.48,-0.06,0.02,0.002,-510.298,510.298
2768,-0.560,-0.110,0.001,0.130,-0.170,0.003,1.50,2.26,-0.04,0.04,0.002,-472.012,472.012
2779,-0.560,-0.110,0.012,0.130,-0.170,-0.002,0.00,-1.37,-0.04,0.03,0.002,-411.339,411.339
2790,0.190,0.060,0.008,-0.040,0.050,0.007,3.23,2.92,-0.01,0.06,0.002,-501.681,501.681
2800,0.300,0.090,-0.003,0.180,-0.200,-0.003,0.75,-0.75,0.00,0.05,0.002,-485.765,485.765
2810,-0.110,0.070,-0.003,0.180,-0.200,-0.003,0.00,-1.71,0.00,0.03,0.003,-521.922,521.922
2821,-0.110,0.070,0.002,0.030,0.040,0.005,0.00,-1.62,0.00,0.02,0.003,-562.371,562.371
2831,0.000,-0.230,0.000,0.010,-0.010,0.002,-0.55,1.50,-0.01,0.03,0.003,-526.214,526.214
2841,-0.220,0.110,0.005,0.060,0.110,0.001,0.55,1.23,0.00,0.04,0.003,-596.399,596.399
2851,0.000,0.270,0.005,0.060,0.110,0.001,-0.55,-2.46,-0.01,0.02,0.003,-643.302,643.302
2861,0.000,0.270,0.003,-0.070,0.270,0.003,-0.21,1.23,-0.01,0.03,0.002,-643.302,643.302
2871,-0.040,-0.060,0.001,-0.040,-0.170,0.004,-1.03,3.28,-0.02,0.06,0.003,-679.475,679.475
2881,-0.060,0.020,0.001,-0.040,-0.170,0.004,-5.74,-3.56,-0.08,0.03,0.003,-651.868,651.868
2892,-0.060,0.020,0.004,-0.050,0.080,0.003,-12.99,0.93,-0.22,0.04,0.004,-631.643,631.643
2902,0.010,-0.320,0.003,-0.060,-0.240,0.001,4.99,-2.26,-0.17,0.02,0.005,-667.817,667.817
2912,0.000,-0.050,0.003,-0.040,-0.080,0.001,2.53,1.78,-0.14,0.03,0.003,-635.935,635.935
2922,0.000,-0.050,0.002,-0.040,-0.080,-0.001,9.03,0.48,-0.05,0.04,0.003,-683.750,683.750
2932,0.000,-0.090,0.000,-0.430,-0.370,0.002,1.23,-0.48,-0.04,0.03,0.004,-683.750,683.750
2942,-0.260,-0.630,0.000,-0.220,-0.110,0.002,-1.50,3.76,-0.06,0.07,0.004,-818.967,818.967
2954,-0.260,-0.630,-0.011,-0.220,-0.110,-0.012,-1.88,-2.74,-0.08,0.04,0.004,-1003.199,1003.199
2965,-0.070,-0.090,0.005,-0.140,-0.380,0.001,2.74,-0.00,-0.05,0.04,0.006,-1217.353,1217.353
2975,-0.160,-0.640,0.001,0.070,-0.400,-0.002,-1.98,2.53,-0.07,0.06,0.006,-1399.507,1399.507
2985,-0.200,-0.550,0.001,-0.020,-0.460,-0.002,-2.26,3.49,-0.09,0.10,0.006,-1363.215,1363.215
2996,-0.200,-0.550,0.003,-0.020,-0.460,0.000,-0.93,-1.62,-0.10,0.08,0.008,-1416.217,1416.217
3006,0.040,-0.830,0.004,-0.050,-0.830,0.004,1.50,-1.23,-0.09,0.07,0.010,-1418.312,1418.312
3016,-0.020,-1.040,0.004,0.180,-0.830,0.004,-1.98,7.25,-0.11,0.14,0.014,-1418.312,1418.312
3027,-0.020,-1.040,-0.002,0.180,-0.830,-0.002,-1.62,-5.66,-0.12,0.08,0.014,-1361.812,1361.812
3037,0.000,-1.120,0.005,-0.020,-1.090,0.000,1.03,7.25,-0.11,0.15,0.020,-1375.768,1375.768
3047,-0.070,-0.970,0.005,-0.140,-1.130,0.000,-3.76,-3.49,-0.15,0.12,0.024,-1285.123,1285.123
3058,-0.070,-0.970,-0.001,-0.140,-1.130,-0.002,2.92,2.92,-0.12,0.15,0.027,-1285.123,1285.123
3069,0.090,-1.110,0.001,-0.250,-1.190,-0.004,-2.92,-1.80,-0.15,0.13,0.027,-1292.759,1292.759
3079,-0.340,-0.710,-0.005,0.090,-0.790,-0.004,-1.78,6.77,-0.17,0.20,0.027,-1292.759,1292.759
3089,0.100,-0.430,-0.005,0.090,-0.790,-0.004,3.28,-8.00,-0.14,0.12,0.027,-1288.569,1288.569
3100,0.100,-0.430,0.004,-0.220,-0.620,0.003,-8.45,8.83,-0.23,0.21,0.029,-1288.569,1288.569
3110,-0.020,-0.930,-0.002,0.110,-0.880,-0.003,9.30,-5.47,-0.14,0.16,0.029,-1381.361,1381.361
3120,-0.200,-0.590,-0.002,0.110,-0.880,-0.003,-8.75,-0.27,-0.22,0.16,0.032,-1296.950,1296.950
3131,-0.200,-0.590,-0.004,0.050,-0.650,-0.009,-0.93,7.96,-0.23,0.24,0.039,-1248.104,1248.104
3141,-0.140,-0.770,0.000,-0.490,-1.170,-0.001,2.53,-0.21,-0.21,0.24,0.047,-1248.104,1248.104
3151,-0.150,-0.800,-0.009,-0.120,-0.800,-0.001,3.97,-7.80,-0.17,0.16,0.047,-1318.542,1318.542
3162,-0.150,-0.800,-0.009,-0.120,-0.800,-0.009,-4.97,0.50,-0.22,0.17,0.053,-1399.507,1399.507
3173,0.290,-0.690,-0.002,0.050,-0.620,0.001,-3.42,1.31,-0.26,0.18,0.057,-1303.252,1303.252
3183,-0.020,-0.710,-0.009,-0.350,-0.920,0.001,-4.31,6.02,-0.30,0.24,0.062,-1303.252,1303.252
3193,-0.020,-0.710,-0.009,-0.350,-0.920,-0.010,1.50,6.02,-0.29,0.30,0.059,-1274.630,1274.630
3204,-0.430,-0.900,-0.011,-0.450,-0.750,-0.012,4.35,2.30,-0.24,0.33,0.061,-1260.708,1260.708
3214,0.140,-0.520,-0.026,-0.410,-0.640,-0.026,-1.78,2.53,-0.26,0.36,0.060,-1200.035,1200.035
3224,0.140,-0.520,-0.026,-0.410,-0.640,-0.026,2.53,-5.81,-0.23,0.30,0.060,-1345.069,1345.069
3235,-0.110,-0.220,-0.026,-0.130,-0.660,-0.025,-6.15,7.27,-0.30,0.38,0.061,-1278.820,1278.820
3245,0.130,-0.730,-0.034,-0.330,-0.840,-0.031,0.75,-1.71,-0.29,0.36,0.060,-1290.664,1290.664
3255,0.290,-0.260,-0.034,0.060,-0.620,-0.031,-3.01,2.46,-0.32,0.39,0.060,-1290.664,1290.664
3266,0.290,-0.260,-0.046,0.060,-0.620,-0.056,-2.30,-1.55,-0.35,0.37,0.059,-1272.535,1272.535
3277,0.000,-0.340,-0.056,0.260,-0.690,-0.060,-4.29,-2.30,-0.40,0.34,0.058,-1270.440,1270.440
3287,0.360,-0.280,-0.055,-0.320,-0.890,-0.064,4.72,-5.47,-0.35,0.29,0.055,-1276.725,1276.725
3297,0.360,-0.280,-0.055,-0.320,-0.890,-0.064,7.32,-3.28,-0.28,0.26,0.054,-1236.277,1236.277
3308,-0.120,-0.300,-0.070,-0.020,-0.510,-0.071,-2.55,12.99,-0.30,0.40,0.050,-1218.147,1218.147
3318,-0.130,-0.560,-0.070,-0.100,-0.790,-0.071,-3.49,3.49,-0.34,0.43,0.050,-1282.267,1282.267
3328,0.450,-0.630,-0.070,-0.100,-0.790,-0.071,-11.49,-8.48,-0.45,0.35,0.049,-1296.950,1296.950
3339,0.450,-0.630,-0.077,-0.010,-0.770,-0.076,10.88,-6.84,-0.33,0.27,0.049,-1236.277,1236.277
3349,-0.050,-0.750,-0.076,0.460,-0.910,-0.072,3.28,9.23,-0.30,0.37,0.049,-1236.277,1236.277
3359,0.330,-0.300,-0.076,-0.110,-0.640,-0.072,-18.05,10.80,-0.48,0.47,0.050,-1175.604,1175.604
3370,0.330,-0.300,-0.063,-0.110,-0.640,-0.063,10.69,-15.29,-0.36,0.30,0.050,-1221.560,1221.560
3380,0.070,-0.730,-0.062,0.200,-0.970,-0.056,6.02,13.06,-0.30,0.44,0.050,-1221.560,1221.560
3390,-0.190,-0.530,-0.062,-0.280,-0.460,-0.056,-19.76,-1.50,-0.50,0.42,0.050,-1300.413,1300.413
3401,-0.190,-0.530,-0.056,-0.280,-0.460,-0.063,13.68,0.00,-0.35,0.42,0.049,-1439.973,1439.973
3412,-0.090,-0.610,-0.070,0.310,-0.800,-0.061,-10.51,-2.55,-0.47,0.39,0.048,-1345.778,1345.778
3422,0.150,-0.370,-0.060,-0.050,-0.680,-0.061,15.80,6.02,-0.31,0.45,0.048,-1345.778,1345.778
3432,0.150,-0.370,-0.060,-0.050,-0.680,-0.067,-23.05,-11.49,-0.54,0.34,0.048,-1220.259,1220.259
3443,-0.270,-0.560,-0.059,-0.100,-0.730,-0.049,13.68,17.97,-0.39,0.54,0.048,-1245.992,1245.992
3453,-0.150,-0.710,-0.058,0.000,-0.590,-0.055,-11.01,-17.99,-0.50,0.36,0.048,-1179.811,1179.811
3463,0.240,-0.810,-0.058,0.000,-0.590,-0.055,14.22,17.51,-0.36,0.53,0.048,-1179.811,1179.811
3474,0.240,-0.810,-0.062,0.090,-0.930,-0.067,-5.22,2.24,-0.41,0.56,0.048,-1205.526,1205.526
3484,0.120,-0.510,-0.081,-0.030,-0.680,-0.083,-18.26,-15.52,-0.60,0.40,0.049,-1264.138,1264.138
3494,-0.330,-0.380,-0.081,-0.030,-0.680,-0.083,10.74,6.56,-0.49,0.47,0.049,-1304.603,1304.603
3505,-0.330,-0.380,-0.090,-0.260,-0.710,-0.095,4.10,0.87,-0.44,0.48,0.048,-1322.733,1322.733
3515,-0.040,-0.170,-0.104,0.030,-0.650,-0.101,-8.75,13.06,-0.53,0.61,0.050,-1310.889,1310.889
3525,0.060,-0.760,-0.104,0.030,-0.650,-0.101,-2.74,-7.80,-0.56,0.53,0.062,-1288.569,1288.569
3536,0.060,-0.760,-0.105,0.410,-0.500,-0.100,2.74,-3.61,-0.53,0.49,0.087,-1308.794,1308.794
3546,-0.290,-0.090,-0.085,-0.110,-0.570,-0.087,12.99,-4.31,-0.40,0.45,0.087,-1290.664,1290.664
3556,-0.010,-0.170,-0.085,-0.290,-0.670,-0.087,-5.47,6.02,-0.45,0.51,0.125,-1290.664,1290.664
3568,-0.010,-0.170,-0.075,-0.290,-0.670,-0.076,1.42,6.50,-0.44,0.58,0.157,-1290.664,1290.664
3579,-0.520,-0.920,-0.089,-0.350,-0.740,-0.089,0.93,6.59,-0.43,0.66,0.184,-1324.845,1324.845
3589,-0.920,-0.830,-0.101,-1.020,-0.780,-0.095,-1.03,-3.49,-0.44,0.62,0.209,-1324.845,1324.845
3599,-0.780,-0.610,-0.101,-1.820,-0.820,-0.095,-15.73,-7.04,-0.59,0.55,0.212,-1306.698,1306.698
3610,-0.780,-0.610,-0.159,-1.820,-0.820,-0.202,3.85,8.64,-0.55,0.65,0.252,-1310.889,1310.889
3620,0.070,-0.610,-0.292,-2.170,-0.570,-0.265,-11.01,-3.01,-0.66,0.62,0.294,-1331.130,1331.130
3630,-0.660,-0.280,-0.292,-1.860,-0.640,-0.265,4.99,-3.01,-0.61,0.59,0.294,-1294.854,1294.854
3641,-0.660,-0.280,-0.368,-1.860,-0.640,-0.409,-0.25,3.92,-0.61,0.63,0.297,-1236.277,1236.277
3652,0.320,0.170,-0.492,-1.320,-0.240,-0.462,-7.03,-11.38,-0.69,0.50,0.297,-1227.863,1227.863
3662,-0.690,-0.600,-0.569,-2.060,-0.160,-0.462,3.97,-3.01,-0.65,0.47,0.297,-1288.569,1288.569
3672,-0.690,-0.600,-0.569,-2.060,-0.160,-0.619,5.27,1.23,-0.60,0.49,0.297,-1216.052,1216.052
3683,-1.510,0.610,-0.737,-2.150,0.160,-0.710,-8.21,3.85,-0.69,0.53,0.297,-1159.587,1159.587
3693,-2.270,0.270,-0.701,0.070,-0.470,-0.658,-5.95,3.28,-0.75,0.56,0.297,-1112.819,1112.819
3703,-0.090,-0.650,-0.701,0.070,-0.470,-0.658,16.75,15.25,-0.58,0.71,0.298,-1112.819,1112.819
3714,-0.090,-0.650,-0.583,-0.060,-0.050,-0.588,-17.97,-11.13,-0.78,0.59,0.298,-1142.725,1142.725
3724,-0.480,0.060,-0.601,-1.340,0.370,-0.612,19.76,-7.04,-0.58,0.52,0.297,-1165.061,1165.061
3734,-0.690,0.550,-0.601,-1.340,0.370,-0.612,-3.49,-2.46,-0.62,0.50,0.297,-1165.061,1165.061
3745,-0.690,0.550,-0.632,-0.060,-0.390,-0.636,2.05,14.98,-0.59,0.66,0.297,-1165.061,1165.061
3756,-0.160,0.380,-0.649,-0.720,0.240,-0.656,-21.63,4.79,-0.83,0.71,0.297,-1189.509,1189.509
3766,-0.670,0.200,-0.672,-1.020,-0.020,-0.656,11.49,-17.03,-0.72,0.54,0.297,-1171.380,1171.380
3776,-0.670,0.200,-0.672,-1.020,-0.020,-0.665,17.30,-3.49,-0.54,0.51,0.297,-1207.638,1207.638
3787,-0.870,-0.170,-0.703,0.060,0.090,-0.714,-18.65,19.58,-0.75,0.72,0.297,-1207.638,1207.638
3797,-0.690,-0.350,-0.678,-0.500,-0.150,-0.699,14.02,0.48,-0.61,0.73,0.297,-1207.638,1207.638
3807,-0.190,0.240,-0.678,-0.500,-0.150,-0.699,-11.83,-10.26,-0.73,0.63,0.297,-1187.414,1187.414
3818,-0.190,0.240,-0.679,-0.080,0.420,-0.692,3.92,-6.84,-0.68,0.55,0.297,-1205.526,1205.526
3828,-0.410,0.240,-0.696,-1.200,-0.320,-0.699,3.01,6.50,-0.65,0.62,0.297,-1205.526,1205.526
3838,-1.480,-0.040,-0.696,0.060,0.490,-0.699,-2.05,8.82,-0.67,0.70,0.297,-1225.767,1225.767
3849,-1.480,-0.040,-0.699,0.060,0.490,-0.705,-13.43,-12.12,-0.82,0.57,0.298,-1243.897,1243.897
3860,0.750,0.580,-0.705,-2.020,0.490,-0.700,6.15,16.66,-0.75,0.75,0.297,-1229.975,1229.975
3870,-1.900,-0.140,-0.728,0.480,-0.430,-0.741,10.05,-13.06,-0.65,0.62,0.297,-1229.975,1229.975
3880,-1.900,-0.140,-0.728,0.480,-0.430,-0.741,-18.81,-5.74,-0.84,0.57,0.297,-1243.897,1243.897
3891,-0.450,-0.280,-0.713,0.180,0.210,-0.727,21.39,16.85,-0.61,0.75,0.297,-1284.362,1284.362
3901,-1.360,-0.320,-0.717,-0.620,-0.400,-0.726,-17.51,-20.04,-0.78,0.55,0.297,-1290.664,1290.664
3911,-1.490,-0.080,-0.717,-0.620,-0.400,-0.726,11.49,18.53,-0.67,0.74,0.296,-1290.664,1290.664
3922,-1.490,-0.080,-0.733,-0.360,0.460,-0.734,8.89,-14.55,-0.57,0.58,0.297,-1272.535,1272.535
3932,-1.100,0.670,-0.744,-0.640,-0.130,-0.749,-20.99,7.25,-0.78,0.65,0.297,-1252.294,1252.294
3942,0.030,-0.710,-0.744,-0.640,-0.130,-0.749,6.98,5.27,-0.71,0.70,0.298,-1191.621,1191.621
3953,0.030,-0.710,-0.742,-0.730,-0.200,-0.750,1.12,1.37,-0.70,0.72,0.297,-1282.267,1282.267
3963,-1.760,0.330,-0.730,0.190,-0.500,-0.733,-11.49,4.51,-0.81,0.76,0.297,-1326.940,1326.940
3973,1.040,0.050,-0.730,0.190,-0.500,-0.733,3.49,-2.26,-0.78,0.74,0.297,-1262.803,1262.803
3984,1.040,0.050,-0.748,-2.100,0.250,-0.746,7.77,-12.74,-0.69,0.60,0.296,-1141.474,1141.474
3994,-1.130,-0.030,-0.749,1.400,-0.080,-0.754,-8.75,11.76,-0.78,0.72,0.296,-1268.328,1268.328
4004,-0.050,0.460,-0.763,-2.730,-0.520,-0.779,0.00,3.76,-0.78,0.75,0.264,-1234.182,1234.182
4014,-0.050,0.460,-0.763,-2.730,-0.520,-0.779,-6.77,-6.02,-0.85,0.69,0.203,-1248.104,1248.104
4025,-0.180,-1.270,-0.824,0.420,0.170,-0.810,-3.23,-5.22,-0.88,0.64,0.145,-1248.104,1248.104
4035,-1.860,0.450,-0.835,-0.210,-0.360,-0.844,24.07,15.73,-0.64,0.79,0.145,-1266.233,1266.233
4045,1.160,-0.710,-0.835,-0.210,-0.360,-0.844,-15.52,-11.76,-0.80,0.68,0.079,-1326.940,1326.940
4056,1.160,-0.710,-0.858,-1.340,0.190,-0.865,-7.96,-2.92,-0.88,0.64,0.007,-1363.215,1363.215
4066,-1.180,-0.540,-0.800,4.880,-0.320,-0.774,17.99,20.52,-0.70,0.85,-0.063,-1363.215,1363.215
4076,0.650,-0.700,-0.800,4.880,-0.320,-0.774,-4.72,-13.75,-0.75,0.71,-0.062,-1333.225,1333.225
4087,0.650,-0.700,-0.579,1.850,-0.840,-0.549,-3.85,-5.04,-0.79,0.66,-0.127,-1345.069,1345.069
4098,-0.570,-0.360,-0.449,3.260,-0.680,-0.414,-16.85,2.98,-0.98,0.69,-0.194,-1387.629,1387.629
4109,-0.880,-0.390,-0.312,4.520,-0.370,-0.269,5.91,-1.87,-0.91,0.67,-0.254,-1387.629,1387.629
4119,-0.110,0.000,0.024,3.450,-0.370,-0.109,-1.03,14.57,-0.92,0.81,-0.254,-1373.673,1373.673
4129,-0.160,-0.080,0.024,3.650,0.240,-0.109,4.51,10.26,-0.88,0.92,-0.292,-1546.855,1546.855
4140,-0.160,-0.080,0.223,3.650,0.240,0.285,-4.10,-0.44,-0.92,0.91,-0.296,-1767.515,1767.515
4151,-0.120,-0.100,0.421,5.870,-0.430,0.471,10.51,0.19,-0.81,0.91,-0.296,-1767.515,1767.515
4161,0.510,0.270,0.809,4.440,0.520,0.865,11.49,-10.74,-0.69,0.81,-0.296,-2105.650,2105.650
4171,0.510,0.270,0.809,4.440,0.520,0.865,-19.56,13.27,-0.89,0.94,-0.297,-2322.390,2322.390
4182,1.810,-0.640,0.986,2.250,-0.640,1.028,14.61,-5.04,-0.73,0.88,-0.296,-2486.364,2486.364
4192,1.240,-0.260,1.105,1.730,-0.690,1.107,-12.51,3.01,-0.85,0.91,-0.295,-2486.364,2486.364
4202,0.280,-1.080,1.105,0.790,-1.570,1.107,-5.54,4.03,-0.91,0.95,-0.297,-2470.042,2470.042
4213,0.280,-1.080,1.113,0.790,-1.570,1.128,7.52,-8.21,-0.83,0.86,-0.297,-2462.000,2462.000
4223,0.760,-1.430,1.189,1.680,-1.210,1.165,-2.53,11.49,-0.85,0.98,-0.296,-2462.000,2462.000
4233,0.970,-1.500,1.199,1.880,-1.270,1.201,-13.27,-8.21,-0.98,0.90,-0.295,-2407.359,2407.359
4243,0.970,-1.500,1.199,1.880,-1.270,1.201,1.50,-0.55,-0.97,0.89,-0.297,-2348.697,2348.697
4254,1.600,-1.260,1.174,0.320,-1.100,1.189,-1.80,8.64,-0.99,0.99,-0.297,-2192.985,2192.985
4264,0.410,-1.760,1.159,1.180,-1.170,1.152,-14.77,5.06,-1.14,1.04,-0.296,-2091.880,2091.880
4274,1.280,-0.950,1.159,1.180,-1.170,1.152,-1.78,0.00,-1.16,1.04,-0.296,-2073.700,2073.700
4285,1.280,-0.950,1.147,2.280,-0.340,1.156,-1.55,2.74,-1.17,1.07,-0.297,-1875.614,1875.614
4295,0.300,-1.650,1.210,1.730,-1.090,1.217,-0.55,-9.03,-1.18,0.98,-0.297,-1621.079,1621.079
4305,1.380,-0.920,1.229,1.060,-0.240,1.217,5.06,1.71,-1.13,0.99,-0.296,-1621.079,1621.079
4315,1.380,-0.920,1.229,1.060,-0.240,1.232,-4.03,7.04,-1.17,1.06,-0.296,-1430.832,1430.832
4326,0.910,0.090,1.194,0.970,-1.280,1.212,-3.42,-0.44,-1.20,1.06,-0.297,-1482.550,1482.550
4336,0.810,-0.640,1.235,0.970,-1.450,1.247,4.03,-2.26,-1.16,1.04,-0.296,-1486.706,1486.706
4346,1.500,0.390,1.235,2.150,-0.480,1.247,1.98,7.73,-1.14,1.11,-0.295,-1486.706,1486.706
4357,1.500,0.390,1.261,2.150,-0.480,1.267,-3.42,-1.12,-1.18,1.10,-0.296,-1402.261,1402.261
4368,1.300,0.190,1.276,1.670,0.300,1.286,8.39,-5.04,-1.09,1.05,-0.296,-1389.724,1389.724
4378,1.390,-0.590,1.316,1.050,0.460,1.327,-9.51,7.25,-1.19,1.12,-0.297,-1258.596,1258.596
4388,2.470,0.200,1.316,1.050,0.460,1.327,6.56,-5.20,-1.12,1.07,-0.295,-1258.596,1258.596
4399,2.470,0.200,1.344,-0.300,-0.050,1.344,-2.05,-4.60,-1.14,1.02,-0.297,-1268.328,1268.328
4410,1.820,-0.750,1.307,1.320,-0.380,1.305,-1.87,5.72,-1.16,1.08,-0.296,-1175.604,1175.604
4420,1.760,0.160,1.292,0.660,0.600,1.300,-0.96,2.46,-1.17,1.10,-0.297,-1223.656,1223.656
4430,0.400,0.000,1.292,0.660,0.600,1.300,5.47,-6.50,-1.12,1.04,-0.296,-1223.656,1223.656
4441,0.400,0.000,1.302,2.080,0.790,1.309,-0.19,7.77,-1.12,1.12,-0.297,-1193.716,1193.716
4451,2.510,1.290,1.329,2.640,1.470,1.345,0.96,-5.54,-1.11,1.07,-0.297,-1296.206,1296.206
4461,2.250,1.410,1.351,1.630,0.520,1.352,-3.21,-1.50,-1.14,1.05,-0.297,-1417.653,1417.653
4471,1.820,-0.940,1.338,0.330,0.050,1.352,-2.05,4.03,-1.16,1.09,-0.295,-1145.681,1145.681
4481,1.820,-0.940,1.338,0.330,0.050,1.344,2.26,3.01,-1.14,1.12,-0.297,-1185.302,1185.302
4492,0.200,0.990,1.327,0.550,0.640,1.332,-10.01,3.61,-1.25,1.16,-0.296,-1193.716,1193.716
4502,1.610,-0.650,1.331,1.350,0.030,1.334,2.26,-6.98,-1.23,1.09,-0.297,-1173.492,1173.492
4512,1.610,-0.650,1.331,1.350,0.030,1.334,1.23,6.02,-1.22,1.15,-0.297,-1209.733,1209.733
4523,1.790,0.050,1.320,2.190,-0.770,1.330,14.80,-1.62,-1.05,1.14,-0.296,-1280.172,1280.172
4533,1.960,-0.830,1.357,0.990,1.950,1.367,-3.49,1.23,-1.09,1.15,-0.296,-1294.854,1294.854
4543,2.580,1.540,1.353,2.950,-0.490,1.349,2.53,-0.75,-1.06,1.14,-0.297,-1294.854,1294.854
4553,0.080,0.130,1.353,0.980,-0.720,1.349,-16.82,-2.26,-1.23,1.12,-0.297,-1216.052,1216.052
4564,0.080,0.130,1.343,0.980,-0.720,1.345,13.68,1.62,-1.08,1.14,-0.296,-1179.811,1179.811
4575,0.490,-0.840,1.425,2.210,0.100,1.382,-3.85,-4.79,-1.12,1.08,-0.260,-1022.258,1022.258
4585,4.230,0.000,1.419,2.040,1.250,1.423,-2.26,-3.01,-1.14,1.05,-0.178,-1022.258,1022.258
4595,1.050,0.870,1.379,2.770,-0.010,1.385,5.47,6.77,-1.09,1.12,-0.178,-991.456,991.456
4605,1.840,-0.870,1.379,2.970,0.550,1.385,-3.21,2.53,-1.12,1.15,-0.092,-898.817,898.817
4616,1.840,-0.870,1.375,2.970,0.550,1.380,0.00,-5.22,-1.12,1.09,0.002,-922.268,922.268
4626,3.240,1.090,1.412,0.220,2.130,1.417,-5.54,4.99,-1.18,1.14,0.098,-922.268,922.268
4636,2.560,0.070,1.303,-2.250,-0.640,1.291,-7.25,-1.03,-1.25,1.13,0.091,-926.526,926.526
4646,-0.400,-1.120,1.303,-3.260,-0.500,1.291,1.03,-3.76,-1.24,1.09,0.203,-962.734,962.734
4657,-0.400,-1.120,1.126,-3.260,-0.500,1.115,-5.72,2.49,-1.30,1.12,0.290,-1003.199,1003.199
4668,-0.650,-0.070,0.784,-4.910,-0.410,0.774,2.98,5.72,-1.27,1.18,0.372,-930.767,930.767
4678,0.300,-0.170,0.569,-6.610,-0.050,0.563,-6.77,1.23,-1.34,1.19,0.297,-904.156,904.156
4688,0.530,0.530,0.295,-6.460,-0.030,0.278,1.23,-3.76,-1.33,1.16,0.297,-942.509,942.509
4698,0.530,0.530,0.295,-6.460,-0.030,0.278,24.55,0.75,-1.08,1.16,0.297,-942.509,942.509
4709,-0.460,0.850,-0.309,-7.110,0.120,-0.322,-2.05,-3.17,-1.10,1.13,0.297,-926.526,926.526
4719,-0.360,1.180,-0.591,-5.810,2.050,-0.601,8.00,-3.97,-1.02,1.09,0.297,-940.380,940.380
4729,-2.150,0.870,-0.857,-4.890,-0.290,-0.869,-4.72,4.24,-1.07,1.13,0.297,-942.509,942.509
4739,-1.810,1.030,-0.857,-5.150,-0.490,-0.869,-9.78,3.76,-1.17,1.17,0.297,-942.509,942.509
4750,-1.810,1.030,-1.030,-5.150,-0.490,-1.041,0.25,-8.21,-1.16,1.08,0.297,-976.605,976.605
4761,-1.460,1.270,-1.297,-4.900,0.480,-1.304,3.17,1.12,-1.13,1.09,0.297,-1073.570,1073.570
4772,-2.790,-0.270,-1.470,-4.260,-0.180,-1.480,-2.05,4.35,-1.15,1.14,0.297,-1122.484,1122.484
4783,-1.820,0.070,-1.624,-1.410,0.970,-1.633,-6.40,-4.10,-1.22,1.09,0.298,-1183.190,1183.190
4793,-0.940,-0.370,-1.672,-1.960,1.500,-1.658,-8.00,0.48,-1.30,1.10,0.298,-1146.949,1146.949
4803,-3.350,-0.130,-1.656,0.500,0.590,-1.658,2.74,4.51,-1.28,1.14,0.297,-1183.190,1183.190
4813,-3.350,-0.130,-1.656,0.500,0.590,-1.594,4.79,4.79,-1.23,1.19,0.297,-1175.604,1175.604
4824,-3.930,0.070,-1.587,1.280,-0.170,-1.433,0.93,-10.69,-1.22,1.07,0.297,-1175.604,1175.604
4834,-1.110,-0.560,-1.289,-0.620,1.150,-1.258,-10.26,0.96,-1.32,1.08,0.297,-1117.026,1117.026
4844,-0.170,-1.400,-1.255,-0.860,-0.950,-1.296,3.76,-1.23,-1.28,1.07,0.297,-1162.966,1162.966
4854,-1.050,0.000,-1.255,-3.120,0.670,-1.296,-0.27,3.76,-1.28,1.11,0.297,-1149.044,1149.044
4865,-1.050,0.000,-1.291,-3.120,0.670,-1.355,11.81,-0.25,-1.16,1.11,0.297,-1149.044,1149.044
4875,-0.440,0.890,-1.383,-2.570,0.080,-1.387,-15.73,7.25,-1.31,1.18,0.297,-1112.819,1112.819
4885,-2.010,0.960,-1.409,-0.580,0.370,-1.413,-2.26,-0.48,-1.33,1.17,0.297,-1181.095,1181.095
4895,-2.810,0.850,-1.409,-0.970,0.260,-1.366,4.72,-3.01,-1.29,1.14,0.298,-1221.560,1221.560
4905,-2.810,0.850,-1.409,-0.970,0.260,-1.366,-1.50,2.53,-1.30,1.17,0.298,-1112.819,1112.819
4916,-2.510,-0.320,-1.355,-1.820,-0.020,-1.314,6.40,-2.55,-1.23,1.14,0.296,-1092.578,1092.578
4926,-2.100,0.160,-1.331,-1.750,0.780,-1.362,-0.55,-3.01,-1.24,1.11,0.296,-1076.578,1076.578
4936,-0.830,1.030,-1.351,-2.150,-0.470,-1.373,-1.23,3.56,-1.25,1.15,0.297,-1076.578,1076.578
4946,-2.010,0.450,-1.351,-2.150,-0.470,-1.373,-1.23,3.01,-1.26,1.18,0.297,-1106.483,1106.483
4957,-2.010,0.450,-1.358,-2.000,0.520,-1.363,4.10,-2.30,-1.22,1.15,0.297,-1092.578,1092.578
4967,-1.000,-0.110,-1.324,-0.880,0.630,-1.284,-5.06,-5.27,-1.27,1.10,0.296,-1056.353,1056.353
4977,-1.060,0.670,-1.273,-1.480,-0.230,-1.252,-7.25,3.76,-1.34,1.14,0.297,-1056.353,1056.353
4987,-0.510,-0.240,-1.242,-0.590,0.970,-1.252,-1.71,4.51,-1.36,1.18,0.297,-1090.466,1090.466
4998,-0.510,-0.240,-1.242,-0.590,0.970,-1.258,14.55,-0.68,-1.20,1.17,0.297,-977.585,977.585
5009,-1.310,-0.420,-1.276,-1.280,-0.060,-1.316,-3.17,-2.98,-1.23,1.14,0.297,-969.103,969.103
5019,-1.770,0.230,-1.305,-2.640,-0.470,-1.349,-2.53,2.80,-1.26,1.17,0.292,-969.103,969.103
5029,-1.000,0.030,-1.344,-2.620,1.860,-1.390,-3.97,-0.27,-1.30,1.17,0.292,-874.335,874.335
5039,-1.000,0.030,-1.344,-2.620,1.860,-1.390,0.21,-7.73,-1.30,1.09,0.227,-827.500,827.500
5050,-1.550,-0.290,-1.397,-0.780,0.280,-1.385,4.35,2.49,-1.25,1.12,0.105,-807.275,807.275
5060,-1.950,0.910,-1.375,-0.700,0.350,-1.340,-6.50,0.21,-1.31,1.12,-0.023,-807.275,807.275
5070,-1.620,2.280,-1.318,-1.270,-0.400,-1.293,5.95,-4.72,-1.25,1.07,-0.011,-768.956,768.956
5080,-1.170,-0.610,-1.318,-1.350,0.090,-1.293,2.26,6.02,-1.23,1.13,-0.110,-816.838,816.838
5091,-1.170,-0.610,-1.282,-1.350,0.090,-1.309,6.40,-2.74,-1.16,1.10,-0.218,-918.027,918.027
5101,-2.220,-0.970,-1.262,3.440,-0.120,-1.119,-4.03,1.71,-1.20,1.12,-0.218,-845.595,845.595
5111,-1.520,0.960,-1.078,6.610,0.430,-0.825,3.76,2.80,-1.16,1.15,-0.288,-773.213,773.213
5121,0.230,0.040,-0.781,6.620,-0.190,-0.515,-4.51,1.50,-1.21,1.16,-0.296,-748.714,748.714
5131,0.230,0.040,-0.781,6.620,-0.190,-0.515,-4.99,-1.30,-1.26,1.15,-0.296,-748.714,748.714
5142,0.570,0.570,-0.176,7.670,0.670,0.080,5.72,0.50,-1.19,1.15,-0.297,-710.412,710.412
5152,-0.430,0.870,0.133,7.520,1.460,0.389,-0.75,-5.27,-1.20,1.10,-0.297,-649.722,649.722
5162,1.810,0.720,0.437,5.930,0.970,0.667,8.00,-3.76,-1.12,1.06,-0.296,-568.825,568.825
5172,1.280,1.200,0.437,5.930,0.970,0.667,1.23,6.50,-1.11,1.13,-0.296,-659.234,659.234
5182,1.280,1.200,0.930,5.740,1.640,1.071,11.76,-11.76,-0.99,1.01,-0.297,-536.976,536.976
5193,-0.110,0.870,1.115,6.200,1.590,1.304,-8.21,4.10,-1.08,1.06,-0.297,-429.401,429.401
5204,2.720,0.530,1.345,6.290,1.280,1.539,-4.72,-1.37,-1.13,1.04,-0.296,-308.055,308.055
5215,2.810,0.870,1.555,4.770,0.860,1.680,2.74,-5.91,-1.10,0.98,-0.294,-326.117,326.117
5226,2.320,0.730,1.687,2.620,1.620,1.751,6.59,-3.23,-1.03,0.94,-0.296,-211.276,211.276
5236,3.190,0.940,1.780,1.410,1.790,1.721,0.21,6.02,-1.03,1.00,-0.297,-110.171,110.171
5246,3.220,0.790,1.688,1.340,0.910,1.576,-7.45,1.03,-1.10,1.01,-0.297,-9.067,9.067
5256,1.400,1.100,1.546,0.300,1.280,1.576,2.19,1.98,-1.08,1.03,-0.296,-99.274,99.274
5266,1.400,1.100,1.546,0.300,1.280,1.484,8.55,-12.99,-1.00,0.90,-0.296,-191.710,191.710
5277,3.700,0.960,1.464,2.710,1.540,1.426,-2.05,8.21,-1.02,0.99,-0.297,-198.232,198.232
5287,1.320,1.000,1.422,0.650,1.340,1.446,1.78,3.76,-1.00,1.03,-0.296,-198.232,198.232
5297,2.490,0.800,1.439,1.110,1.560,1.433,-5.54,-0.75,-1.06,1.02,-0.296,-216.294,216.294
5307,2.330,1.370,1.439,1.290,1.560,1.433,-3.76,-5.81,-1.09,0.96,-0.297,-292.883,292.883
5318,2.330,1.370,1.424,1.290,1.560,1.406,-0.68,3.23,-1.10,1.00,-0.297,-317.449,317.449
5328,2.030,0.940,1.385,0.810,1.640,1.369,12.04,-1.03,-0.98,0.99,-0.297,-317.449,317.449
5338,2.200,2.060,1.365,1.570,1.960,1.357,3.01,-6.77,-0.95,0.92,-0.297,-391.892,391.892
5348,2.290,0.490,1.352,1.240,0.930,1.362,-4.03,8.00,-0.99,1.00,-0.296,-513.305,513.305
5358,2.290,0.490,1.352,1.240,0.930,1.362,3.76,-9.51,-0.95,0.91,-0.297,-634.719,634.719
5368,0.610,0.950,1.362,0.880,1.310,1.371,1.03,16.07,-0.94,1.07,-0.296,-598.545,598.545
5378,0.820,1.150,1.338,1.110,1.860,1.322,-11.56,-0.27,-1.06,1.06,-0.297,-627.352,627.352
5388,1.920,0.530,1.316,2.300,0.970,1.308,10.05,-5.54,-0.96,1.01,-0.296,-611.419,611.419
5398,0.430,1.240,1.306,-0.490,0.870,1.312,3.01,5.06,-0.93,1.06,-0.296,-611.419,611.419
5408,0.430,1.240,1.306,-0.490,0.870,1.312,-12.31,-10.05,-1.05,0.96,-0.296,-772.098,772.098
5419,1.710,0.380,1.308,1.720,1.740,1.303,10.94,4.35,-0.93,1.01,-0.297,-678.512,678.512
5429,1.540,0.840,1.283,0.370,0.760,1.284,-2.26,0.96,-0.95,1.02,-0.296,-595.486,595.486
5439,0.870,0.170,1.282,1.950,0.800,1.292,2.80,-1.71,-0.93,1.00,-0.295,-595.486,595.486
5449,0.970,0.930,1.294,1.250,0.110,1.302,4.99,-5.54,-0.88,0.94,-0.296,-627.352,627.352
5459,2.360,-0.410,1.294,1.620,0.690,1.302,0.96,7.25,-0.87,1.02,-0.296,-643.302,643.302
5469,2.360,-0.410,1.279,1.620,0.690,1.292,-12.24,-2.46,-0.99,0.99,-0.240,-724.216,724.216
5479,2.310,1.100,1.241,0.560,0.540,1.248,1.98,-7.52,-0.97,0.92,-0.240,-651.868,651.868
5489,0.650,1.310,1.229,1.560,0.860,1.235,3.76,-6.02,-0.93,0.86,-0.147,-708.266,708.266
5499,1.130,-0.050,1.245,0.470,0.960,1.243,-13.75,1.50,-1.07,0.87,-0.032,-732.765,732.765
5509,0.420,0.700,1.229,0.760,1.210,1.246,8.27,12.24,-0.99,0.99,0.086,-732.765,732.765
5519,0.420,0.700,1.229,0.760,1.210,1.246,9.23,-7.25,-0.89,0.92,0.096,-752.989,752.989
5529,2.920,0.010,1.128,-3.350,0.580,1.169,-17.30,-5.74,-1.07,0.86,0.193,-750.860,750.860
5539,0.010,-0.020,0.844,-3.540,-0.810,0.886,11.56,8.27,-0.95,0.95,0.279,-750.860,750.860
5549,0.280,0.230,0.668,-4.130,-0.270,0.737,-6.29,3.76,-1.01,0.98,0.279,-714.686,714.686
5559,-0.280,-0.340,0.439,-5.120,0.390,0.524,3.28,0.75,-0.98,0.99,0.296,-656.159,656.159
5569,1.380,0.800,0.439,-6.820,-0.010,0.524,-7.04,-8.00,-1.05,0.91,0.296,-627.352,627.352
5580,1.380,0.800,0.184,-6.820,-0.010,0.270,17.78,4.97,-0.86,0.97,0.297,-627.352,627.352
5590,-0.980,0.660,-0.309,-4.800,0.620,-0.219,-1.98,-8.48,-0.88,0.88,0.297,-609.273,609.273
5600,0.250,0.820,-0.578,-4.630,0.830,-0.482,12.79,-2.80,-0.75,0.85,0.297,-627.352,627.352
5610,-2.470,0.240,-0.808,-5.580,1.000,-0.744,-5.81,-1.71,-0.81,0.84,0.297,-627.352,627.352
5620,-1.240,0.770,-0.930,-3.480,0.560,-0.744,3.56,8.21,-0.77,0.92,0.297,-609.273,609.273
5631,-1.240,0.770,-0.930,-3.480,0.560,-0.894,-14.61,2.98,-0.93,0.95,0.297,-573.116,573.116
5642,-0.580,1.230,-1.279,-5.770,1.100,-1.216,1.80,-6.15,-0.91,0.88,0.297,-548.601,548.601
5652,-2.310,0.920,-1.388,-2.940,0.920,-1.370,-2.19,4.51,-0.93,0.93,0.297,-568.825,568.825
5662,-1.720,0.460,-1.382,-0.840,0.540,-1.395,-4.51,1.23,-0.98,0.94,0.297,-532.685,532.685
5672,-1.230,0.410,-1.350,-0.700,0.510,-1.366,-8.27,2.26,-1.06,0.96,0.297,-532.685,532.685
5682,-0.650,0.760,-1.350,-0.700,0.510,-1.366,8.27,-6.22,-0.98,0.90,0.297,-555.055,555.055
5693,-0.650,0.760,-1.324,0.080,1.530,-1.340,-6.65,2.92,-1.05,0.93,0.297,-555.055,555.055
5703,-3.080,-0.370,-1.224,1.860,-0.190,-1.236,6.77,2.80,-0.98,0.96,0.297,-584.758,584.758
5713,-1.490,1.690,-1.121,-1.200,2.370,-1.181,11.56,-17.78,-0.87,0.78,0.297,-568.825,568.825
5723,-0.950,1.170,-1.016,1.280,1.050,-1.052,-4.79,-0.00,-0.92,0.78,0.297,-613.565,613.565
5733,-1.030,0.910,-0.964,-0.750,1.030,-1.052,-4.99,0.48,-0.97,0.79,0.297,-613.565,613.565
5743,-1.030,0.910,-0.964,-0.750,1.030,-0.986,10.74,6.02,-0.86,0.85,0.297,-597.632,597.632
5754,-0.940,0.780,-0.952,-0.800,0.950,-0.954,-14.80,-6.84,-1.02,0.77,0.297,-629.498,629.498
5764,0.250,0.820,-0.978,-1.180,1.310,-0.968,8.27,-1.98,-0.94,0.75,0.297,-669.946,669.946
5774,-0.730,0.510,-1.026,-0.410,0.660,-1.011,3.49,1.71,-0.90,0.77,0.297,-579.571,579.571
5784,-0.990,0.310,-1.053,-1.200,0.320,-1.049,0.55,-0.96,-0.90,0.76,0.297,-586.903,586.903
5794,-0.050,0.410,-1.053,-1.200,0.320,-1.049,2.46,-1.30,-0.87,0.75,0.297,-532.685,532.685
5805,-0.050,0.410,-1.053,-0.390,1.160,-1.048,-14.55,-3.36,-1.03,0.71,0.297,-532.685,532.685
5815,-1.150,-0.170,-0.996,-1.120,0.960,-1.017,11.28,5.47,-0.92,0.77,0.297,-532.685,532.685
5825,-1.870,1.420,-0.974,0.160,0.460,-0.986,14.77,-2.74,-0.77,0.74,0.297,-417.810,417.810
5835,-0.080,1.030,-0.960,-1.270,1.130,-0.975,-22.02,8.00,-0.99,0.82,0.296,-314.560,314.560
5845,-1.120,0.670,-0.960,-0.510,1.700,-0.975,3.21,6.50,-0.96,0.88,0.297,-314.560,314.560
5856,-1.120,0.670,-0.952,-0.510,1.700,-0.955,4.35,-11.13,-0.91,0.76,0.233,-109.580,109.580
5867,-0.340,0.090,-0.940,-1.490,1.900,-0.964,9.57,4.54,-0.81,0.81,0.111,-85.588,85.588
5877,-1.740,1.740,-0.930,-1.470,1.230,-0.939,-7.80,-11.01,-0.89,0.70,-0.002,22.613,-22.613
5887,0.000,1.140,-0.940,-1.270,1.430,-0.934,1.50,6.98,-0.87,0.77,-0.113,22.613,-22.613
5897,-0.730,0.790,-0.909,2.920,0.320,-0.944,7.80,-22.98,-0.79,0.54,-0.077,37.954,-37.954
5907,0.800,0.220,-0.909,2.920,0.320,-0.944,7.25,6.22,-0.72,0.60,-0.127,-74.673,74.673
5917,0.800,0.220,-0.640,2.570,0.330,-0.713,-2.53,17.51,-0.75,0.78,-0.160,-74.673,74.673
5928,1.420,0.240,-0.488,4.710,0.540,-0.565,8.45,7.09,-0.65,0.86,-0.160,-49.515,49.515
5938,0.360,0.520,-0.306,5.540,0.980,-0.404,-10.80,-21.54,-0.76,0.64,-0.172,26.989,-26.989
5948,-0.050,1.400,-0.072,6.450,1.820,-0.194,10.05,19.76,-0.66,0.84,-0.174,31.382,-31.382
5958,0.960,1.350,0.176,5.760,1.210,0.046,-0.27,-14.77,-0.66,0.69,-0.176,31.382,-31.382
5968,0.960,1.350,0.176,5.760,1.210,0.046,-7.52,9.03,-0.74,0.78,-0.167,-16.163,16.163
5978,-0.050,1.180,0.607,2.380,1.140,0.515,-6.98,-18.53,-0.81,0.60,-0.144,99.083,-99.083
5989,2.670,1.120,0.711,2.110,1.550,0.669,10.69,1.37,-0.69,0.61,-0.120,240.569,-240.569
6000,0.500,1.320,0.709,0.430,1.000,0.717,3.42,15.04,-0.65,0.78,-0.094,869.278,-869.278
6010,2.000,1.270,0.668,-0.820,1.560,0.636,-20.58,-18.05,-0.86,0.60,-0.096,1912.375,-1912.375
6020,-0.490,1.000,0.552,0.390,0.760,0.576,26.81,4.24,-0.59,0.64,-0.078,3010.872,-3010.872
6030,1.640,0.680,0.493,-1.950,0.530,0.576,19.83,-3.97,-0.39,0.60,-0.061,4158.909,-4158.909
6040,1.640,0.680,0.493,-1.950,0.530,0.529,-13.54,-21.54,-0.53,0.38,-0.061,4035.181,-4035.181
6051,-0.390,1.670,0.414,-1.030,1.120,0.456,-6.40,-0.50,-0.60,0.38,-0.053,4934.494,-4934.494
6061,0.380,2.650,0.350,-1.310,2.840,0.319,17.30,-22.50,-0.43,0.15,-0.049,5489.892,-5489.892
6071,-0.380,5.260,0.182,-1.440,5.180,0.227,10.53,-26.53,-0.32,-0.11,-0.045,5489.892,-5489.892
6081,0.260,5.070,0.145,-1.040,5.300,0.227,21.54,-12.04,-0.11,-0.23,-0.045,5765.886,-5765.886
6093,0.260,5.070,0.145,-1.040,5.300,0.159,10.60,-23.36,0.02,-0.51,-0.043,5960.795,-5960.795
6104,0.230,5.370,0.123,-0.450,4.980,0.111,12.81,-10.94,0.16,-0.63,-0.041,5767.626,-5767.626
6114,0.410,5.630,0.067,-0.420,5.260,0.077,5.74,-25.58,0.22,-0.89,-0.037,5565.231,-5565.231
6124,-0.310,5.070,0.040,-0.510,4.890,0.053,6.22,-27.01,0.28,-1.16,-0.037,5776.868,-5776.868
6134,0.060,5.790,0.024,-0.470,4.930,0.033,4.03,-17.30,0.32,-1.33,-0.035,5907.996,-5907.996
6144,-0.070,5.270,0.005,-0.480,5.580,0.015,6.02,-16.48,0.38,-1.50,-0.032,5765.023,-5765.023
6154,0.700,5.000,0.005,-0.480,5.580,0.015,-4.79,-20.79,0.34,-1.71,-0.031,5765.023,-5765.023
6165,0.700,5.000,-0.017,-0.350,6.300,-0.010,14.61,-21.88,0.50,-1.95,-0.029,4720.103,-4720.103
6175,-0.080,6.720,-0.050,-0.530,4.110,-0.040,-2.53,4.03,0.47,-1.91,-0.027,3470.506,-3470.506
6185,0.990,5.200,-0.063,-0.440,4.900,-0.059,-5.54,-7.80,0.42,-1.98,-0.027,2210.755,-2210.755
6195,0.170,4.880,-0.073,-0.420,4.720,-0.063,-23.73,-1.50,0.18,-2.00,-0.024,2479.871,-2479.871
6205,0.210,5.840,-0.073,-0.420,4.720,-0.063,-7.04,15.32,0.11,-1.85,-0.025,1554.978,-1554.978
6216,0.210,5.840,-0.095,-0.150,4.770,-0.082,2.05,23.44,0.13,-1.59,-0.023,515.548,-515.548
6226,-0.030,5.240,-0.116,-0.020,4.800,-0.107,6.77,23.80,0.20,-1.35,-0.022,-458.833,458.833
6236,-0.920,3.370,-0.106,0.390,2.460,-0.125,-12.04,35.01,0.08,-1.00,-0.022,174.303,-174.303
6246,0.330,3.300,-0.097,-0.680,3.210,-0.104,5.27,46.84,0.13,-0.53,-0.020,87.189,-87.189
6256,0.150,3.350,-0.097,-0.110,3.440,-0.104,1.23,17.30,0.14,-0.36,-0.019,64.751,-64.751
6267,0.150,3.350,-0.109,-0.110,3.440,-0.099,0.93,11.13,0.15,-0.24,-0.019,64.751,-64.751
6277,0.600,1.930,-0.120,-0.050,2.380,-0.118,-4.24,-7.52,0.11,-0.31,-0.019,175.131,-175.131
6287,-0.840,0.430,-0.095,0.370,0.360,-0.119,8.00,0.55,0.19,-0.31,-0.019,102.564,-102.564
6297,0.180,-0.130,-0.045,0.040,-0.390,-0.078,-2.74,2.46,0.16,-0.28,-0.019,-79.607,79.607
6307,-0.270,-0.130,-0.034,-0.490,-0.460,-0.078,4.99,7.32,0.21,-0.21,-0.019,136.879,-136.879
6317,-0.270,-0.130,-0.034,-0.490,-0.460,-0.039,10.74,5.47,0.32,-0.15,-0.018,145.682,-145.682
6328,-0.020,-0.110,-0.037,0.300,-0.050,-0.043,-0.68,-7.71,0.31,-0.24,-0.016,77.930,-77.930
6338,-0.460,0.180,-0.016,0.380,-0.340,-0.032,-0.48,2.26,0.31,-0.22,-0.014,-43.500,43.500
6348,0.420,0.010,-0.007,-0.170,-0.060,-0.012,-7.80,8.75,0.23,-0.13,-0.014,100.823,-100.823
6358,0.300,-0.200,-0.025,0.130,-0.140,-0.012,-4.51,-8.27,0.18,-0.21,-0.011,89.385,-89.385
6368,-0.330,-0.030,-0.025,0.330,-0.220,-0.012,1.50,9.03,0.20,-0.12,-0.010,30.875,-30.875
6379,-0.330,-0.030,-0.035,0.330,-0.220,-0.032,-0.87,-7.27,0.19,-0.20,-0.008,30.875,-30.875
6390,0.110,0.030,-0.014,-0.060,-0.120,-0.015,3.61,-3.23,0.23,-0.24,-0.008,26.482,-26.482
6400,-0.010,-0.270,-0.026,0.140,-0.320,-0.022,3.76,2.53,0.27,-0.21,-0.006,42.330,-42.330
6410,0.130,-0.250,-0.022,0.380,-0.310,-0.024,-3.97,5.47,0.23,-0.16,-0.004,26.482,-26.482
6420,-0.070,-0.110,-0.022,0.380,-0.310,-0.024,-7.04,-9.71,0.16,-0.25,0.000,26.482,-26.482
6430,-0.070,-0.110,-0.011,0.090,-0.300,-0.013,3.01,-0.55,0.19,-0.26,-0.000,17.730,-17.730
6441,-0.180,-0.160,-0.014,0.070,-0.290,-0.014,9.57,7.96,0.29,-0.17,0.001,40.134,-40.134
6452,0.010,-0.040,-0.009,0.080,-0.200,-0.014,-7.96,1.62,0.21,-0.15,0.001,60.375,-60.375
6463,0.270,-0.030,-0.007,0.050,-0.230,-0.010,-4.10,-4.97,0.16,-0.21,0.000,60.375,-60.375
6473,-0.180,-0.060,-0.011,0.040,-0.130,-0.014,4.51,-1.30,0.21,-0.22,0.000,55.982,-55.982
6483,0.050,-0.140,-0.003,0.050,-0.180,-0.009,-1.50,8.27,0.19,-0.14,0.001,55.982,-55.982
6493,-0.030,-0.050,-0.005,-0.080,-0.190,-0.009,-4.03,-7.52,0.15,-0.21,0.001,76.206,-76.206
6503,-0.030,-0.050,-0.005,-0.080,-0.190,-0.004,6.50,6.02,0.21,-0.15,0.001,22.106,-22.106
6514,-0.030,-0.050,-0.004,0.090,-0.240,-0.005,-3.61,1.62,0.18,-0.14,0.001,35.758,-35.758
6524,0.000,-0.120,-0.005,0.060,-0.130,-0.003,-6.50,-8.00,0.11,-0.22,0.001,8.454,-8.454
6534,0.100,0.020,0.002,0.000,-0.180,0.003,12.24,10.74,0.23,-0.11,0.001,8.454,-8.454
6544,0.200,-0.080,-0.002,-0.060,-0.170,0.003,-11.28,-10.53,0.12,-0.21,0.001,1.882,-1.882
6554,0.200,-0.080,-0.002,-0.060,-0.170,-0.007,7.80,10.80,0.20,-0.11,0.001,35.758,-35.758
6565,-0.070,-0.100,-0.008,0.290,-0.230,-0.008,-8.21,-6.84,0.11,-0.18,0.002,17.730,-17.730
6575,-0.270,-0.130,-0.001,-0.030,-0.300,-0.004,9.51,7.25,0.20,-0.11,0.001,17.730,-17.730
6585,-0.130,-0.180,-0.004,-0.090,-0.260,-0.005,-9.78,-6.50,0.10,-0.17,0.001,51.589,-51.589
6595,0.120,-0.140,0.002,-0.280,-0.250,-0.005,5.54,7.25,0.16,-0.10,0.002,22.106,-22.106
6605,0.120,-0.140,0.002,-0.280,-0.250,0.002,-4.03,-6.50,0.12,-0.17,0.001,1.882,-1.882
6615,-0.060,0.090,0.000,0.210,-0.030,-0.002,3.28,6.02,0.15,-0.11,0.001,55.982,-55.982
6625,0.050,-0.300,0.002,-0.090,-0.140,0.003,-4.24,-4.79,0.11,-0.15,0.001,132.486,-132.486
6635,-0.190,-0.340,-0.002,0.010,-0.350,-0.008,1.50,6.29,0.13,-0.09,0.002,28.678,-28.678
6645,-0.100,0.100,-0.008,0.170,-0.190,-0.008,-2.80,-2.26,0.10,-0.11,0.002,28.678,-28.678
6657,0.040,0.000,-0.008,0.170,-0.190,-0.008,2.34,0.80,0.13,-0.10,0.002,19.909,-19.909
6667,0.040,0.000,-0.001,0.080,-0.020,0.008,-4.31,2.26,0.08,-0.08,0.002,-54.432,54.432
6677,0.000,-0.240,0.007,-0.440,-0.270,0.002,0.55,-6.50,0.09,-0.15,0.002,-97.077,97.077
6687,-0.270,-0.260,-0.011,-0.050,-0.070,-0.015,2.46,9.78,0.11,-0.05,0.002,-97.077,97.077
6697,-0.420,-0.140,-0.005,0.660,-0.490,-0.015,-4.24,-4.79,0.07,-0.10,0.002,8.961,-8.961
6707,-0.420,-0.140,-0.005,0.660,-0.490,-0.001,-0.00,-2.74,0.07,-0.12,0.003,13.337,-13.337
6718,0.130,0.000,0.021,-0.600,-0.150,-0.005,-0.00,7.27,0.07,-0.04,0.002,-4.691,4.691
6728,-0.280,-0.310,-0.004,0.550,-0.380,-0.003,3.76,-4.72,0.11,-0.09,0.000,-4.691,4.691
6738,0.400,0.130,0.015,-0.430,-0.150,0.013,-5.74,3.49,0.05,-0.06,0.002,-2.511,2.511
6748,0.310,-0.240,0.015,-0.430,-0.150,0.013,0.75,-3.28,0.06,-0.09,0.002,26.989,-26.989
6758,0.310,-0.240,-0.003,0.040,-0.120,-0.015,-0.55,6.02,0.05,-0.03,0.002,26.989,-26.989
6768,-0.490,-0.250,0.008,0.470,-0.370,0.010,2.05,-6.22,0.07,-0.09,0.002,31.382,-31.382
6778,0.490,-0.070,0.016,-0.280,-0.150,0.010,-3.01,5.47,0.04,-0.04,0.001,11.157,-11.157
6788,0.000,-0.370,-0.008,0.060,-0.560,-0.013,-0.00,-0.48,0.04,-0.04,0.001,-4.691,4.691
6798,-0.170,0.020,-0.008,0.060,-0.560,-0.013,-1.50,-2.53,0.03,-0.07,0.002,-4.691,4.691
6808,-0.170,0.020,-0.011,0.210,-0.120,0.003,0.96,6.29,0.04,-0.00,0.002,24.809,-24.809
6818,0.030,-0.270,0.004,-0.130,-0.460,0.003,-1.71,-4.03,0.02,-0.04,0.002,-16.163,16.163
6828,0.010,0.100,-0.004,-0.010,-0.070,-0.005,0.75,1.03,0.03,-0.03,0.001,-16.163,16.163
6838,-0.320,-0.610,-0.007,-0.020,-0.160,-0.010,0.21,1.23,0.03,-0.02,0.001,-4.691,4.691
6848,0.060,-0.320,-0.007,-0.020,-0.160,-0.010,-2.94,-0.00,0.00,-0.02,0.002,-24.915,24.915
6859,0.060,-0.320,0.002,-0.150,-0.430,0.003,1.31,-0.87,0.01,-0.03,0.002,-22.736,22.736
6869,0.270,-0.050,-0.010,0.230,-0.320,-0.011,-0.96,3.49,0.00,0.00,0.003,-22.736,22.736
6879,0.200,0.110,0.002,-0.020,-0.150,0.000,-1.03,-0.75,-0.01,-0.00,0.003,-24.915,24.915
6889,0.130,-0.020,0.002,-0.170,-0.040,0.001,0.27,0.27,-0.00,0.00,0.002,-11.263,11.263
6899,-0.260,0.090,0.002,0.160,-0.040,0.001,0.27,0.00,0.00,0.00,0.002,-11.263,11.263
6909,-0.260,0.090,-0.008,0.160,-0.040,-0.008,0.00,0.00,0.00,0.00,0.002,-11.263,11.263
6919,-0.100,0.070,0.002,0.010,0.020,0.000,-0.55,0.00,-0.01,0.00,0.002,-31.471,31.471
6929,-0.060,0.180,-0.003,0.170,0.050,-0.008,0.55,0.00,0.00,0.00,0.001,-31.471,31.471
6939,0.100,0.260,0.002,0.030,0.110,-0.002,0.00,0.00,0.00,0.00,0.000,-31.471,31.471
6949,-0.040,0.290,0.001,0.030,0.130,-0.001,0.00,0.00,0.00,0.00,0.002,-29.291,29.291
6959,0.000,0.290,0.001,0.030,0.130,-0.001,0.00,0.00,0.00,0.00,0.002,-24.915,24.915
6969,0.000,0.290,0.001,0.110,0.160,0.000,-0.27,0.00,-0.00,0.00,0.001,-4.691,4.691
6979,0.000,0.300,0.003,0.010,0.210,-0.001,0.27,0.00,0.00,0.00,0.001,31.382,-31.382
6989,-0.050,0.350,0.002,0.030,0.210,-0.002,0.00,0.00,0.00,0.00,0.001,40.134,-40.134
6999,-0.020,0.350,0.001,0.010,0.210,-0.001,0.00,0.00,0.00,0.00,0.002,40.134,-40.134
7009,0.030,0.390,0.001,0.010,0.210,-0.001,0.00,0.00,0.00,0.00,0.004,40.134,-40.134
7019,0.030,0.390,0.001,0.020,0.240,0.001,0.00,0.00,0.00,0.00,0.002,17.730,-17.730
7029,0.010,0.360,0.001,0.010,0.270,-0.002,0.00,0.00,0.00,0.00,0.002,17.730,-17.730
7039,-0.010,0.380,0.002,0.010,0.290,-0.001,0.00,0.00,0.00,0.00,0.002,-22.736,22.736
7049,0.000,0.400,0.001,0.030,0.300,0.000,0.00,0.00,0.00,0.00,0.002,-4.691,4.691
7059,0.040,0.380,0.001,0.030,0.300,0.000,0.00,0.00,0.00,0.00,0.002,33.561,-33.561
7069,0.040,0.380,0.000,0.000,0.300,-0.001,0.00,0.00,0.00,0.00,0.002,1.882,-1.882
7079,0.020,0.400,0.000,0.000,0.320,0.000,0.00,0.00,0.00,0.00,0.002,1.882,-1.882
7089,-0.030,0.390,-0.001,0.040,0.330,-0.001,0.00,0.00,0.00,0.00,0.002,-36.387,36.387
7099,-0.020,0.390,-0.001,0.040,0.330,-0.001,0.00,0.00,0.00,0.00,0.002,11.157,-11.157
7109,-0.020,0.390,0.000,0.020,0.320,0.000,0.00,0.00,0.00,0.00,0.002,51.589,-51.589
7119,0.000,0.390,0.000,0.030,0.300,-0.002,0.00,0.00,0.00,0.00,0.002,33.561,-33.561
7129,0.000,0.370,0.001,0.010,0.300,0.000,0.00,0.00,0.00,0.00,0.003,13.337,-13.337
7139,0.000,0.350,0.001,0.010,0.300,0.000,0.00,0.00,0.00,0.00,0.002,-0.315,0.315
7149,0.000,0.350,0.001,0.010,0.310,-0.001,0.00,0.00,0.00,0.00,0.000,-0.315,0.315
7159,0.000,0.370,0.000,0.020,0.290,-0.001,0.00,0.00,0.00,0.00,0.002,-18.360,18.360
7169,0.020,0.350,0.001,0.020,0.300,0.000,0.00,0.00,0.00,0.00,0.002,-6.887,6.887
7179,0.000,0.350,-0.001,0.020,0.280,0.000,0.00,0.00,0.00,0.00,0.001,13.337,-13.337
7189,0.000,0.350,-0.001,0.020,0.280,0.002,0.00,0.00,0.00,0.00,0.001,67.437,-67.437
7199,0.010,0.320,-0.001,0.020,0.250,-0.003,0.00,0.00,0.00,0.00,0.003,37.954,-37.954
7209,0.010,0.310,0.001,0.020,0.230,-0.001,0.00,0.00,0.00,0.00,0.001,-4.691,4.691
7219,-0.010,0.300,0.002,0.020,0.210,-0.001,0.00,0.00,0.00,0.00,0.001,-4.691,4.691
7229,-0.010,0.300,0.002,0.020,0.210,-0.003,0.00,0.00,0.00,0.00,0.002,11.157,-11.157
7239,0.000,0.270,0.000,0.010,0.200,-0.003,0.00,0.00,0.00,0.00,0.002,49.410,-49.410
7249,0.000,0.290,0.000,0.030,0.180,-0.003,0.00,-0.27,0.00,-0.00,0.002,89.841,-89.841
7259,0.000,0.280,-0.001,0.000,0.190,-0.003,0.00,0.27,0.00,0.00,0.002,53.786,-53.786
7269,0.010,0.280,-0.001,0.000,0.190,-0.003,0.00,0.00,0.00,0.00,0.002,37.954,-37.954
7279,0.010,0.280,-0.001,0.040,0.190,0.000,0.00,0.00,0.00,0.00,0.002,17.730,-17.730
7289,0.000,0.280,0.000,0.020,0.180,-0.002,0.00,0.00,0.00,0.00,0.002,17.730,-17.730
7299,0.000,0.260,0.001,0.020,0.160,-0.001,0.00,0.00,0.00,0.00,0.002,11.157,-11.157
7309,0.000,0.260,0.001,0.020,0.160,-0.001,0.00,0.00,0.00,0.00,0.002,-9.067,9.067
7319,0.000,0.260,-0.001,0.020,0.180,0.000,0.00,0.00,0.00,0.00,0.001,-9.067,9.067
7329,0.000,0.250,-0.001,0.010,0.150,-0.002,0.00,0.00,0.00,0.00,0.001,8.961,-8.961
7339,0.000,0.230,0.000,0.010,0.160,0.001,0.00,0.00,0.00,0.00,0.003,-9.067,9.067
7349,0.000,0.240,0.001,0.020,0.160,0.001,0.00,0.00,0.00,0.00,0.002,-24.915,24.915
7359,0.000,0.240,0.001,0.020,0.160,-0.001,0.00,0.00,0.00,0.00,0.000,-24.915,24.915
7369,0.000,0.260,0.000,0.010,0.170,0.000,0.00,0.00,0.00,0.00,0.002,13.337,-13.337
7379,0.010,0.250,0.000,0.020,0.160,-0.003,0.00,0.00,0.00,0.00,0.001,13.337,-13.337
7389,0.000,0.250,0.000,0.020,0.170,-0.003,0.00,0.00,0.00,0.00,0.002,13.337,-13.337
7399,0.000,0.250,0.000,0.020,0.170,0.000,0.00,0.00,0.00,0.00,0.002,33.561,-33.561
7409,0.000,0.250,0.000,0.020,0.150,-0.002,0.00,0.00,0.00,0.00,0.002,53.786,-53.786
7419,0.000,0.260,-0.002,0.020,0.160,-0.002,0.00,0.00,0.00,0.00,0.002,55.982,-55.982
7429,-0.010,0.250,0.000,0.000,0.190,-0.002,0.00,0.00,0.00,0.00,0.002,55.982,-55.982
7439,-0.010,0.250,0.000,0.000,0.190,0.000,0.00,0.00,0.00,0.00,0.002,60.375,-60.375
7449,0.000,0.250,0.000,0.010,0.180,-0.001,0.00,0.00,0.00,0.00,0.002,58.178,-58.178
7459,-0.010,0.260,-0.002,0.010,0.170,-0.001,0.00,0.00,0.00,0.00,0.002,58.178,-58.178
7469,0.000,0.250,-0.002,0.020,0.170,-0.001,0.00,0.00,0.00,0.00,0.002,58.178,-58.178
7479,0.000,0.250,0.000,0.020,0.170,-0.004,0.00,0.00,0.00,0.00,0.002,37.954,-37.954
7489,0.000,0.250,-0.002,0.010,0.170,0.001,0.00,-0.27,0.00,-0.00,0.001,55.982,-55.982
7499,-0.010,0.260,-0.001,0.030,0.180,-0.001,0.00,0.27,0.00,0.00,0.001,55.982,-55.982
7509,0.000,0.250,-0.001,0.030,0.180,-0.001,0.00,0.00,0.00,0.00,0.002,58.178,-58.178
7519,0.000,0.250,-0.001,0.020,0.180,-0.002,0.00,0.00,0.00,0.00,0.002,1.882,-1.882
7529,0.000,0.240,0.000,0.010,0.190,0.000,0.00,0.00,0.00,0.00,0.002,1.882,-1.882
7539,0.000,0.240,0.000,0.010,0.190,0.000,0.00,0.00,0.00,0.00,0.002,-18.360,18.360
7549,0.000,0.240,-0.001,0.030,0.170,0.000,0.00,0.00,0.00,0.00,0.002,-24.915,24.915
7559,0.000,0.240,0.000,0.010,0.170,-0.003,0.00,0.00,0.00,0.00,0.002,-2.511,2.511
7569,0.000,0.240,0.000,0.010,0.180,-0.003,0.00,0.00,0.00,0.00,0.005,-2.511,2.511
7579,0.000,0.240,-0.002,0.010,0.180,-0.001,0.00,0.00,0.00,0.00,0.002,13.337,-13.337
7589,0.000,0.220,-0.002,0.000,0.160,0.001,0.00,0.00,0.00,0.00,0.003,-4.691,4.691
7599,0.000,0.230,-0.002,0.020,0.150,0.001,0.00,0.00,0.00,0.00,0.002,-4.691,4.691
7609,0.000,0.230,0.001,0.020,0.150,0.000,0.00,0.00,0.00,0.00,0.002,31.382,-31.382
7619,-0.010,0.230,0.001,0.020,0.180,0.001,0.00,0.00,0.00,0.00,0.001,69.617,-69.617
7629,0.000,0.230,0.001,0.030,0.150,0.001,0.00,0.00,0.00,0.00,0.002,19.909,-19.909
7639,0.000,0.230,0.001,0.030,0.150,0.000,0.00,0.00,0.00,0.00,0.003,19.909,-19.909
7649,0.020,0.230,0.000,0.020,0.180,-0.002,0.00,0.00,0.00,0.00,0.002,-22.736,22.736
7659,0.000,0.220,0.000,0.010,0.140,-0.002,0.00,0.00,0.00,0.00,0.002,11.157,-11.157
7669,0.000,0.220,0.000,0.010,0.140,-0.003,0.00,0.00,0.00,0.00,0.001,11.157,-11.157
7679,0.000,0.210,0.003,0.000,0.160,0.001,0.00,0.00,0.00,0.00,0.001,15.533,-15.533
7689,-0.010,0.220,-0.001,0.020,0.160,0.000,0.00,0.00,0.00,0.00,0.001,11.157,-11.157
7699,-0.010,0.220,-0.001,0.020,0.160,0.000,0.00,0.00,0.00,0.00,0.003,51.589,-51.589
7709,0.000,0.220,0.000,0.020,0.180,-0.001,0.00,0.00,0.00,0.00,0.002,51.589,-51.589
7719,0.010,0.210,-0.002,0.020,0.150,-0.003,0.00,0.00,0.00,0.00,0.001,19.909,-19.909
7729,0.000,0.220,-0.002,0.020,0.150,-0.003,0.00,0.00,0.00,0.00,0.001,33.561,-33.561
7739,0.000,0.220,-0.001,0.030,0.170,0.000,0.00,0.00,0.00,0.00,0.002,33.561,-33.561
7749,-0.010,0.230,0.000,0.010,0.160,0.001,0.00,0.00,0.00,0.00,0.002,33.561,-33.561
7759,0.000,0.230,0.000,0.020,0.160,0.001,0.00,0.00,0.00,0.00,0.002,13.337,-13.337
7769,0.000,0.230,-0.002,0.020,0.160,0.000,0.00,0.00,0.00,0.00,0.002,53.786,-53.786
7779,0.000,0.210,0.000,0.020,0.140,-0.002,0.00,0.00,0.00,0.00,0.002,53.786,-53.786
7789,0.000,0.200,0.000,0.020,0.140,-0.002,0.00,0.00,0.00,0.00,0.002,-18.360,18.360
7799,0.000,0.200,-0.001,0.020,0.140,0.000,0.00,0.00,0.00,0.00,0.002,-4.691,4.691
7809,0.000,0.180,-0.001,0.010,0.130,-0.001,0.00,0.00,0.00,0.00,0.002,-4.691,4.691
7819,0.010,0.190,-0.001,0.020,0.160,-0.001,0.00,0.00,0.00,0.00,0.002,-24.915,24.915
7829,0.010,0.190,-0.001,0.020,0.160,-0.001,0.00,0.00,0.00,0.00,0.002,47.213,-47.213
7839,0.000,0.190,-0.001,0.010,0.160,0.000,0.00,0.00,0.00,0.00,0.002,107.869,-107.869
7849,0.020,0.180,0.000,0.010,0.150,-0.001,0.00,0.00,0.00,0.00,0.002,125.880,-125.880
7859,-0.010,0.200,0.000,0.010,0.150,-0.001,0.00,0.00,0.00,0.00,0.002,60.375,-60.375
7869,-0.010,0.200,0.000,0.020,0.150,0.000,0.00,0.00,0.00,0.00,0.001,53.786,-53.786
7879,-0.020,0.210,0.001,0.020,0.150,0.000,0.00,0.00,0.00,0.00,0.002,53.786,-53.786
7889,0.000,0.200,0.001,0.020,0.150,0.000,0.00,0.00,0.00,0.00,0.002,55.982,-55.982
7899,0.000,0.200,-0.001,0.010,0.150,-0.001,0.00,0.00,0.00,0.00,0.002,17.730,-17.730
7909,0.000,0.190,0.001,0.010,0.150,0.001,0.00,0.00,0.00,0.00,0.002,-2.511,2.511
7919,-0.010,0.200,0.001,0.020,0.160,0.001,0.00,0.00,0.00,0.00,0.001,-128.824,128.824
7929,-0.010,0.200,0.001,0.020,0.160,-0.003,0.00,0.00,0.00,0.00,0.002,-33.667,33.667
7939,0.010,0.210,0.000,0.010,0.150,-0.002,0.00,0.00,0.00,0.00,0.002,-94.898,94.898
7949,0.010,0.190,0.000,0.010,0.150,-0.002,0.00,0.00,0.00,0.00,0.002,-94.898,94.898
7959,0.010,0.190,-0.001,0.010,0.150,0.001,0.00,0.00,0.00,0.00,0.002,-33.667,33.667
7969,-0.010,0.200,-0.001,0.010,0.140,0.001,-0.27,0.00,-0.00,0.00,0.002,-24.915,24.915
7979,0.010,0.190,-0.001,0.020,0.140,0.001,0.27,0.00,0.00,0.00,0.001,-24.915,24.915
7989,0.010,0.190,0.000,0.020,0.140,-0.001,0.00,0.00,0.00,0.00,0.002,11.157,-11.157
7999,0.010,0.180,0.001,0.010,0.150,-0.001,0.00,0.00,0.00,0.00,0.002,33.561,-33.561
8009,0.000,0.190,0.001,0.010,0.140,-0.001,0.00,0.00,0.00,0.00,0.002,13.337,-13.337
8019,0.000,0.190,0.000,0.010,0.140,0.002,-0.27,0.00,-0.00,0.00,0.002,13.337,-13.337
8029,0.000,0.190,-0.001,0.020,0.130,0.000,0.27,0.00,0.00,0.00,0.002,37.954,-37.954
8039,0.000,0.190,-0.001,0.020,0.140,0.000,0.00,0.00,0.00,0.00,0.002,-2.511,2.511
8049,0.000,0.190,0.001,0.020,0.140,-0.001,0.00,0.00,0.00,0.00,0.002,-63.184,63.184
8059,0.000,0.180,0.000,0.010,0.150,0.001,0.00,0.00,0.00,0.00,0.002,-45.139,45.139
8069,0.000,0.190,0.000,0.030,0.150,0.001,0.00,0.00,0.00,0.00,0.001,-49.515,49.515
8079,0.000,0.190,-0.001,0.030,0.150,0.002,0.00,0.00,0.00,0.00,0.002,-63.184,63.184
8089,0.010,0.170,0.000,0.000,0.140,0.003,0.00,0.00,0.00,0.00,0.002,-63.184,63.184
8099,0.010,0.160,0.000,0.010,0.120,0.003,0.00,0.00,0.00,0.00,0.002,-71.919,71.919
8109,0.010,0.160,-0.001,0.010,0.120,0.000,0.00,0.00,0.00,0.00,0.002,-47.319,47.319
8119,0.010,0.180,-0.002,0.030,0.120,0.001,0.00,0.00,0.00,0.00,0.001,-47.319,47.319
8129,0.000,0.190,-0.001,0.010,0.140,0.001,0.00,0.00,0.00,0.00,0.001,-29.291,29.291
8139,0.000,0.190,-0.001,0.010,0.140,0.001,0.00,0.00,0.00,0.00,0.001,-27.112,27.112
8149,0.000,0.180,0.000,0.000,0.150,0.003,0.00,0.00,0.00,0.00,0.002,-29.291,29.291
8159,0.010,0.180,-0.001,0.010,0.140,0.001,0.00,0.00,0.00,0.00,0.002,-29.291,29.291
8169,0.010,0.180,-0.001,0.010,0.140,0.001,0.00,0.00,0.00,0.00,0.002,-27.112,27.112
8179,0.000,0.180,0.000,0.020,0.120,0.001,0.00,0.00,0.00,0.00,0.002,-22.736,22.736
8189,0.000,0.170,-0.001,0.010,0.150,0.002,0.00,0.00,0.00,0.00,0.001,-42.960,42.960
8199,0.000,0.170,-0.001,0.010,0.150,0.002,0.00,0.00,0.00,0.00,0.001,-60.988,60.988
8209,-0.010,0.170,0.001,0.010,0.140,0.000,0.00,0.00,0.00,0.00,0.002,-42.960,42.960
8219,-0.010,0.180,0.000,0.010,0.150,0.000,0.00,0.00,0.00,0.00,0.002,-63.184,63.184
8229,0.000,0.170,0.000,0.010,0.150,0.000,0.00,0.00,0.00,0.00,0.002,-63.184,63.184
8239,0.000,0.170,0.000,0.010,0.140,0.001,0.00,0.00,0.00,0.00,0.002,-67.543,67.543
8249,0.010,0.170,-0.002,0.010,0.140,0.000,0.00,0.00,0.00,0.00,0.002,-29.291,29.291
8259,0.000,0.170,-0.002,0.010,0.140,0.000,0.00,0.00,0.00,0.00,0.002,-29.291,29.291
8269,0.000,0.170,0.001,0.010,0.130,0.002,0.00,0.00,0.00,0.00,0.002,-47.319,47.319
8279,0.010,0.190,0.000,0.000,0.140,0.003,0.00,0.00,0.00,0.00,0.002,-47.319,47.319
8289,0.010,0.190,0.000,0.000,0.140,0.003,0.00,0.00,0.00,0.00,0.002,-29.291,29.291
8299,0.010,0.170,0.000,0.020,0.130,0.001,0.00,0.00,0.00,0.00,0.002,-29.291,29.291
8309,0.000,0.180,0.000,0.000,0.120,0.001,0.00,0.00,0.00,0.00,0.002,-45.139,45.139
8319,0.010,0.150,0.000,0.000,0.120,0.001,0.00,0.00,0.00,0.00,0.002,-11.263,11.263
8329,0.010,0.150,-0.001,0.000,0.140,-0.002,0.00,0.00,0.00,0.00,0.002,8.961,-8.961
8339,0.000,0.160,0.001,0.020,0.130,-0.001,0.00,0.00,0.00,0.00,0.002,-27.112,27.112
8349,-0.010,0.150,0.001,0.020,0.130,-0.001,0.00,0.00,0.00,0.00,0.002,-27.112,27.112
8359,-0.010,0.150,0.001,0.020,0.130,0.001,0.00,0.00,0.00,0.00,0.002,-24.915,24.915
8369,0.000,0.160,-0.001,0.000,0.120,0.003,0.00,0.00,0.00,0.00,0.002,-24.915,24.915
8379,0.000,0.160,-0.001,0.000,0.120,0.003,0.00,0.00,0.00,0.00,0.002,-42.960,42.960
8389,0.000,0.160,-0.001,0.020,0.120,0.001,0.00,0.00,0.00,0.00,0.002,-63.184,63.184
8399,0.000,0.170,0.001,0.010,0.130,-0.001,0.00,0.00,0.00,0.00,0.002,-63.184,63.184
8409,0.000,0.150,0.001,0.010,0.130,-0.001,0.00,0.00,0.00,0.00,0.002,-45.139,45.139
8419,0.000,0.150,-0.002,0.010,0.130,0.000,0.00,0.00,0.00,0.00,0.003,-31.471,31.471
8429,0.020,0.160,0.000,0.010,0.140,0.001,0.00,0.00,0.00,0.00,0.001,-4.691,4.691
8439,-0.010,0.160,0.000,0.010,0.140,0.001,0.00,0.00,0.00,0.00,0.002,-4.691,4.691
8449,-0.010,0.160,-0.001,0.010,0.120,-0.001,0.00,0.00,0.00,0.00,0.002,-0.315,0.315
8459,0.000,0.160,-0.001,0.030,0.130,0.001,0.00,0.00,0.00,0.00,0.002,-0.315,0.315
8469,0.010,0.170,-0.001,0.030,0.130,0.001,-0.27,0.00,-0.00,0.00,0.002,-0.315,0.315
8479,0.010,0.170,-0.001,0.030,0.110,-0.001,0.27,0.00,0.00,0.00,0.002,71.813,-71.813
8489,-0.010,0.170,0.001,0.010,0.160,0.000,0.00,0.00,0.00,0.00,0.002,40.134,-40.134
8499,0.000,0.140,0.001,0.010,0.160,0.000,0.00,0.00,0.00,0.00,0.002,51.589,-51.589
8509,0.000,0.140,-0.002,0.000,0.110,0.001,0.00,0.00,0.00,0.00,0.002,51.589,-51.589
8519,-0.020,0.150,0.002,0.010,0.130,0.000,0.00,0.00,0.00,0.00,0.002,74.010,-74.010
8529,0.020,0.150,0.002,0.010,0.130,0.000,0.00,0.00,0.00,0.00,0.002,71.813,-71.813
8539,0.020,0.150,0.000,0.000,0.150,-0.001,0.00,0.00,0.00,0.00,0.002,92.038,-92.038
8549,0.000,0.170,-0.002,0.020,0.130,-0.001,0.00,0.00,0.00,0.00,0.002,1.882,-1.882
8559,0.000,0.150,-0.002,0.020,0.130,-0.001,0.00,0.00,0.00,0.00,0.002,-6.887,6.887
8569,0.000,0.150,-0.001,0.000,0.140,-0.002,0.00,0.00,0.00,0.00,0.002,11.157,-11.157
8579,0.000,0.150,-0.001,0.010,0.140,0.001,0.00,-0.27,0.00,-0.00,0.001,11.157,-11.157
8589,0.010,0.130,-0.001,0.010,0.140,0.001,0.00,0.27,0.00,0.00,0.002,49.410,-49.410
8599,0.010,0.130,0.000,0.000,0.120,-0.003,0.00,0.00,0.00,0.00,0.002,40.134,-40.134
8609,0.010,0.150,0.000,0.030,0.150,-0.002,0.00,0.00,0.00,0.00,0.001,-0.315,0.315
8619,0.010,0.150,0.000,0.030,0.150,-0.002,0.00,0.00,0.00,0.00,0.001,-0.315,0.315
8629,0.010,0.150,0.001,0.010,0.130,0.000,0.00,0.00,0.00,0.00,0.002,11.157,-11.157
8639,0.000,0.150,-0.002,0.020,0.130,-0.003,0.00,0.00,0.00,0.00,0.001,-2.511,2.511
8649,0.020,0.160,0.000,0.010,0.140,-0.003,0.00,0.00,0.00,0.00,0.000,-2.511,2.511
8659,0.020,0.160,0.000,0.010,0.140,-0.001,0.00,0.00,0.00,0.00,0.002,31.382,-31.382
8669,0.000,0.150,0.000,0.030,0.130,0.000,0.00,0.00,0.00,0.00,0.002,22.106,-22.106
8679,0.010,0.140,0.000,0.010,0.110,0.000,0.00,0.00,0.00,0.00,0.002,-38.584,38.584
8689,0.010,0.140,-0.002,0.010,0.110,0.000,0.00,0.00,0.00,0.00,0.002,-38.584,38.584
8699,-0.010,0.150,-0.001,0.000,0.140,-0.001,0.00,0.00,0.00,0.00,0.001,-79.032,79.032
8709,0.000,0.150,-0.001,0.000,0.140,-0.001,0.00,0.00,0.00,0.00,0.002,26.989,-26.989
8719,0.000,0.150,0.001,0.010,0.150,-0.001,0.00,0.00,0.00,0.00,0.002,26.989,-26.989
8729,-0.010,0.140,-0.001,0.000,0.100,0.000,0.00,0.00,0.00,0.00,0.002,17.730,-17.730
8739,0.010,0.140,-0.001,0.020,0.160,0.000,0.00,0.00,0.00,0.00,0.002,37.954,-37.954
8749,0.010,0.140,-0.001,0.020,0.160,0.001,0.00,0.00,0.00,0.00,0.002,58.178,-58.178
8759,0.000,0.140,-0.001,0.020,0.130,0.000,0.00,0.00,0.00,0.00,0.002,22.106,-22.106
8769,0.000,0.140,0.000,0.020,0.120,0.000,0.00,0.00,0.00,0.00,0.002,1.882,-1.882
8779,0.000,0.140,0.000,0.020,0.120,-0.002,0.00,0.00,0.00,0.00,0.002,33.561,-33.561
8789,-0.010,0.140,-0.001,0.000,0.120,0.000,0.00,0.00,0.00,0.00,0.003,33.561,-33.561
8799,0.000,0.120,0.000,0.000,0.130,0.000,0.00,0.00,0.00,0.00,0.002,53.786,-53.786
8809,0.000,0.120,0.000,0.000,0.130,-0.001,0.00,0.00,0.00,0.00,0.001,76.206,-76.206
8819,0.000,0.140,0.000,0.010,0.130,0.001,0.00,0.00,0.00,0.00,0.002,96.431,-96.431
8829,0.000,0.150,0.000,0.010,0.130,0.001,0.00,0.00,0.00,0.00,0.002,42.330,-42.330
8839,0.000,0.150,0.000,0.010,0.130,0.001,0.00,0.00,0.00,0.00,0.002,42.330,-42.330
8849,-0.010,0.140,-0.001,0.010,0.120,0.003,0.00,0.00,0.00,0.00,0.001,62.554,-62.554
8859,0.000,0.130,0.000,0.000,0.130,0.003,0.00,0.00,0.00,0.00,0.002,62.554,-62.554
8869,0.000,0.130,0.000,0.000,0.130,0.002,0.00,0.00,0.00,0.00,0.002,80.599,-80.599
8879,0.010,0.140,0.000,0.030,0.110,0.000,0.00,0.00,0.00,0.00,0.001,66.947,-66.947
8889,0.000,0.140,-0.001,0.000,0.130,0.000,0.00,0.00,0.00,0.00,0.002,46.723,-46.723
8899,0.000,0.140,-0.001,0.000,0.130,-0.001,0.00,0.00,0.00,0.00,0.002,64.751,-64.751
8909,0.000,0.140,0.000,0.030,0.130,-0.001,0.00,0.00,0.00,0.00,0.002,60.375,-60.375
8919,0.010,0.140,-0.002,0.000,0.140,-0.001,0.00,0.00,0.00,0.00,0.002,58.178,-58.178
8929,0.010,0.140,-0.002,0.000,0.140,0.000,0.00,0.00,0.00,0.00,0.001,58.178,-58.178
8939,0.010,0.140,0.000,0.020,0.160,-0.001,0.00,0.00,0.00,0.00,0.002,60.375,-60.375
8949,0.000,0.130,-0.001,0.000,0.130,-0.001,0.00,0.00,0.00,0.00,0.002,62.554,-62.554
8959,0.000,0.130,-0.001,0.000,0.130,0.000,0.00,0.00,0.00,0.00,0.001,62.554,-62.554
8969,0.000,0.140,0.001,0.010,0.120,-0.001,0.00,0.00,0.00,0.00,0.001,62.554,-62.554
8979,-0.010,0.140,0.000,0.000,0.150,-0.001,0.00,0.00,0.00,0.00,0.002,60.375,-60.375
8989,-0.010,0.140,0.000,0.000,0.150,-0.001,0.00,0.00,0.00,0.00,0.002,58.178,-58.178
8999,0.000,0.140,0.001,0.010,0.130,-0.002,0.00,0.00,0.00,0.00,-0.001,58.178,-58.178
9009,-0.010,0.140,-0.003,0.020,0.130,-0.002,0.00,0.00,0.00,0.00,0.001,80.599,-80.599
9019,-0.010,0.140,-0.003,0.020,0.130,-0.002,0.00,0.00,0.00,0.00,0.001,62.554,-62.554
9029,0.000,0.130,0.002,0.010,0.150,-0.001,0.00,0.00,0.00,0.00,0.002,42.330,-42.330
9039,0.000,0.140,0.001,0.010,0.120,0.000,0.00,0.00,0.00,0.00,0.002,60.375,-60.375
9049,0.000,0.140,0.001,0.010,0.120,0.000,0.00,0.00,0.00,0.00,0.002,42.330,-42.330
9059,0.000,0.140,-0.001,0.010,0.120,0.000,0.00,0.00,0.00,0.00,0.001,46.723,-46.723
9069,0.010,0.150,0.000,0.010,0.140,-0.001,0.00,0.00,0.00,0.00,0.001,46.723,-46.723
9079,0.010,0.150,0.000,0.010,0.140,-0.001,0.00,0.00,0.00,0.00,0.002,48.920,-48.920
9089,-0.010,0.130,0.002,0.010,0.130,-0.001,0.00,0.00,0.00,0.00,0.002,60.375,-60.375
9099,0.000,0.150,0.000,0.010,0.150,0.000,0.00,0.00,0.00,0.00,0.003,60.375,-60.375
9109,0.000,0.140,0.000,0.010,0.150,0.000,0.00,0.00,0.00,0.00,0.003,62.554,-62.554
9119,0.000,0.140,-0.001,0.010,0.130,-0.001,0.00,0.00,0.00,0.00,0.002,48.920,-48.920
9129,0.010,0.130,0.001,0.020,0.130,0.000,0.00,0.00,0.00,0.00,0.002,60.375,-60.375
9139,0.010,0.130,-0.001,0.000,0.130,0.000,0.00,0.00,0.00,0.00,0.003,60.375,-60.375
9149,0.010,0.130,-0.001,0.000,0.130,-0.002,0.00,0.00,0.00,0.00,0.002,62.554,-62.554
9159,-0.010,0.130,-0.001,0.010,0.120,0.001,0.00,0.00,0.00,0.00,0.002,58.178,-58.178
9169,0.000,0.140,0.000,0.000,0.110,0.002,0.00,0.00,0.00,0.00,0.002,58.178,-58.178
9179,0.000,0.140,0.000,0.000,0.110,0.002,0.00,0.00,0.00,0.00,0.002,82.796,-82.796
9189,0.000,0.140,0.001,0.000,0.140,0.001,0.00,0.00,0.00,0.00,0.002,62.554,-62.554
9199,0.020,0.140,0.001,0.010,0.130,-0.002,0.00,0.00,0.00,0.00,0.001,84.992,-84.992
9209,0.000,0.130,0.001,0.010,0.130,-0.002,0.00,0.00,0.00,0.00,0.001,84.992,-84.992
9219,0.000,0.130,0.000,0.010,0.130,0.001,0.00,0.00,0.00,0.00,0.001,87.189,-87.189
9229,0.000,0.140,-0.001,0.020,0.130,-0.002,0.00,0.00,0.00,0.00,0.002,84.992,-84.992
9239,-0.010,0.140,-0.001,0.010,0.120,-0.002,0.00,0.00,0.00,0.00,0.001,84.992,-84.992
9249,-0.010,0.140,-0.001,0.010,0.120,0.002,0.00,-0.27,0.00,-0.00,0.001,84.992,-84.992
9259,0.000,0.130,0.002,0.010,0.120,-0.002,0.00,0.27,0.00,0.00,0.002,64.751,-64.751
9269,0.020,0.140,0.000,0.010,0.130,0.000,0.00,0.00,0.00,0.00,0.002,64.751,-64.751
9279,0.000,0.140,0.000,0.010,0.130,0.000,0.00,0.00,0.00,0.00,0.003,64.751,-64.751
9289,0.000,0.140,-0.002,0.010,0.140,-0.003,0.00,0.00,0.00,0.00,0.002,62.554,-62.554
9299,0.000,0.140,0.000,0.010,0.110,0.000,0.00,0.00,0.00,0.00,0.001,82.796,-82.796
9309,-0.010,0.140,0.000,0.000,0.130,0.000,0.00,0.00,0.00,0.00,0.002,82.796,-82.796
9319,-0.010,0.140,0.001,0.000,0.130,-0.001,0.00,0.00,0.00,0.00,0.002,82.796,-82.796
9329,0.010,0.150,0.001,0.010,0.150,0.001,0.00,0.00,0.00,0.00,0.001,64.751,-64.751
9339,0.020,0.130,0.000,0.030,0.130,0.001,0.00,0.00,0.00,0.00,0.002,62.554,-62.554
9349,-0.010,0.140,0.000,0.030,0.130,0.001,0.00,0.00,0.00,0.00,0.002,62.554,-62.554
9359,-0.010,0.140,0.000,0.020,0.130,0.001,0.00,0.00,0.00,0.00,0.002,78.403,-78.403
9369,0.000,0.120,0.000,0.020,0.130,0.000,0.00,0.00,0.00,0.00,0.002,80.599,-80.599
9379,0.020,0.150,-0.001,0.000,0.120,0.000,0.00,0.00,0.00,0.00,0.002,80.599,-80.599
9389,0.020,0.150,-0.001,0.000,0.120,-0.002,0.00,0.00,0.00,0.00,0.002,78.403,-78.403
9399,0.010,0.140,0.001,0.030,0.140,0.001,0.00,0.00,0.00,0.00,0.001,66.947,-66.947
9409,0.000,0.130,-0.002,0.010,0.140,0.001,0.00,0.00,0.00,0.00,0.002,48.920,-48.920
9419,0.000,0.130,-0.002,0.010,0.140,0.001,0.00,0.00,0.00,0.00,0.002,48.920,-48.920
9429,0.000,0.130,-0.001,0.010,0.130,0.001,0.00,0.00,0.00,0.00,0.002,66.947,-66.947
9439,0.000,0.140,0.000,0.010,0.140,-0.001,0.00,0.00,0.00,0.00,0.002,62.554,-62.554
9449,-0.010,0.140,0.002,0.020,0.130,0.001,0.00,0.00,0.00,0.00,0.001,62.554,-62.554
9459,0.000,0.140,0.002,0.020,0.130,0.001,0.00,0.00,0.00,0.00,0.001,44.527,-44.527
9469,0.000,0.140,0.001,0.000,0.130,0.000,0.00,0.00,0.00,0.00,0.001,44.527,-44.527
9479,0.000,0.150,-0.001,0.020,0.140,-0.001,0.00,0.00,0.00,0.00,0.002,60.375,-60.375
9489,0.000,0.140,0.000,0.010,0.140,-0.001,0.00,0.00,0.00,0.00,0.001,60.375,-60.375
9499,0.010,0.130,0.000,0.030,0.130,-0.001,0.00,0.00,0.00,0.00,0.002,46.723,-46.723
9509,0.010,0.130,0.000,0.030,0.130,-0.001,0.00,0.00,0.00,0.00,0.002,60.375,-60.375
9519,0.010,0.140,0.001,0.010,0.140,0.001,0.00,0.00,0.00,0.00,0.002,60.375,-60.375
9529,0.000,0.140,0.000,0.040,0.130,0.000,0.00,0.00,0.00,0.00,0.002,40.134,-40.134
9539,0.010,0.140,0.001,0.010,0.100,-0.001,0.00,0.00,0.00,0.00,0.002,60.375,-60.375
9549,0.010,0.140,0.001,0.010,0.100,-0.001,0.00,0.00,0.00,0.00,0.002,60.375,-60.375
9559,0.010,0.130,0.000,0.000,0.140,-0.004,0.00,0.00,0.00,0.00,-0.000,60.375,-60.375
9569,-0.010,0.140,0.001,0.000,0.140,0.001,0.00,0.00,0.00,0.00,0.001,46.723,-46.723
9579,-0.010,0.140,0.000,0.020,0.120,-0.001,0.00,0.00,0.00,0.00,0.002,64.751,-64.751
9589,-0.010,0.140,0.000,0.020,0.120,-0.001,0.00,0.00,0.00,0.00,0.001,64.751,-64.751
9599,0.010,0.150,0.001,0.020,0.110,-0.001,0.00,0.00,0.00,0.00,0.001,62.554,-62.554
9609,0.000,0.120,-0.001,0.030,0.130,0.001,0.00,0.00,0.00,0.00,0.002,46.723,-46.723
9619,0.010,0.140,0.001,0.010,0.140,0.000,0.00,0.00,0.00,0.00,0.002,26.482,-26.482
9629,0.000,0.130,0.001,0.010,0.120,0.000,0.00,0.00,0.00,0.00,0.001,44.527,-44.527
9639,0.000,0.130,0.001,0.010,0.120,0.000,0.00,0.00,0.00,0.00,0.001,62.554,-62.554
9649,0.010,0.150,0.001,0.000,0.130,0.000,0.00,0.00,0.00,0.00,0.001,62.554,-62.554
9659,0.000,0.140,0.001,0.010,0.130,0.001,0.00,0.00,0.00,0.00,0.002,62.554,-62.554
9669,0.020,0.130,0.001,0.010,0.140,0.001,0.00,0.00,0.00,0.00,0.002,42.330,-42.330
9679,0.020,0.130,-0.001,0.010,0.140,0.002,0.00,0.00,0.00,0.00,0.002,44.527,-44.527
9689,0.000,0.140,0.001,0.020,0.140,0.001,0.00,0.00,0.00,0.00,0.001,64.751,-64.751
9699,0.000,0.140,-0.001,0.010,0.110,-0.001,0.00,0.00,0.00,0.00,0.001,82.796,-82.796
9709,-0.010,0.140,-0.001,0.020,0.130,-0.001,0.00,0.00,0.00,0.00,0.001,64.751,-64.751
9719,-0.010,0.140,0.000,0.020,0.130,0.000,0.00,0.00,0.00,0.00,0.002,8.454,-8.454
9729,-0.010,0.130,0.000,0.010,0.120,-0.002,0.00,0.00,0.00,0.00,0.002,8.454,-8.454
9739,0.000,0.140,-0.002,0.020,0.110,-0.001,0.00,0.00,0.00,0.00,0.002,42.330,-42.330
9749,0.000,0.130,-0.001,0.000,0.130,-0.001,0.00,0.00,0.00,0.00,0.002,46.723,-46.723
9759,0.000,0.130,-0.001,0.000,0.130,-0.001,0.00,0.00,0.00,0.00,0.001,26.482,-26.482
9769,0.000,0.130,0.000,0.010,0.120,-0.002,0.00,0.00,0.00,0.00,0.003,44.527,-44.527
9779,0.030,0.140,-0.001,0.010,0.140,-0.001,0.00,0.00,0.00,0.00,0.002,40.134,-40.134
9789,0.000,0.140,0.001,0.020,0.120,0.000,0.00,0.00,0.00,0.00,0.001,62.554,-62.554
9799,0.000,0.140,0.001,0.020,0.120,0.000,0.00,0.00,0.00,0.00,0.001,62.554,-62.554
9809,-0.010,0.140,-0.001,0.020,0.140,0.001,0.00,0.00,0.00,0.00,0.001,46.723,-46.723
9819,0.000,0.150,-0.001,0.010,0.120,0.000,0.00,0.00,0.00,0.00,0.001,42.330,-42.330
9829,0.000,0.140,0.000,0.020,0.140,0.001,0.00,0.00,0.00,0.00,0.002,62.554,-62.554
9839,0.010,0.130,0.000,0.010,0.130,0.001,0.00,0.00,0.00,0.00,0.001,62.554,-62.554
9849,0.010,0.130,0.000,0.010,0.130,-0.001,0.00,0.00,0.00,0.00,0.001,62.554,-62.554
9859,0.020,0.140,-0.003,0.020,0.110,0.000,0.00,0.00,0.00,0.00,0.002,44.527,-44.527
9869,0.000,0.140,-0.001,0.020,0.110,-0.001,0.00,0.00,0.00,0.00,0.001,44.527,-44.527
9879,0.000,0.140,-0.001,0.020,0.140,-0.001,0.00,0.00,0.00,0.00,0.001,64.751,-64.751
9889,0.000,0.140,0.001,0.020,0.140,-0.002,0.00,0.00,0.00,0.00,0.001,64.751,-64.751
9899,0.000,0.140,0.001,0.010,0.130,0.000,0.00,0.00,0.00,0.00,0.001,24.302,-24.302
9909,0.000,0.130,-0.002,0.030,0.130,0.000,0.00,0.00,0.00,0.00,0.001,42.330,-42.330
9919,0.010,0.150,0.000,0.000,0.150,0.000,0.00,0.00,0.00,0.00,0.001,62.554,-62.554
9929,0.010,0.150,0.000,0.000,0.150,0.001,0.00,0.00,0.00,0.00,0.001,66.947,-66.947
9939,0.020,0.150,0.000,0.000,0.130,0.000,0.00,0.00,0.00,0.00,0.001,66.947,-66.947
9949,0.000,0.130,0.000,0.000,0.120,-0.001,0.00,0.00,0.00,0.00,0.001,42.330,-42.330
9959,0.000,0.130,-0.001,0.010,0.130,-0.001,0.00,0.00,0.00,0.00,0.002,80.599,-80.599
9969,0.000,0.130,-0.001,0.010,0.130,-0.002,0.00,0.00,0.00,0.00,0.002,80.599,-80.599
9979,0.010,0.140,-0.001,0.000,0.150,0.003,0.00,0.00,0.00,0.00,-0.000,62.554,-62.554
9989,-0.010,0.150,-0.001,0.020,0.130,0.001,0.00,0.00,0.00,0.00,0.001,66.947,-66.947
9999,-0.010,0.140,0.000,0.010,0.120,0.001,0.00,0.00,0.00,0.00,0.002,60.375,-60.375
10009,-0.010,0.140,0.000,0.010,0.120,0.000,0.00,0.00,0.00,0.00,0.002,60.375,-60.375
10019,0.000,0.140,0.000,0.010,0.130,-0.001,0.00,0.00,0.00,0.00,0.002,42.330,-42.330
10029,0.010,0.140,0.001,0.000,0.130,-0.001,0.00,0.00,0.00,0.00,0.002,60.375,-60.375
10039,0.000,0.140,-0.002,0.010,0.120,-0.001,0.00,0.00,0.00,0.00,0.001,80.599,-80.599
10049,0.000,0.140,-0.002,0.010,0.120,-0.001,0.00,0.00,0.00,0.00,0.001,44.527,-44.527
10059,0.000,0.130,-0.001,0.020,0.140,-0.002,0.00,0.00,0.00,0.00,0.001,62.554,-62.554
10069,0.000,0.150,0.001,0.010,0.140,-0.001,0.00,0.00,0.00,0.00,0.001,66.947,-66.947
10079,-0.010,0.140,0.000,0.000,0.120,-0.001,0.00,0.00,0.00,0.00,0.001,66.947,-66.947
10089,-0.010,0.140,0.000,0.000,0.120,-0.001,0.00,0.00,0.00,0.00,0.001,44.527,-44.527
10099,0.000,0.140,0.003,0.010,0.140,0.000,0.00,0.00,0.00,0.00,0.002,60.375,-60.375
10109,0.010,0.140,0.000,0.020,0.130,-0.001,0.00,0.00,0.00,0.00,0.002,100.823,-100.823
10119,-0.020,0.140,0.001,0.020,0.130,-0.001,0.00,0.00,0.00,0.00,0.003,64.751,-64.751
10129,-0.020,0.140,0.001,0.020,0.130,-0.001,0.00,0.00,0.00,0.00,0.001,62.554,-62.554
10139,0.010,0.150,0.000,0.020,0.130,-0.002,0.00,0.00,0.00,0.00,0.002,64.751,-64.751
10149,0.000,0.130,0.001,0.010,0.120,0.000,0.00,0.00,0.00,0.00,0.002,64.751,-64.751
10159,0.010,0.140,0.001,0.000,0.150,0.000,0.00,0.00,0.00,0.00,0.002,64.751,-64.751
10169,0.010,0.140,-0.001,0.000,0.150,-0.001,0.00,0.00,0.00,0.00,0.002,64.751,-64.751
10179,-0.010,0.140,0.001,0.010,0.120,0.000,0.00,0.00,0.00,0.00,0.002,84.992,-84.992
10189,-0.010,0.130,0.001,0.010,0.130,-0.002,0.00,0.00,0.00,0.00,0.002,48.920,-48.920
10199,0.000,0.130,0.001,0.030,0.120,-0.002,0.00,0.00,0.00,0.00,0.002,66.947,-66.947
10209,0.000,0.130,0.000,0.030,0.120,0.000,0.00,0.00,0.00,0.00,0.002,48.920,-48.920
10219,0.020,0.140,-0.001,0.010,0.120,-0.001,0.00,0.00,0.00,0.00,0.002,48.920,-48.920
10229,-0.010,0.120,0.002,0.020,0.140,-0.002,0.00,0.00,0.00,0.00,0.002,69.144,-69.144
10239,0.010,0.140,0.002,0.020,0.140,-0.002,0.00,0.00,0.00,0.00,0.002,46.723,-46.723
10249,0.010,0.140,0.001,0.000,0.120,0.001,0.00,0.00,0.00,0.00,0.002,6.258,-6.258
10259,0.010,0.120,0.002,0.000,0.110,0.001,0.00,0.00,0.00,0.00,0.002,60.375,-60.375
10269,0.000,0.120,0.000,0.030,0.130,0.000,0.00,0.00,0.00,0.00,0.002,62.554,-62.554
10279,0.000,0.150,0.000,0.030,0.130,0.000,0.00,0.00,0.00,0.00,0.001,64.751,-64.751
10289,0.000,0.150,0.003,0.030,0.140,0.002,0.00,0.00,0.00,0.00,0.001,64.751,-64.751
10299,0.000,0.140,0.002,0.030,0.140,0.000,0.00,0.00,0.00,0.00,0.001,44.527,-44.527
10309,-0.010,0.140,0.001,0.010,0.130,-0.002,0.00,0.00,0.00,0.00,0.002,58.178,-58.178
10319,0.000,0.130,0.001,0.010,0.160,-0.002,0.00,0.00,0.00,0.00,0.001,118.851,-118.851
10329,0.000,0.130,0.001,0.010,0.160,-0.002,0.00,0.00,0.00,0.00,0.001,64.751,-64.751
10339,-0.010,0.150,0.001,0.020,0.110,0.001,0.00,0.00,0.00,0.00,0.002,64.751,-64.751
10349,0.000,0.150,0.001,0.020,0.130,-0.002,0.00,0.00,0.00,0.00,0.001,69.144,-69.144
10359,0.010,0.140,0.001,0.020,0.110,-0.002,0.00,0.00,0.00,0.00,0.001,69.144,-69.144
10369,0.010,0.140,0.001,0.020,0.110,0.000,0.00,0.00,0.00,0.00,0.001,66.947,-66.947
10379,0.000,0.140,0.002,0.020,0.120,-0.001,0.00,0.00,0.00,0.00,0.002,51.099,-51.099
10389,0.000,0.140,-0.001,0.020,0.120,-0.001,0.00,0.00,0.00,0.00,0.001,10.634,-10.634
10399,0.000,0.150,0.002,0.020,0.130,-0.001,0.00,0.00,0.00,0.00,0.001,64.751,-64.751
10409,0.000,0.150,0.002,0.020,0.130,0.000,0.00,0.00,0.00,0.00,0.002,60.375,-60.375
10419,-0.010,0.140,0.000,0.010,0.130,0.002,0.00,0.00,0.00,0.00,0.002,62.554,-62.554
10429,0.000,0.130,-0.001,0.020,0.130,-0.003,0.00,0.00,0.00,0.00,0.002,62.554,-62.554
10439,0.000,0.140,0.000,0.010,0.140,0.001,0.00,0.00,0.00,0.00,0.002,69.144,-69.144
10449,0.010,0.140,0.001,0.020,0.140,0.001,0.00,0.00,0.00,0.00,0.002,64.751,-64.751
10459,0.010,0.140,0.001,0.020,0.140,-0.002,0.00,0.00,0.00,0.00,0.001,24.302,-24.302
10469,0.000,0.140,0.001,0.000,0.140,0.000,0.00,0.00,0.00,0.00,0.001,60.375,-60.375
10479,0.010,0.150,0.002,0.010,0.120,0.001,0.00,0.00,0.00,0.00,0.002,62.554,-62.554
10489,0.000,0.140,0.001,0.020,0.140,-0.002,0.00,0.00,0.00,0.00,0.002,66.947,-66.947
10499,0.000,0.140,0.001,0.030,0.120,-0.002,0.00,0.00,0.00,0.00,0.002,66.947,-66.947
10509,0.000,0.140,0.002,0.030,0.120,0.000,0.00,0.00,0.00,0.00,0.002,64.751,-64.751
10519,0.000,0.130,0.001,0.010,0.130,-0.002,0.00,0.00,0.00,0.00,0.002,64.751,-64.751
10529,0.000,0.140,0.002,0.020,0.130,0.000,0.00,0.00,0.00,0.00,0.002,64.751,-64.751
10539,0.000,0.140,0.001,0.020,0.130,-0.001,0.00,0.00,0.00,0.00,0.002,64.751,-64.751
10549,0.000,0.140,0.002,0.010,0.160,-0.001,0.00,0.00,0.00,0.00,0.001,66.947,-66.947
10559,0.000,0.140,0.002,0.010,0.160,0.000,0.00,0.00,0.00,0.00,0.001,62.554,-62.554
10569,0.010,0.140,0.001,0.020,0.140,0.002,0.00,0.00,0.00,0.00,0.001,62.554,-62.554
10579,0.000,0.150,0.001,0.010,0.110,0.000,0.00,0.00,0.00,0.00,0.001,44.527,-44.527
10589,0.000,0.140,-0.002,0.010,0.120,0.000,0.00,0.00,0.00,0.00,0.002,64.751,-64.751
10599,0.000,0.140,-0.001,0.010,0.140,0.000,0.00,0.00,0.00,0.00,0.001,64.751,-64.751
10609,0.000,0.140,-0.001,0.010,0.140,0.000,0.00,0.00,0.00,0.00,0.001,46.723,-46.723
10619,0.000,0.140,0.001,0.010,0.130,0.001,0.00,0.00,0.00,0.00,0.002,46.723,-46.723
10629,0.010,0.140,-0.001,0.000,0.120,0.002,0.00,0.00,0.00,0.00,0.002,66.947,-66.947
10639,0.000,0.140,-0.001,0.020,0.150,0.001,0.00,0.00,0.00,0.00,0.002,66.947,-66.947
10649,0.000,0.130,0.001,0.020,0.130,0.002,0.00,0.00,0.00,0.00,0.002,48.920,-48.920
10659,0.000,0.140,0.001,0.010,0.130,0.002,0.00,0.00,0.00,0.00,0.002,48.920,-48.920
10669,0.000,0.140,-0.002,0.010,0.130,0.001,0.00,0.00,0.00,0.00,0.001,8.454,-8.454
10679,0.000,0.140,0.000,0.000,0.090,0.000,0.00,0.00,0.00,0.00,0.001,44.527,-44.527
10689,0.000,0.140,0.001,0.000,0.140,0.001,0.00,0.00,0.00,0.00,0.001,64.751,-64.751
10699,0.010,0.140,0.000,0.010,0.130,0.000,0.00,0.00,0.00,0.00,0.001,64.751,-64.751
10709,0.010,0.140,0.000,0.020,0.130,0.000,0.00,0.00,0.00,0.00,0.003,64.751,-64.751
10719,0.010,0.140,0.000,0.020,0.130,0.000,0.00,0.00,0.00,0.00,0.002,60.375,-60.375
10729,-0.010,0.140,0.001,0.000,0.140,0.001,0.00,0.00,0.00,0.00,0.002,58.178,-58.178
10739,0.000,0.140,0.001,0.020,0.130,0.001,0.00,0.00,0.00,0.00,0.002,58.178,-58.178
10749,0.000,0.150,0.000,0.020,0.120,0.002,0.00,0.00,0.00,0.00,0.002,58.178,-58.178
10759,0.000,0.140,-0.001,0.020,0.120,0.000,0.00,0.00,0.00,0.00,0.002,40.134,-40.134
10769,0.000,0.140,-0.001,0.020,0.120,0.000,0.00,0.00,0.00,0.00,0.002,76.206,-76.206
10779,0.000,0.130,-0.001,0.010,0.130,0.000,0.00,0.00,0.00,0.00,0.003,76.206,-76.206
10789,0.000,0.140,0.000,0.020,0.150,0.002,0.00,0.00,0.00,0.00,0.003,74.010,-74.010
10799,0.000,0.140,-0.001,0.010,0.130,0.002,0.00,0.00,0.00,0.00,0.002,53.786,-53.786
10809,0.010,0.130,0.001,0.010,0.120,-0.001,0.00,0.00,0.00,0.00,0.003,74.010,-74.010
10819,0.000,0.150,0.001,0.010,0.130,-0.001,0.00,0.00,0.00,0.00,0.003,55.982,-55.982
10829,0.000,0.150,0.001,0.010,0.130,0.001,0.00,0.00,0.00,0.00,0.002,44.527,-44.527
10839,0.010,0.140,0.000,0.010,0.130,0.000,0.00,0.00,0.00,0.00,0.002,62.554,-62.554
10849,-0.010,0.150,0.001,0.010,0.140,-0.002,0.00,0.00,0.00,0.00,0.003,62.554,-62.554
10859,0.000,0.130,0.000,0.000,0.130,0.004,0.00,0.00,0.00,0.00,0.002,42.330,-42.330
10869,0.020,0.140,0.001,0.030,0.130,0.000,0.00,0.00,0.00,0.00,0.002,42.330,-42.330
10879,0.010,0.140,-0.001,0.000,0.130,0.000,0.00,0.00,0.00,0.00,0.002,42.330,-42.330
10889,0.010,0.140,-0.001,0.000,0.130,0.000,0.00,0.00,0.00,0.00,0.002,42.330,-42.330
10899,0.000,0.130,0.001,0.020,0.130,0.001,0.00,0.00,0.00,0.00,0.002,62.554,-62.554
10909,0.000,0.140,-0.001,0.000,0.130,-0.001,0.00,0.00,0.00,0.00,0.002,58.178,-58.178
10919,0.000,0.150,-0.001,0.000,0.130,0.002,0.00,0.00,0.00,0.00,0.002,58.178,-58.178
10929,0.000,0.140,0.000,0.020,0.110,0.002,0.00,0.00,0.00,0.00,0.002,58.178,-58.178
10939,0.000,0.140,0.000,0.020,0.110,0.002,0.00,0.00,0.00,0.00,0.002,37.954,-37.954
10949,0.000,0.130,0.001,0.000,0.110,0.001,0.00,0.00,0.00,0.00,0.002,78.403,-78.403
10959,0.010,0.130,-0.001,0.010,0.130,0.001,0.00,0.00,0.00,0.00,0.002,60.375,-60.375
10969,0.010,0.150,0.000,0.020,0.130,0.002,0.00,0.00,0.00,0.00,0.002,37.954,-37.954
10979,0.000,0.130,0.000,0.040,0.140,0.001,0.00,0.00,0.00,0.00,0.001,37.954,-37.954
10989,0.000,0.120,0.000,0.020,0.120,0.001,0.00,0.00,0.00,0.00,0.002,37.954,-37.954
10999,0.000,0.130,0.000,0.000,0.110,0.001,0.00,0.00,0.00,0.00,0.002,55.982,-55.982
11009,0.000,0.130,-0.002,0.000,0.110,0.001,0.00,0.00,0.00,0.00,0.002,40.134,-40.134
11019,0.000,0.140,0.001,0.000,0.150,0.000,0.00,0.00,0.00,0.00,0.001,40.134,-40.134
11029,-0.010,0.140,0.001,0.010,0.140,0.000,0.00,0.00,0.00,0.00,0.001,40.134,-40.134
11039,0.000,0.140,0.003,0.030,0.140,0.001,0.00,0.00,0.00,0.00,0.003,42.330,-42.330
11049,0.010,0.140,0.000,0.010,0.110,-0.001,0.00,0.00,0.00,0.00,0.002,6.258,-6.258
11059,-0.010,0.130,0.000,0.010,0.120,-0.001,0.00,0.00,0.00,0.00,0.002,6.258,-6.258
11069,-0.010,0.130,0.001,0.010,0.120,-0.002,0.00,0.00,0.00,0.00,0.002,55.982,-55.982
11079,0.010,0.140,-0.001,0.010,0.130,0.000,0.00,0.00,0.00,0.00,0.002,40.134,-40.134
11089,0.010,0.140,0.000,0.010,0.140,0.003,0.00,0.00,0.00,0.00,0.002,60.375,-60.375
11099,0.070,0.160,0.000,0.070,0.490,0.002,0.00,0.00,0.00,0.00,0.002,42.330,-42.330
11109,0.190,0.310,0.000,0.180,0.040,-0.024,0.00,0.00,0.00,0.00,0.001,42.330,-42.330
11119,0.190,0.310,0.000,0.180,0.040,-0.024,0.00,0.00,0.00,0.00,0.002,1.882,-1.882
11129,-0.070,0.000,0.003,-0.410,-0.090,0.003,0.00,0.00,0.00,0.00,0.002,1.882,-1.882
11139,0.180,0.140,-0.004,0.070,0.080,0.000,0.00,0.00,0.00,0.00,0.002,17.730,-17.730
11149,0.100,0.110,0.000,0.080,0.110,0.002,0.00,0.00,0.00,0.00,0.002,4.061,-4.061
11159,-0.090,0.150,-0.002,0.000,0.140,0.002,0.00,0.00,0.00,0.00,0.001,-36.387,36.387
11169,-0.090,0.150,-0.002,0.000,0.140,0.002,0.00,0.00,0.00,0.00,0.001,35.758,-35.758
11179,-0.180,0.160,-0.003,-0.200,0.130,0.013,0.00,0.00,0.00,0.00,0.001,44.527,-44.527
11189,0.160,0.270,-0.005,0.320,0.600,-0.001,0.00,0.00,0.00,0.00,0.002,44.527,-44.527
11199,0.080,0.000,0.001,0.080,0.060,0.001,0.00,0.00,0.00,0.00,0.004,44.527,-44.527
11209,0.000,0.130,0.004,-0.220,0.190,0.002,0.00,0.00,0.00,0.00,0.002,24.302,-24.302
11219,-0.080,0.060,0.004,-0.220,0.190,0.002,0.00,0.00,0.00,0.00,0.001,22.106,-22.106
11229,-0.080,0.060,-0.004,-0.050,0.060,-0.007,0.00,0.00,0.00,0.00,0.002,22.106,-22.106
11239,0.200,0.000,-0.001,0.150,0.000,-0.002,0.00,0.00,0.00,0.00,0.002,-9.591,9.591
11249,0.020,0.040,0.005,-0.100,0.040,-0.004,0.00,0.00,0.00,0.00,0.001,35.758,-35.758
11259,-0.030,0.060,0.002,-0.120,0.050,0.004,0.00,0.00,0.00,0.00,0.002,42.330,-42.330
11269,-0.100,0.080,-0.003,0.020,0.060,0.000,0.00,0.00,0.00,0.00,0.001,42.330,-42.330
11279,0.070,0.080,-0.003,0.020,0.060,0.000,0.00,0.00,0.00,0.00,0.002,64.751,-64.751
11289,0.070,0.080,-0.001,0.110,0.060,-0.002,0.00,0.00,0.00,0.00,0.002,42.330,-42.330
11299,-0.220,0.210,-0.002,0.140,0.270,-0.001,0.00,0.00,0.00,0.00,0.001,42.330,-42.330
11309,0.090,0.110,0.000,-0.040,0.010,0.000,0.00,0.00,0.00,0.00,0.001,-45.697,45.697
11319,-0.110,0.190,0.001,0.070,0.120,-0.001,0.00,0.00,0.00,0.00,0.001,1.882,-1.882
11329,0.090,0.240,-0.001,0.180,0.330,-0.001,0.00,0.00,0.00,0.00,0.001,-7.411,7.411
11339,0.090,0.240,-0.001,0.180,0.330,-0.002,0.00,0.00,0.00,0.00,0.002,-7.411,7.411
11349,-0.100,0.240,-0.002,-0.220,0.220,0.002,0.00,0.00,0.00,0.00,0.001,58.178,-58.178
11359,0.070,0.150,-0.003,0.100,0.160,-0.003,0.00,0.00,0.00,0.00,0.001,-79.607,79.607
11369,0.080,0.110,0.001,0.020,0.120,0.001,0.00,0.21,0.00,0.00,0.002,-79.607,79.607
11379,-0.030,0.070,0.001,-0.010,0.090,0.001,0.00,-0.21,0.00,0.00,0.002,29.185,-29.185
11389,-0.070,0.080,0.001,-0.010,0.090,0.001,0.00,0.00,0.00,0.00,0.002,28.678,-28.678
11399,-0.070,0.080,0.000,0.030,0.060,0.001,0.00,0.00,0.00,0.00,0.002,6.258,-6.258
11409,0.050,0.060,0.001,0.060,0.060,0.001,0.00,0.00,0.00,0.00,0.001,6.258,-6.258
11419,-0.050,0.050,0.000,0.020,0.050,0.000,0.00,0.00,0.00,0.00,0.002,24.302,-24.302
11429,-0.010,0.110,0.000,0.080,0.060,0.002,0.00,0.00,0.00,0.00,0.001,24.302,-24.302
11439,0.000,0.070,0.000,0.080,0.060,0.002,0.00,0.00,0.00,0.00,0.002,24.302,-24.302
11449,0.000,0.070,0.001,0.070,0.140,-0.002,0.00,0.00,0.00,0.00,0.002,1.882,-1.882
11459,0.070,0.110,0.002,0.000,0.100,0.001,0.00,0.00,0.00,0.00,0.002,6.258,-6.258
11469,-0.070,0.130,0.002,-0.010,0.100,0.000,0.00,0.00,0.00,0.00,0.002,22.106,-22.106
11479,0.050,0.120,-0.001,0.040,0.110,0.000,0.00,0.00,0.00,0.00,0.001,22.106,-22.106
11489,-0.010,0.150,0.001,0.030,0.090,0.000,0.00,0.00,0.00,0.00,0.001,26.482,-26.482
11499,-0.010,0.150,0.001,0.030,0.090,-0.005,0.00,0.00,0.00,0.00,0.002,4.061,-4.061
11509,-0.050,0.110,0.001,0.000,0.150,-0.002,0.00,0.00,0.00,0.00,0.001,4.061,-4.061
11519,0.030,0.110,-0.001,-0.010,0.150,0.000,0.00,0.00,0.00,0.00,0.001,22.106,-22.106
11529,0.030,0.090,-0.001,0.040,0.100,-0.002,0.00,0.00,0.00,0.00,0.001,24.302,-24.302
11539,0.030,0.150,0.000,0.020,0.130,-0.002,0.00,0.00,0.00,0.00,0.002,22.106,-22.106
11549,0.030,0.150,0.000,0.020,0.130,0.001,0.00,0.00,0.00,0.00,0.004,22.106,-22.106
11559,-0.030,0.050,0.001,0.110,0.060,-0.002,0.00,0.00,0.00,0.00,0.002,37.954,-37.954
11569,0.000,0.140,-0.002,0.030,0.060,0.007,0.00,0.00,0.00,0.00,0.002,19.909,-19.909
11579,0.020,0.090,-0.001,0.130,0.050,-0.002,0.00,0.00,0.00,0.00,0.002,19.909,-19.909
11589,0.100,0.110,0.002,-0.010,0.080,-0.002,0.00,0.00,0.00,0.00,0.002,24.302,-24.302
11599,0.100,0.110,0.002,-0.010,0.080,0.002,0.00,0.00,0.00,0.00,0.002,19.909,-19.909
11609,-0.030,0.100,-0.001,0.010,0.070,-0.001,0.00,0.00,0.00,0.00,0.002,35.758,-35.758
11619,-0.020,0.110,0.001,-0.020,0.110,0.002,0.00,0.00,0.00,0.00,0.002,35.758,-35.758
11629,0.020,0.120,0.001,0.060,0.130,-0.002,0.00,0.00,0.00,0.00,0.002,37.954,-37.954
11639,0.030,0.110,0.001,0.030,0.090,-0.002,0.00,0.00,0.00,0.00,0.002,42.330,-42.330
11649,0.030,0.110,0.001,0.030,0.090,0.002,0.00,0.00,0.00,0.00,0.002,42.330,-42.330
11659,0.020,0.180,0.000,-0.030,0.130,0.002,0.00,0.00,0.00,0.00,0.002,42.330,-42.330
11669,-0.030,0.150,0.000,0.000,0.160,0.000,0.00,0.00,0.00,0.00,0.001,42.330,-42.330
11679,0.030,0.170,0.000,0.010,0.210,0.000,0.00,0.00,0.00,0.00,0.002,40.134,-40.134
11689,-0.010,0.160,0.000,0.010,0.220,0.000,0.00,0.00,0.00,0.00,0.004,40.134,-40.134
11699,-0.010,0.160,0.000,0.010,0.220,-0.001,0.00,0.00,0.00,0.00,0.002,17.730,-17.730
11709,0.020,0.160,0.000,0.010,0.180,0.000,0.00,0.00,0.00,0.00,0.002,42.330,-42.330
11719,0.020,0.140,0.001,0.050,0.170,-0.001,0.00,0.00,0.00,0.00,0.002,42.330,-42.330
11729,-0.010,0.130,0.000,0.020,0.120,-0.001,0.00,0.00,0.00,0.00,0.002,24.302,-24.302
11739,-0.010,0.130,0.000,0.020,0.120,-0.001,0.00,0.00,0.00,0.00,0.002,24.302,-24.302
11749,-0.040,0.100,0.001,-0.030,0.100,0.001,0.00,0.00,0.00,0.00,0.002,24.302,-24.302
11759,0.000,0.100,-0.003,0.000,0.060,-0.001,0.00,0.00,0.00,0.00,0.002,24.302,-24.302
11769,0.020,0.050,-0.001,0.020,0.020,-0.001,0.00,0.00,0.00,0.00,0.002,42.330,-42.330
11779,0.020,0.050,-0.001,0.020,0.020,0.001,0.00,0.00,0.00,0.00,0.002,26.482,-26.482
11789,-0.010,0.040,-0.001,0.080,0.040,-0.004,0.00,0.00,0.00,0.00,0.001,26.482,-26.482
11799,0.010,0.000,0.000,0.020,0.000,-0.004,0.00,0.00,0.00,0.00,0.001,44.527,-44.527
11809,-0.040,0.010,0.000,-0.020,0.000,-0.004,0.00,0.00,0.00,0.00,0.002,42.330,-42.330
11819,-0.040,0.010,0.001,-0.020,0.000,-0.005,0.00,0.00,0.00,0.00,0.001,42.330,-42.330
11829,-0.040,0.010,0.001,-0.020,0.010,-0.007,0.00,0.00,0.00,0.00,0.002,24.302,-24.302
11839,0.000,0.000,0.001,-0.010,0.000,-0.005,0.00,0.00,0.00,0.00,0.002,22.106,-22.106
11849,0.000,0.000,0.001,0.000,0.000,-0.005,0.00,0.00,0.00,0.00,0.002,28.678,-28.678
11859,0.000,0.000,0.000,0.000,0.000,-0.004,0.00,0.00,0.00,0.00,0.002,28.678,-28.678
11869,-0.010,0.020,-0.001,0.000,0.010,-0.005,0.00,0.00,0.00,0.00,0.002,24.302,-24.302
11879,0.000,0.030,0.001,0.030,0.060,-0.008,0.00,0.00,0.00,0.00,0.002,24.302,-24.302
11889,0.020,0.070,0.001,0.030,0.060,-0.008,0.00,0.00,0.00,0.00,0.001,4.061,-4.061
11899,0.020,0.070,0.000,0.000,0.120,-0.001,0.00,0.00,0.00,0.00,0.001,22.106,-22.106
11909,-0.040,0.130,-0.001,-0.050,0.120,-0.001,0.00,0.00,0.00,0.00,0.002,42.330,-42.330
11919,-0.010,0.160,-0.001,-0.030,0.180,0.000,0.00,0.00,0.00,0.00,0.002,60.375,-60.375
11929,0.020,0.180,-0.001,-0.030,0.180,0.000,0.00,0.00,0.00,0.00,0.002,60.375,-60.375
11939,0.020,0.180,0.000,0.000,0.210,0.002,0.00,0.00,0.00,0.00,0.002,42.330,-42.330
11949,0.030,0.180,0.000,-0.020,0.270,0.003,0.00,0.00,0.00,0.00,0.001,26.482,-26.482
11959,0.000,0.210,-0.001,0.000,0.240,0.003,0.00,0.00,0.00,0.00,0.002,6.258,-6.258
11969,0.040,0.210,-0.001,0.000,0.240,0.003,0.00,0.00,0.00,0.00,0.001,42.330,-42.330
11979,0.040,0.210,-0.001,0.040,0.250,0.007,0.00,0.00,0.00,0.00,0.001,24.302,-24.302
11989,0.010,0.190,0.000,0.000,0.210,0.007,0.00,0.00,0.00,0.00,0.002,24.302,-24.302
11999,0.000,0.170,-0.001,0.000,0.200,0.002,0.00,0.00,0.00,0.00,0.001,24.302,-24.302
12009,0.010,0.150,-0.001,0.010,0.160,0.002,0.00,0.00,0.00,0.00,0.001,42.330,-42.330
12019,0.010,0.150,-0.002,0.010,0.160,0.003,0.00,0.00,0.00,0.00,0.002,60.375,-60.375
12029,0.040,0.110,-0.001,0.030,0.100,0.001,0.00,0.00,0.00,0.00,0.002,19.909,-19.909
12039,-0.020,0.060,0.001,0.010,0.080,0.001,0.00,0.00,0.00,0.00,0.001,19.909,-19.909
12049,0.000,0.050,0.002,0.000,0.040,0.000,0.00,0.00,0.00,0.00,0.002,19.909,-19.909
12059,0.000,0.050,0.002,0.000,0.040,0.000,0.00,0.00,0.00,0.00,0.001,42.330,-42.330
12069,0.010,0.020,0.000,0.000,0.000,-0.001,0.00,0.00,0.00,0.00,0.002,42.330,-42.330
12079,0.050,0.000,0.001,0.070,0.000,-0.002,0.00,0.00,0.00,0.00,0.002,44.527,-44.527
12089,0.010,0.000,0.001,0.000,0.000,0.001,0.00,0.00,0.00,0.00,0.002,46.723,-46.723
12099,0.000,0.000,0.001,0.000,-0.020,-0.003,0.00,0.00,0.00,0.00,0.002,26.482,-26.482
12109,0.000,0.000,0.001,0.000,-0.020,-0.003,0.00,0.00,0.00,0.00,0.001,44.527,-44.527
12119,-0.010,0.010,0.002,-0.010,0.020,-0.004,0.00,0.00,0.00,0.00,0.002,26.482,-26.482
12129,0.000,0.030,-0.001,0.020,0.030,-0.002,0.00,0.00,0.00,0.00,0.002,40.134,-40.134
12139,0.000,0.060,0.001,-0.010,0.030,-0.002,0.00,0.00,0.00,0.00,0.002,40.134,-40.134
12149,0.000,0.070,0.001,-0.020,0.060,-0.002,0.00,0.00,0.00,0.00,0.002,42.330,-42.330
12159,0.000,0.070,0.001,-0.020,0.060,-0.002,0.00,0.00,0.00,0.00,0.001,48.920,-48.920
12169,-0.030,0.090,0.000,0.000,0.120,0.000,0.00,0.00,0.00,0.00,0.002,8.454,-8.454
12179,0.030,0.110,-0.001,-0.020,0.110,0.001,0.00,0.00,0.00,0.00,0.001,26.482,-26.482
12189,0.000,0.150,0.003,0.020,0.150,0.001,0.00,0.00,0.00,0.00,0.002,48.920,-48.920
12199,-0.010,0.160,0.003,-0.030,0.210,0.001,0.00,0.00,0.00,0.00,0.002,46.723,-46.723
12209,-0.010,0.160,-0.001,-0.030,0.210,0.002,0.00,0.00,0.00,0.00,0.002,46.723,-46.723
12219,0.020,0.180,-0.001,-0.020,0.240,0.002,0.00,0.00,0.00,0.00,0.002,46.723,-46.723
12229,0.020,0.200,-0.001,0.000,0.260,0.004,0.00,0.00,0.00,0.00,0.002,28.678,-28.678
12239,0.000,0.180,-0.001,0.010,0.240,0.004,0.00,0.00,0.00,0.00,0.002,-11.787,11.787
12249,0.000,0.180,-0.003,0.010,0.240,0.003,0.00,0.00,0.00,0.00,0.001,42.330,-42.330
12259,0.000,0.160,-0.004,0.000,0.190,0.005,0.00,0.00,0.00,0.00,0.001,28.678,-28.678
12269,0.030,0.150,-0.003,0.010,0.190,0.005,0.00,0.00,0.00,0.00,0.001,28.678,-28.678
12279,0.010,0.130,-0.002,0.030,0.160,0.005,0.00,0.00,0.00,0.00,0.002,28.678,-28.678
12289,0.010,0.130,-0.002,0.030,0.160,0.003,0.00,0.00,0.00,0.00,0.002,8.454,-8.454
12299,0.020,0.130,-0.002,0.000,0.090,0.004,0.00,0.00,0.00,0.00,0.001,-7.411,7.411
12309,0.010,0.080,-0.002,0.050,0.080,0.002,0.00,0.00,0.00,0.00,0.001,-47.876,47.876
12319,0.000,0.070,0.001,0.030,0.070,0.002,0.00,0.00,0.00,0.00,0.001,42.330,-42.330
12329,0.000,0.070,0.001,0.030,0.070,0.002,0.00,0.00,0.00,0.00,0.002,-9.591,9.591
12339,0.000,0.070,0.001,0.010,0.020,0.000,0.00,0.00,0.00,0.00,0.002,-18.360,18.360
12349,0.010,0.010,0.000,0.010,0.000,-0.001,0.00,0.00,0.00,0.00,0.002,-18.360,18.360
12359,0.030,0.000,-0.001,0.020,-0.020,0.001,0.00,0.00,0.00,0.00,0.002,1.882,-1.882
12369,0.030,0.000,-0.001,0.020,-0.020,0.001,0.00,0.00,0.00,0.00,0.003,1.882,-1.882
12379,-0.010,-0.010,0.001,0.010,-0.040,-0.001,0.00,0.00,0.00,0.00,0.002,22.106,-22.106
12389,0.000,-0.020,-0.001,0.000,-0.020,0.000,0.00,0.00,0.00,0.00,0.002,4.061,-4.061
12399,0.010,-0.030,0.001,0.020,-0.030,-0.001,0.00,0.00,0.00,0.00,0.001,22.106,-22.106
12409,0.020,0.010,0.001,0.020,-0.030,-0.001,0.00,0.00,0.00,0.00,0.002,-16.163,16.163
12419,0.020,0.010,0.000,-0.010,0.000,-0.003,0.00,0.00,0.00,0.00,0.003,-16.163,16.163
12429,0.000,0.010,0.000,-0.010,0.020,0.000,0.00,0.00,0.00,0.00,0.003,-2.511,2.511
12439,0.010,0.070,0.001,0.000,0.060,-0.001,-0.27,0.00,-0.00,0.00,0.002,33.561,-33.561
12449,0.000,0.050,0.001,0.000,0.080,-0.001,0.27,0.00,0.00,0.00,0.002,94.234,-94.234
12459,0.000,0.050,0.003,0.000,0.080,0.000,0.00,0.00,0.00,0.00,0.002,58.178,-58.178
12469,-0.030,0.100,-0.001,0.000,0.100,0.000,0.00,0.00,0.00,0.00,0.002,42.330,-42.330
12479,0.010,0.120,0.002,0.000,0.120,0.001,0.00,0.00,0.00,0.00,0.002,44.527,-44.527
12489,0.020,0.110,-0.001,0.000,0.110,0.001,0.00,0.00,0.00,0.00,0.002,44.527,-44.527
12499,0.020,0.110,-0.001,0.000,0.110,0.003,0.00,0.00,0.00,0.00,0.002,76.206,-76.206
12509,0.010,0.150,0.000,0.040,0.170,0.000,0.00,0.00,0.00,0.00,0.002,62.554,-62.554
12519,0.020,0.160,0.002,0.030,0.170,0.001,0.00,0.00,0.00,0.00,0.002,42.330,-42.330
12529,0.000,0.160,0.002,0.000,0.200,0.001,0.00,0.00,0.00,0.00,0.002,60.375,-60.375
12539,0.000,0.160,0.002,0.000,0.200,0.000,0.00,0.00,0.00,0.00,0.002,58.178,-58.178
12549,0.000,0.170,0.001,0.000,0.190,0.000,0.00,0.00,0.00,0.00,0.002,55.982,-55.982
12559,0.020,0.160,-0.003,0.030,0.180,0.000,0.00,0.00,0.00,0.00,0.002,55.982,-55.982
12569,0.000,0.160,-0.003,0.010,0.140,0.000,0.00,-0.27,0.00,-0.00,0.002,37.954,-37.954
12579,0.000,0.160,-0.001,0.010,0.140,0.001,0.00,0.27,0.00,0.00,0.001,64.751,-64.751
12589,0.020,0.130,0.000,-0.010,0.140,-0.001,0.00,0.00,0.00,0.00,0.001,64.751,-64.751
12599,0.000,0.120,-0.004,0.010,0.130,-0.002,0.00,0.00,0.00,0.00,0.001,64.751,-64.751
12609,0.030,0.130,0.001,0.010,0.120,0.002,0.48,0.00,0.00,0.00,0.002,42.330,-42.330
12619,0.030,0.130,0.001,0.010,0.120,0.002,-0.00,-0.27,0.00,-0.00,0.002,64.751,-64.751
12629,-0.050,0.090,-0.001,0.000,0.050,0.002,-0.48,0.00,0.00,-0.00,0.002,64.751,-64.751
12639,0.060,0.070,-0.001,-0.010,-0.020,0.002,0.48,0.00,0.00,-0.00,0.002,62.554,-62.554
12649,0.000,0.030,-0.001,0.030,0.000,0.002,-0.00,-0.27,0.00,-0.01,0.002,46.723,-46.723
12659,0.000,0.030,0.001,0.030,0.000,0.000,-0.27,0.27,0.00,-0.00,0.002,66.947,-66.947
12669,-0.060,0.000,0.000,0.040,-0.020,0.002,-0.21,0.00,0.00,-0.00,0.002,66.947,-66.947
12679,0.040,0.000,0.003,0.000,-0.030,0.000,0.00,0.27,0.00,0.00,0.002,51.099,-51.099
12689,-0.030,-0.010,0.001,0.000,-0.020,0.000,0.00,0.00,0.00,0.00,0.002,51.099,-51.099
12699,-0.030,-0.010,0.001,0.000,-0.020,0.000,0.00,0.00,0.00,0.00,0.002,51.099,-51.099
12709,0.010,0.020,0.003,0.020,0.000,-0.001,0.00,0.00,0.00,0.00,0.002,51.099,-51.099
12719,0.000,0.030,0.001,0.000,0.050,-0.002,0.00,0.00,0.00,0.00,0.002,48.920,-48.920
12729,0.010,0.080,0.001,0.000,0.050,-0.002,0.00,0.00,0.00,0.00,0.002,69.144,-69.144
12739,0.010,0.080,0.002,0.000,0.070,0.002,0.00,0.00,0.00,0.00,0.002,51.099,-51.099
12749,-0.020,0.110,0.001,0.000,0.110,-0.001,0.00,0.00,0.00,0.00,0.001,48.920,-48.920
12759,0.000,0.120,0.003,0.000,0.100,-0.001,0.00,0.00,0.00,0.00,0.002,44.527,-44.527
12769,0.000,0.120,0.003,0.000,0.100,-0.002,0.00,0.00,0.00,0.00,0.002,44.527,-44.527
12779,0.020,0.120,0.003,-0.020,0.070,0.000,0.00,0.00,0.00,0.00,0.002,64.751,-64.751
12789,0.000,0.090,0.000,0.000,0.060,0.002,0.00,0.00,0.00,0.00,0.002,42.330,-42.330
12799,0.010,0.060,0.000,0.000,0.060,0.002,0.00,0.00,0.00,0.00,0.002,42.330,-42.330
12809,0.010,0.060,0.001,0.010,0.060,0.000,0.00,0.00,0.00,0.00,0.002,42.330,-42.330
12819,0.020,0.050,0.000,0.000,0.060,0.002,0.00,0.00,0.00,0.00,0.001,24.302,-24.302
12829,0.010,0.100,0.000,-0.010,0.060,0.001,0.00,0.00,0.00,0.00,0.001,44.527,-44.527
12839,0.000,0.100,0.000,-0.010,0.060,0.001,0.00,0.00,0.00,0.00,0.001,44.527,-44.527
12849,0.000,0.100,0.001,0.000,0.060,0.001,0.00,0.00,0.00,0.00,0.002,24.302,-24.302
12859,0.000,0.090,0.001,0.010,0.080,0.000,0.00,0.00,0.00,0.00,0.002,46.723,-46.723
12869,0.010,0.100,0.000,0.030,0.100,-0.001,0.00,0.00,0.00,0.00,0.002,-13.967,13.967
12879,0.000,0.110,0.000,0.030,0.100,-0.001,0.00,0.00,0.00,0.00,0.002,22.106,-22.106
12889,0.000,0.110,0.002,0.000,0.090,0.001,0.00,0.00,0.00,0.00,0.002,44.527,-44.527
12899,0.020,0.100,0.002,-0.020,0.050,0.002,0.00,0.00,0.00,0.00,0.002,51.099,-51.099
12909,0.000,0.100,-0.002,-0.050,0.060,0.002,0.00,0.00,0.00,0.00,0.004,51.099,-51.099
12919,0.000,0.100,-0.002,-0.050,0.060,0.001,0.00,0.00,0.00,0.00,0.001,44.527,-44.527
12929,0.050,0.070,-0.001,0.060,0.030,-0.001,0.00,0.00,0.00,0.00,0.002,51.099,-51.099
12939,0.000,0.080,0.001,-0.030,0.080,-0.003,0.00,0.00,0.00,0.00,0.001,10.634,-10.634
12949,-0.010,0.090,0.001,-0.030,0.080,-0.003,0.00,0.00,0.00,0.00,0.001,46.723,-46.723
12959,-0.010,0.090,-0.002,-0.020,0.110,-0.004,0.00,0.00,0.00,0.00,0.002,26.482,-26.482
12969,0.000,0.140,-0.001,0.020,0.140,-0.001,0.00,-0.27,0.00,-0.00,0.002,48.920,-48.920
12979,-0.070,0.110,0.002,0.030,0.090,-0.003,0.21,0.27,0.00,0.00,0.004,48.920,-48.920
12989,-0.060,0.130,0.002,0.030,0.090,-0.003,-0.00,-0.27,0.00,-0.00,0.001,26.482,-26.482
12999,-0.060,0.130,-0.001,-0.110,0.140,0.000,-0.21,0.27,0.00,0.00,0.001,48.920,-48.920
13009,0.050,0.080,-0.004,0.120,0.170,-0.003,0.21,0.00,0.00,0.00,0.002,48.920,-48.920
13019,0.050,0.050,-0.004,0.120,0.170,-0.003,-0.21,-0.27,0.00,-0.00,0.002,48.920,-48.920
13029,0.050,0.050,0.000,0.000,0.030,-0.007,0.00,0.27,0.00,0.00,0.002,46.723,-46.723
13039,-0.080,0.040,0.001,-0.010,0.000,-0.003,0.00,0.00,0.00,0.00,0.002,46.723,-46.723
13049,0.060,0.050,0.001,-0.010,0.000,-0.003,0.00,0.00,0.00,0.00,0.000,46.723,-46.723
13059,0.060,0.050,0.001,0.000,0.030,-0.003,0.00,0.00,0.00,0.00,0.002,66.947,-66.947
13069,0.020,0.080,0.001,0.130,0.160,-0.007,0.00,0.00,0.00,0.00,0.002,48.920,-48.920
13079,0.070,0.140,0.001,0.130,0.160,-0.007,0.21,-0.27,0.00,-0.00,0.002,69.144,-69.144
13089,0.070,0.140,0.002,0.000,0.150,-0.010,-0.00,0.00,0.00,-0.00,0.002,51.099,-51.099
13099,-0.020,0.180,0.004,0.150,0.210,-0.008,0.27,0.00,0.00,-0.00,0.002,30.875,-30.875
13109,0.080,0.160,0.004,0.150,0.210,-0.008,-0.00,0.00,0.00,-0.00,0.002,28.678,-28.678
13119,0.080,0.160,0.007,0.210,0.250,-0.021,-0.48,0.00,0.00,-0.00,0.003,28.678,-28.678
13129,0.200,0.070,0.011,0.170,-0.010,-0.035,0.00,0.27,0.00,0.00,0.002,28.678,-28.678
13139,-0.100,-0.210,0.011,0.170,-0.010,-0.035,-0.75,0.21,-0.01,0.00,0.002,48.920,-48.920
13150,-0.100,-0.210,0.019,-0.120,-0.100,-0.033,-0.00,-0.00,-0.01,0.00,0.003,89.385,-89.385
13160,-0.210,-0.260,0.021,-0.340,-0.100,-0.013,0.48,-0.21,-0.00,0.00,0.003,53.296,-53.296
13170,-0.060,-0.270,0.004,-0.080,-0.020,-0.013,0.00,0.00,-0.00,0.00,0.002,33.071,-33.071
13180,-0.060,-0.270,0.004,-0.080,-0.020,-0.014,0.27,0.00,0.00,0.00,0.002,48.920,-48.920
13190,0.020,-0.150,0.000,-0.060,-0.020,-0.015,0.00,0.00,0.00,0.00,0.002,48.920,-48.920
13200,0.040,-0.140,-0.002,-0.030,0.190,-0.012,0.00,0.00,0.00,0.00,0.002,66.947,-66.947
13210,0.140,0.140,-0.002,-0.030,0.190,-0.012,0.00,0.00,0.00,0.00,0.001,44.527,-44.527
13220,0.140,0.140,0.002,-0.010,0.260,-0.015,0.00,0.00,0.00,0.00,0.002,84.992,-84.992
13230,0.120,0.150,0.001,-0.030,0.540,-0.019,0.00,0.00,0.00,0.00,0.002,48.920,-48.920
13240,-0.130,0.340,0.001,-0.030,0.540,-0.019,0.00,0.00,0.00,0.00,0.002,46.723,-46.723
13250,-0.130,0.340,0.001,-0.120,0.580,-0.020,0.00,0.00,0.00,0.00,0.002,48.920,-48.920
13260,0.030,0.430,0.001,-0.150,0.760,-0.031,0.00,0.00,0.00,0.00,0.002,48.920,-48.920
13270,0.210,0.500,0.001,-0.150,0.760,-0.031,0.00,0.00,0.00,0.00,0.002,33.071,-33.071
13280,0.210,0.500,-0.002,0.330,0.890,-0.026,0.00,0.00,0.00,0.00,0.002,48.920,-48.920
13290,-0.030,0.240,0.002,-0.220,0.270,-0.026,0.00,0.00,0.00,0.00,0.002,69.144,-69.144
13300,-0.030,0.240,0.002,-0.220,0.270,-0.026,0.00,0.00,0.00,0.00,0.001,33.071,-33.071
13310,-0.120,-0.050,0.002,-0.130,0.010,-0.026,0.00,0.00,0.00,0.00,0.002,51.099,-51.099
13320,-0.050,-0.050,0.002,-0.120,0.340,-0.026,0.00,0.00,0.00,0.00,0.002,33.071,-33.071
13330,-0.050,-0.050,-0.001,-0.120,0.340,-0.024,0.00,0.00,0.00,0.00,0.002,33.071,-33.071
13340,-0.140,0.030,-0.008,-0.140,0.650,-0.016,0.00,0.00,0.00,0.00,0.002,30.875,-30.875
13350,0.120,0.120,-0.008,-0.190,0.670,-0.016,0.00,0.00,0.00,0.00,0.002,48.920,-48.920
13360,0.120,0.120,0.000,-0.190,0.670,-0.014,0.00,0.00,0.00,0.00,0.002,48.920,-48.920
13370,0.170,0.410,-0.003,0.010,0.760,-0.004,0.00,0.00,0.00,0.00,0.003,30.875,-30.875
13380,0.360,0.360,-0.001,-0.040,0.980,-0.004,0.00,0.00,0.00,0.00,0.002,28.678,-28.678
13390,0.360,0.360,-0.001,-0.040,0.980,-0.009,0.00,0.00,0.00,0.00,0.002,62.554,-62.554
13400,-0.100,0.310,-0.001,0.050,0.940,0.004,0.00,0.00,0.00,0.00,0.002,62.554,-62.554
13410,0.060,0.260,-0.001,-0.140,0.830,0.004,0.00,0.00,0.00,0.00,0.002,46.723,-46.723
13420,0.060,0.260,0.004,-0.140,0.830,0.010,1.98,-0.27,0.02,-0.00,0.002,46.723,-46.723
13430,-0.460,0.300,-0.001,-0.630,0.870,0.004,0.96,-1.23,0.03,-0.02,0.002,66.947,-66.947
13440,-0.220,0.350,-0.001,-0.490,0.390,0.004,-1.98,-0.27,0.01,-0.02,0.002,48.920,-48.920
13451,-0.220,0.350,-0.023,-0.490,0.390,-0.009,-0.44,-1.12,0.00,-0.03,0.002,66.947,-66.947
13462,0.020,-0.130,-0.036,0.400,0.110,0.003,0.68,-1.37,0.01,-0.05,0.002,46.723,-46.723
13472,0.620,-0.560,0.001,0.750,0.060,0.007,-0.27,3.76,0.01,-0.01,0.002,46.723,-46.723
13482,0.190,-0.040,0.001,0.750,0.060,0.007,-1.23,1.23,-0.00,0.00,0.002,46.723,-46.723
13492,0.190,-0.040,0.010,0.780,0.420,0.010,0.48,-0.27,0.00,0.00,0.003,30.875,-30.875
13502,-0.220,0.000,0.019,-0.510,0.550,0.010,0.27,-0.48,0.00,-0.00,0.002,51.099,-51.099
13512,-0.190,0.040,0.019,-0.510,0.550,0.010,-1.03,0.00,-0.01,-0.00,0.003,51.099,-51.099
13523,-0.190,0.040,0.016,-0.080,0.600,-0.007,0.50,0.25,0.00,0.00,0.003,33.071,-33.071
13533,-0.130,-0.140,0.013,0.080,0.360,-0.013,-0.55,0.00,-0.01,0.00,0.002,51.099,-51.099
13543,-0.120,0.000,0.013,0.080,0.360,-0.013,0.55,0.00,0.00,0.00,0.003,33.071,-33.071
13553,-0.120,0.000,0.009,-0.860,0.480,-0.004,-0.27,0.00,-0.00,0.00,0.001,33.071,-33.071
13563,-0.120,0.130,-0.002,-0.510,0.590,-0.025,0.00,0.00,-0.00,0.00,0.003,35.251,-35.251
13573,-0.440,0.000,-0.002,-0.510,0.590,-0.025,0.00,0.00,-0.00,0.00,0.002,55.492,-55.492
13583,-0.440,0.000,-0.033,-0.160,0.410,-0.004,0.00,0.00,-0.00,0.00,0.002,55.492,-55.492
13593,0.150,-0.160,-0.031,0.170,0.200,-0.012,0.00,0.00,-0.00,0.00,0.002,35.251,-35.251
13603,-0.280,-0.350,-0.031,0.170,0.200,-0.012,0.27,0.21,0.00,0.00,0.003,53.296,-53.296
13613,-0.280,-0.350,-0.047,-0.040,0.050,-0.031,0.00,-0.00,0.00,0.00,0.003,37.447,-37.447
13623,0.190,0.020,-0.047,0.430,0.640,0.000,0.00,-0.48,0.00,-0.00,0.003,37.447,-37.447
13633,-0.090,0.620,-0.047,0.430,0.640,0.000,0.00,0.27,0.00,0.00,0.001,53.296,-53.296
13643,-0.090,0.620,0.007,0.040,1.000,0.002,0.00,-0.27,0.00,-0.00,0.002,57.688,-57.688
13653,-0.110,0.690,0.001,0.310,1.020,0.005,-0.27,0.00,-0.00,-0.00,0.003,57.688,-57.688
13663,0.100,0.390,0.001,0.310,1.020,0.005,0.27,0.27,0.00,0.00,0.003,53.296,-53.296
13673,0.100,0.390,0.017,0.350,0.870,0.014,-0.27,0.00,-0.00,0.00,0.002,37.447,-37.447
13683,-0.120,0.350,0.028,-0.600,0.840,0.024,0.00,0.00,-0.00,0.00,0.003,53.296,-53.296
13693,0.080,0.240,0.028,-0.600,0.840,0.024,0.27,0.00,0.00,0.00,0.003,53.296,-53.296
13703,0.080,0.240,0.028,-0.380,0.670,-0.014,0.21,0.00,0.00,0.00,0.003,37.447,-37.447
13713,0.150,0.040,0.010,0.260,0.610,-0.009,-0.00,-0.27,0.00,-0.00,0.002,39.644,-39.644
13723,-0.070,-0.130,0.010,0.260,0.610,-0.009,0.27,0.27,0.00,0.00,0.002,39.644,-39.644
13733,-0.070,-0.130,0.016,-0.250,0.420,0.009,-0.27,0.00,0.00,0.00,0.002,57.688,-57.688
13743,-0.040,-0.210,0.016,-0.180,0.440,-0.002,0.48,0.00,0.01,0.00,0.002,59.885,-59.885
13753,-0.320,0.150,0.016,-0.180,0.440,-0.002,0.27,0.00,0.01,0.00,0.003,37.447,-37.447
13763,-0.320,0.150,0.000,-0.300,0.630,-0.001,-0.75,-1.03,0.00,-0.01,0.003,37.447,-37.447
13773,-0.030,0.220,-0.005,-0.410,0.870,-0.005,0.27,-0.75,0.00,-0.02,0.002,35.251,-35.251
13783,-0.030,0.330,-0.005,-0.410,0.870,-0.005,0.96,0.48,0.01,-0.01,0.003,30.875,-30.875
13793,-0.030,0.330,-0.017,0.090,0.840,-0.012,-0.00,-0.00,0.01,-0.01,0.002,30.875,-30.875
13803,-0.060,0.260,-0.010,0.040,0.810,0.012,-0.48,-1.50,0.01,-0.03,0.002,51.099,-51.099
13813,0.370,0.300,-0.010,0.040,0.810,0.012,1.23,-0.48,0.02,-0.03,0.003,33.071,-33.071
13823,0.370,0.300,0.004,0.000,0.850,0.015,-0.21,0.75,0.02,-0.03,0.003,53.296,-53.296
13833,0.220,0.110,0.000,0.190,0.650,0.021,0.75,-1.50,0.03,-0.04,0.003,53.296,-53.296
13843,0.060,0.210,0.000,0.190,0.650,0.021,0.48,1.98,0.03,-0.02,0.003,51.099,-51.099
13853,0.060,0.210,0.008,-0.520,0.650,0.025,1.03,0.75,0.04,-0.01,0.002,51.099,-51.099
13863,-0.090,0.350,0.000,0.010,0.920,0.019,-2.05,-5.27,0.02,-0.07,0.002,51.099,-51.099
13873,0.460,0.500,0.000,0.010,0.920,0.019,1.50,0.75,0.04,-0.06,0.002,48.920,-48.920
13883,0.460,0.500,0.013,0.220,0.700,0.014,1.50,6.77,0.05,0.01,0.002,48.920,-48.920
13893,-0.020,0.500,0.010,-0.100,1.070,0.012,-3.21,-7.52,0.02,-0.07,0.002,48.920,-48.920
13903,-0.100,0.670,0.010,-0.100,1.070,0.012,4.99,1.30,0.07,-0.05,0.001,48.920,-48.920
13913,-0.100,0.670,0.017,-0.400,0.960,0.012,-4.51,1.50,0.02,-0.04,0.002,51.099,-51.099
13923,-0.370,-0.300,0.005,0.160,0.580,-0.013,3.28,0.96,0.06,-0.03,0.002,51.099,-51.099
13933,-0.050,0.130,0.005,0.160,0.580,-0.013,-3.01,-3.21,0.03,-0.06,0.002,51.099,-51.099
13944,-0.050,0.130,0.011,0.150,0.360,-0.007,0.44,2.49,0.03,-0.03,0.002,53.296,-53.296
13954,0.090,-0.140,0.011,-0.060,0.200,-0.008,-0.00,3.97,0.03,0.01,0.002,53.296,-53.296
13964,-0.260,-0.420,0.011,-0.040,0.480,-0.008,0.48,-4.45,0.04,-0.04,0.002,48.920,-48.920
13975,-0.260,-0.420,-0.003,-0.040,0.480,-0.011,-0.87,-1.18,0.03,-0.05,0.002,48.920,-48.920
13985,-0.070,-0.140,0.002,0.040,0.230,-0.007,-0.75,1.50,0.02,-0.04,0.002,44.527,-44.527
13995,0.480,-0.010,0.002,0.410,0.400,-0.007,0.48,1.50,0.02,-0.02,0.002,48.920,-48.920
14005,0.480,-0.010,-0.001,0.410,0.400,0.003,0.48,-0.75,0.03,-0.03,0.002,48.920,-48.920
14015,0.080,0.040,-0.011,-0.170,0.800,0.009,1.30,-0.75,0.04,-0.04,0.002,48.920,-48.920
14025,-0.400,0.490,-0.011,-0.170,0.800,0.009,-1.03,-2.46,0.03,-0.06,0.001,46.723,-46.723
14036,-0.400,0.490,-0.004,-0.460,0.840,0.009,0.25,3.61,0.03,-0.02,0.001,46.723,-46.723
14046,-2.110,1.270,-0.003,1.110,1.450,-0.031,1.71,-4.72,0.05,-0.07,0.002,87.189,-87.189
14056,0.120,-0.020,-0.001,1.850,0.860,-0.031,1.78,-0.27,0.07,-0.07,0.002,51.099,-51.099
14066,0.120,-0.020,-0.001,1.850,0.860,-0.035,-2.53,2.26,0.04,-0.05,0.002,51.099,-51.099
14077,0.000,0.570,0.037,0.280,1.310,-0.040,2.74,-4.54,0.07,-0.10,0.002,66.947,-66.947
14087,-0.380,0.860,0.008,0.350,1.640,-0.040,-0.96,6.02,0.06,-0.04,0.002,66.947,-66.947
14097,-0.380,0.860,0.008,0.350,1.640,-0.059,3.01,-8.55,0.10,-0.12,0.002,48.920,-48.920
14107,0.040,0.200,0.034,-0.560,1.470,-0.014,-1.03,7.25,0.08,-0.05,0.001,64.751,-64.751
14117,0.440,0.100,0.021,0.340,0.920,-0.014,-5.54,-5.27,0.03,-0.10,0.002,48.920,-48.920
14127,0.440,0.100,0.021,0.340,0.920,-0.029,-2.74,4.31,0.00,-0.06,0.000,48.920,-48.920
14137,0.170,0.300,0.010,-0.370,0.800,-0.015,-0.21,-3.56,0.00,-0.10,0.002,51.099,-51.099
14147,-0.520,0.050,0.005,-1.120,0.480,-0.015,4.99,6.02,0.05,-0.04,0.002,44.527,-44.527
14157,-0.520,0.050,0.005,-1.120,0.480,0.000,0.48,-3.49,0.05,-0.07,0.002,44.527,-44.527
14167,-0.360,-0.530,-0.015,-0.220,0.340,-0.015,4.99,1.78,0.10,-0.05,0.002,48.920,-48.920
14177,-0.080,0.260,-0.026,-0.700,1.080,-0.015,-1.50,-5.27,0.09,-0.11,0.002,51.099,-51.099
14187,-0.080,0.260,-0.026,-0.700,1.080,-0.013,-3.49,5.74,0.05,-0.05,0.002,51.099,-51.099
14198,-0.280,0.370,-0.036,-0.090,1.230,-0.026,2.05,-3.85,0.08,-0.09,0.002,51.099,-51.099
14208,-0.030,0.650,-0.024,-0.250,1.050,-0.026,1.50,2.26,0.09,-0.07,0.002,51.099,-51.099
14218,-0.030,0.650,-0.024,-0.250,1.050,-0.016,-2.53,-3.01,0.07,-0.10,0.002,51.099,-51.099
14229,0.210,-0.160,-0.015,-0.240,0.510,0.017,-0.19,3.42,0.06,-0.06,0.002,51.099,-51.099
14239,0.220,-0.220,-0.033,0.070,0.640,0.014,3.21,-1.50,0.10,-0.08,0.002,51.099,-51.099
14249,0.220,-0.220,-0.033,0.070,0.640,0.014,2.05,-5.27,0.12,-0.13,0.002,51.099,-51.099
14259,-0.120,0.510,-0.022,0.400,1.200,0.009,-4.03,4.72,0.08,-0.08,0.002,51.099,-51.099
14269,-0.100,0.630,0.017,0.580,1.140,0.017,1.98,-1.50,0.10,-0.10,0.002,51.099,-51.099
14279,-0.100,0.630,0.017,0.580,1.140,0.017,-2.46,1.50,0.07,-0.08,0.002,51.099,-51.099
14289,0.530,0.060,0.010,0.600,0.560,0.008,-1.03,0.75,0.06,-0.07,0.002,51.099,-51.099
14299,0.410,-0.110,0.012,0.460,0.060,-0.012,-1.23,2.05,0.05,-0.05,0.002,51.099,-51.099
14309,0.410,-0.110,0.012,0.460,0.060,-0.012,-1.30,-1.30,0.04,-0.07,0.002,51.099,-51.099
14320,0.010,-0.990,0.016,-0.580,-0.400,0.002,0.25,6.84,0.04,0.01,0.002,51.099,-51.099
14330,-0.150,-0.950,0.002,-0.270,-0.080,-0.007,-0.75,-6.02,0.03,-0.05,0.002,51.099,-51.099
14340,0.310,-0.580,0.002,-0.270,-0.080,-0.007,-1.03,3.01,0.02,-0.02,0.002,51.099,-51.099
14351,0.310,-0.580,0.023,-0.200,-0.430,0.009,-1.12,0.93,0.01,-0.01,0.002,51.099,-51.099
14361,0.460,-1.170,0.000,0.030,-0.180,0.010,-0.96,1.50,0.00,0.00,0.002,51.099,-51.099
14371,-0.260,-1.190,0.000,0.070,-0.870,0.010,-2.80,2.26,-0.03,0.03,0.002,51.099,-51.099
14381,-0.260,-1.190,-0.001,0.070,-0.870,-0.017,0.00,1.71,-0.03,0.04,0.002,51.099,-51.099
14391,0.260,-1.530,-0.003,-0.170,-0.870,-0.007,0.00,-2.46,-0.03,0.02,0.002,51.099,-51.099
14401,-0.410,-1.430,-0.003,-0.170,-0.870,-0.007,3.01,-1.98,0.00,0.00,0.002,51.099,-51.099
14412,-0.410,-1.430,-0.009,0.020,-0.830,-0.009,-0.44,0.00,-0.00,0.00,0.002,51.099,-51.099
14422,0.020,-0.850,-0.002,-0.160,-0.870,0.010,0.27,0.48,0.00,0.00,0.002,51.099,-51.099
14432,0.020,-0.850,-0.002,-0.160,-0.870,0.010,-0.27,-1.23,-0.00,-0.01,0.002,51.099,-51.099
14443,-0.170,0.140,0.008,0.370,0.670,0.017,0.25,0.44,0.00,-0.00,0.002,51.099,-51.099
14453,0.030,0.420,0.007,-0.030,1.000,0.023,-0.75,0.75,-0.01,0.00,0.002,51.099,-51.099
14463,-0.150,0.100,0.007,-0.030,1.000,0.023,0.48,0.75,-0.00,0.01,0.002,51.099,-51.099
14473,-0.150,0.100,0.000,-0.320,0.690,0.017,-0.27,-0.55,-0.01,0.01,0.002,51.099,-51.099
14483,-0.210,0.820,-0.002,-0.320,0.940,0.025,-1.98,0.27,-0.03,0.01,0.002,51.099,-51.099
14493,-0.110,1.100,-0.002,-0.320,0.940,0.025,0.00,1.23,-0.03,0.02,0.002,51.099,-51.099
14503,-0.110,1.100,-0.004,-0.600,1.700,0.028,1.98,-1.98,-0.01,0.00,0.002,51.099,-51.099
14513,0.010,1.250,-0.033,-0.330,1.870,-0.015,0.27,-0.21,-0.00,0.00,0.002,51.099,-51.099
14523,-0.070,0.910,-0.033,-0.330,1.870,-0.015,0.27,0.00,0.00,0.00,0.002,51.099,-51.099
14533,-0.070,0.910,-0.023,0.110,1.400,-0.009,0.00,-0.27,0.00,-0.00,0.002,51.099,-51.099
14543,-0.090,0.280,-0.011,-0.070,1.140,0.009,0.00,0.00,0.00,-0.00,0.002,51.099,-51.099
14553,-0.090,0.280,-0.011,-0.070,1.140,0.009,0.00,0.27,0.00,0.00,0.002,51.099,-51.099
14563,-0.270,0.000,-0.009,-0.230,0.230,0.004,0.00,-1.03,0.00,-0.01,0.002,51.099,-51.099
14573,0.000,0.710,-0.001,-0.100,0.450,-0.007,0.00,-0.75,0.00,-0.02,0.002,51.099,-51.099
14583,0.000,0.710,-0.001,-0.100,0.450,-0.007,0.00,-2.53,0.00,-0.04,0.002,51.099,-51.099
14593,0.210,0.970,0.009,-0.390,1.440,-0.004,0.00,4.03,0.00,-0.00,0.002,51.099,-51.099
14603,0.040,1.020,-0.007,0.320,1.390,-0.024,0.00,0.75,0.00,0.00,0.002,51.099,-51.099
14613,0.420,0.610,-0.007,0.320,1.390,-0.024,0.00,-0.75,0.00,-0.00,0.002,51.099,-51.099
14623,0.420,0.610,0.012,0.410,0.970,-0.013,0.00,0.27,0.00,0.00,0.002,51.099,-51.099
14633,-0.150,0.020,0.009,-0.090,0.600,-0.014,0.00,-0.27,0.00,-0.00,0.002,51.099,-51.099
14643,-0.150,0.020,0.009,-0.090,0.600,-0.014,0.00,0.27,0.00,0.00,0.002,51.099,-51.099
14653,-0.670,-0.060,-0.001,-0.590,0.330,-0.013,0.00,-0.75,0.00,-0.01,0.002,51.099,-51.099
14663,-0.150,-0.660,-0.015,-0.420,-0.100,-0.004,0.00,0.48,0.00,-0.00,0.002,51.099,-51.099
14673,0.150,-0.840,-0.015,-0.420,-0.100,-0.004,0.00,0.48,0.00,0.00,0.002,51.099,-51.099
14683,0.150,-0.840,-0.013,0.620,-0.390,-0.003,0.00,-0.21,0.00,0.00,0.002,51.099,-51.099
14693,0.110,-1.190,0.001,0.450,-0.730,0.012,0.00,0.00,0.00,0.00,0.002,51.099,-51.099
14703,0.110,-1.190,0.001,0.450,-0.730,0.012,0.00,0.00,0.00,0.00,0.002,51.099,-51.099
14713,-0.230,-1.120,-0.001,-0.530,-0.830,0.014,0.00,0.21,0.00,0.00,0.002,51.099,-51.099
14723,-0.420,-0.630,-0.012,-0.520,-0.580,0.025,0.00,-0.48,0.00,-0.00,0.002,51.099,-51.099
14733,-0.420,-0.630,-0.012,-0.520,-0.580,0.025,0.00,0.27,0.00,0.00,0.002,51.099,-51.099
14743,-0.240,-0.140,-0.013,-0.090,-0.020,0.031,0.00,0.00,0.00,0.00,0.002,51.099,-51.099
14753,0.280,0.000,-0.021,-0.010,0.490,0.019,0.00,0.00,0.00,0.00,0.002,51.099,-51.099
14763,-0.200,-0.160,-0.034,0.510,-0.160,-0.004,0.00,0.00,0.00,0.00,0.002,51.099,-51.099
14773,-0.200,-0.160,-0.034,0.510,-0.160,-0.004,0.00,0.00,0.00,0.00,0.002,51.099,-51.099
14783,0.020,-0.120,-0.021,0.340,0.000,-0.014,0.00,0.00,0.00,0.00,0.002,51.099,-51.099
14793,-0.120,0.020,-0.012,-0.180,0.180,0.007,0.00,0.68,0.00,0.01,0.002,51.099,-51.099
14803,-0.240,0.000,-0.012,-0.490,-0.120,0.007,0.00,1.78,0.00,0.02,0.002,51.099,-51.099
14813,-0.240,0.000,-0.024,-0.490,-0.120,-0.005,0.00,0.48,0.00,0.03,0.002,51.099,-51.099
14823,0.220,0.300,-0.073,-0.660,0.320,-0.016,0.00,-1.23,0.00,0.02,0.002,51.099,-51.099
14833,0.210,0.550,-0.102,-0.130,0.750,-0.097,0.00,0.27,0.00,0.02,0.002,51.099,-51.099
14843,-0.190,0.490,-0.102,0.390,0.880,-0.097,0.00,-2.26,0.00,-0.00,0.002,51.099,-51.099
14853,-0.190,0.490,-0.097,0.390,0.880,-0.113,-0.55,0.96,-0.01,0.01,0.002,51.099,-51.099
14864,-0.010,0.560,-0.072,0.490,0.780,-0.098,0.25,-0.62,-0.00,0.00,0.002,51.099,-51.099
14874,-0.200,0.780,-0.025,0.000,1.040,-0.035,0.27,0.00,0.00,0.00,0.002,51.099,-51.099
14884,0.060,0.620,-0.025,0.000,1.040,-0.035,0.00,-0.27,0.00,-0.00,0.002,51.099,-51.099
14894,0.060,0.620,-0.038,-1.490,0.880,-0.027,0.00,0.00,0.00,-0.00,0.002,51.099,-51.099
14904,0.260,0.770,-0.164,-0.950,1.050,-0.154,0.00,0.27,0.00,0.00,0.002,51.099,-51.099
14914,-0.310,0.700,-0.188,0.220,1.070,-0.211,0.00,0.00,0.00,0.00,0.002,51.099,-51.099
14924,-0.270,0.430,-0.188,1.110,0.790,-0.211,0.00,-0.27,0.00,-0.00,0.002,51.099,-51.099
14934,-0.270,0.430,-0.168,1.110,0.790,-0.211,0.00,0.00,0.00,-0.00,0.002,51.099,-51.099
14944,-0.480,0.100,-0.029,1.560,0.440,-0.088,0.00,-0.27,0.00,-0.01,0.002,51.099,-51.099
14954,-0.530,-0.290,0.074,1.990,0.180,0.110,0.00,0.55,0.00,0.00,0.002,51.099,-51.099
14964,0.060,-0.260,0.119,0.210,0.140,0.112,0.00,0.00,0.00,0.00,0.002,51.099,-51.099
14974,0.060,-0.260,0.119,0.210,0.140,0.112,0.00,0.00,0.00,0.00,0.002,51.099,-51.099
14984,0.110,-0.240,0.116,0.290,0.130,0.114,0.00,0.00,0.00,0.00,0.002,51.099,-51.099
14994,0.180,-0.340,0.113,-0.200,0.010,0.102,0.00,0.00,0.00,0.00,0.002,51.099,-51.099
15004,0.420,-0.560,0.109,0.290,-0.200,0.107,0.00,0.00,0.00,0.00,0.002,51.099,-51.099
15014,0.420,-0.560,0.109,0.290,-0.200,0.107,0.00,0.00,0.00,0.00,0.002,51.099,-51.099
15024,0.850,-0.460,0.106,-0.660,-0.120,0.095,0.00,0.00,0.00,0.00,0.002,51.099,-51.099
15034,1.190,-0.160,-0.003,-0.270,0.000,-0.004,0.00,0.00,0.00,0.00,0.002,51.099,-51.099
15044,-0.680,0.320,-0.029,-0.440,0.530,0.004,0.00,0.00,0.00,0.00,0.002,51.099,-51.099
15054,-0.680,0.320,-0.029,-0.440,0.530,0.004,0.00,0.00,0.00,0.00,0.002,51.099,-51.099
15064,0.780,0.610,-0.016,0.030,0.850,0.013,0.00,-0.27,0.00,-0.00,0.002,51.099,-51.099
15074,-0.520,0.680,-0.029,0.180,0.960,0.023,0.00,0.27,0.00,0.00,0.002,51.099,-51.099
15084,0.610,0.540,-0.014,-1.410,0.650,0.034,0.00,0.00,0.00,0.00,0.002,51.099,-51.099
15094,0.480,0.620,-0.014,-1.240,0.800,0.034,0.00,0.00,0.00,0.00,0.002,51.099,-51.099
15104,0.480,0.620,-0.064,-1.240,0.800,-0.045,0.00,0.00,0.00,0.00,0.002,51.099,-51.099
15114,-0.080,0.550,-0.166,-0.250,0.880,-0.131,0.68,-0.55,0.01,-0.01,0.002,51.099,-51.099
15124,0.170,0.810,-0.161,-0.770,1.040,-0.100,-0.96,-0.21,-0.00,-0.01,0.002,51.099,-51.099
15134,-0.030,-0.110,-0.161,-0.250,0.240,-0.100,0.27,0.48,0.00,-0.00,0.002,51.099,-51.099
15144,-0.030,-0.110,-0.162,-0.250,0.240,-0.113,2.94,-1.23,0.03,-0.02,0.002,51.099,-51.099
15155,-0.080,0.220,-0.165,-0.170,0.170,-0.143,1.18,-3.23,0.04,-0.05,0.002,51.099,-51.099
15165,-0.540,-1.020,-0.159,-0.050,-0.160,-0.138,-2.05,-1.50,0.02,-0.07,0.002,51.099,-51.099
15175,-0.260,-0.770,-0.134,0.380,-0.780,-0.104,-0.21,5.54,0.02,-0.01,0.002,51.099,-51.099
15185,-0.260,-0.770,-0.134,0.380,-0.780,-0.104,-1.03,2.26,0.01,0.01,0.002,51.099,-51.099
15196,-0.340,-0.730,-0.100,0.300,-0.580,-0.070,0.68,-2.30,0.02,-0.01,0.002,51.099,-51.099
15206,-0.080,-0.130,-0.069,0.120,-0.200,-0.053,-0.75,1.50,0.01,0.00,0.002,51.099,-51.099
15216,0.030,0.050,-0.078,-0.280,0.190,-0.069,-0.27,-1.71,0.01,-0.02,0.002,51.099,-51.099
15226,0.050,0.170,-0.078,-0.180,0.220,-0.069,0.27,0.75,0.01,-0.01,0.002,51.099,-51.099
15236,0.050,0.170,-0.089,-0.180,0.220,-0.090,0.27,0.96,0.01,0.00,0.002,51.099,-51.099
15246,-0.380,-0.300,-0.086,0.150,0.070,-0.111,-1.23,0.27,0.00,0.00,0.002,51.099,-51.099
15256,-0.300,-0.680,-0.051,0.050,-0.600,-0.065,0.00,-0.48,0.00,0.00,0.002,51.099,-51.099
15266,-0.330,-0.510,-0.031,-0.310,-0.200,-0.029,0.00,0.00,0.00,0.00,0.002,51.099,-51.099
15276,-0.330,-0.510,-0.031,-0.310,-0.200,-0.029,0.48,0.00,0.00,0.00,0.002,51.099,-51.099
15287,0.670,0.540,-0.017,-0.140,0.760,-0.025,1.37,-0.50,0.02,-0.01,0.002,51.099,-51.099
15297,0.690,0.770,-0.072,0.400,0.910,-0.090,-0.75,-0.96,0.01,-0.02,0.002,51.099,-51.099
15307,-0.520,0.780,-0.085,0.600,0.790,-0.074,-0.55,-2.26,0.01,-0.04,0.002,51.099,-51.099
15317,-0.520,0.780,-0.085,0.600,0.790,-0.074,6.29,-0.27,0.07,-0.04,0.002,51.099,-51.099
15328,0.190,0.690,-0.039,0.590,0.780,-0.021,-5.47,-1.80,0.01,-0.06,0.002,51.099,-51.099
15338,0.000,0.530,0.004,-0.880,0.650,0.007,3.49,3.97,0.04,-0.02,0.002,51.099,-51.099
15348,0.170,0.560,-0.023,-0.840,0.660,-0.026,-1.71,-3.97,0.03,-0.06,0.002,51.099,-51.099
15358,0.080,0.410,-0.023,-0.840,0.660,-0.026,0.21,-1.30,0.03,-0.07,0.002,51.099,-51.099
15369,0.080,0.410,-0.063,-0.960,0.640,-0.069,1.37,7.09,0.04,0.00,0.002,51.099,-51.099
15379,0.540,0.640,-0.141,-0.570,0.230,-0.153,0.27,-9.30,0.05,-0.09,0.002,51.099,-51.099
15389,-0.250,0.390,-0.171,0.100,0.140,-0.165,2.26,4.03,0.07,-0.05,0.002,51.099,-51.099
15399,-0.150,-0.180,-0.162,0.150,-0.100,-0.165,0.27,1.03,0.07,-0.04,0.002,51.099,-51.099
15409,-0.150,-0.180,-0.162,0.150,-0.100,-0.140,-4.79,-2.05,0.02,-0.06,0.002,51.099,-51.099
15420,0.150,-0.180,-0.147,-0.060,-0.130,-0.122,0.93,1.18,0.03,-0.05,0.002,51.099,-51.099
15430,0.130,-0.760,-0.154,0.550,-0.390,-0.130,-0.55,5.74,0.03,0.01,0.002,51.099,-51.099
15440,0.090,-0.330,-0.146,0.790,-0.370,-0.114,0.55,-5.27,0.03,-0.04,0.002,51.099,-51.099
15450,0.000,-0.250,-0.146,0.790,-0.370,-0.114,-2.80,1.03,0.01,-0.03,0.002,51.099,-51.099
15461,0.000,-0.250,-0.110,0.380,-0.630,-0.089,2.74,1.80,0.04,-0.01,0.002,51.099,-51.099
15471,0.110,-0.720,-0.082,-0.660,-0.720,-0.082,-3.49,-0.00,0.00,-0.01,0.002,51.099,-51.099
15481,-