0.0,0.0,-0.0,0.0,0.0,-0.0,0.0,0.0,0.0,-10,10,0.0,0.0,0.0
10.01001001001001,0.0,-0.0,0.0,0.0,-0.0,0.0,0.0,0.0,-10,10,0.0031446078114082,0.0,0.0
20.02002002002002,0.0012474372514506354,-1.4321051949011907e-07,0.0003883377164910648,-0.0031399951424913213,-1.4321051949011907e-07,0.0003883377164910648,0.0,0.0,-10,10,0.00628843818382412,0.0,0.0
30.03003003003003,0.003778103464747441,-1.218920123657866e-06,0.001150567087473726,-0.009219321959248725,-1.218920123657866e-06,0.001150567087473726,0.0,0.0,-10,10,0.009430713870461134,0.0,0.0
40.04004004004004,0.007624140189182146,-4.6077182763996155e-06,0.0022726852489800865,-0.018046076880956895,-4.6077182763996155e-06,0.0022726852489800865,0.0,0.0,-10,10,0.012570658008896389,0.0,0.0
50.05005005005005,0.012814203555304254,-1.2086667288749563e-05,0.0037411158741202403,-0.029436758850675093,-1.2086667288749563e-05,0.0037411158741202403,0.0,0.0,-10,10,0.01570749431313392,0.0,0.0
60.06006006006006,0.019373622236775263,-2.5660347778255845e-05,0.005542693165755949,-0.043215926281862126,-2.5660347778255845e-05,0.005542693165755949,0.0,0.0,-10,10,0.01884044726552525,0.0,0.0
70.07007007007007,0.027324548908375507,-4.7415266677601164e-05,0.007664646478051252,-0.05921586779747838,-4.7415266677601164e-05,0.007664646478051252,0.0,0.0,-10,10,0.021968742308500006,0.0,0.0
80.08008008008008,0.0366861054658426,-7.939533295499426e-05,0.010094585543081649,-0.07727628620847397,-7.939533295499426e-05,0.010094585543081649,0.0,0.0,-10,10,0.025091606036059207,0.0,0.0
90.09009009009009,0.04747452226266552,-0.00012349630464035145,0.012820486279580146,-0.09724399521092886,-0.00012349630464035145,0.012820486279580146,0.0,0.0,-10,10,0.02820826638498386,0.0,0.0
100.1001001001001,0.05970327160881435,-0.00018137729289859436,0.01583067716176106,-0.11897262830126137,-0.00018137729289859436,0.01583067716176106,0.0,0.0,-10,10,0.03131795282571153,0.0,0.0
110.11011011011011,0.0733831957666348,-0.0002543875760529097,0.0191138261269924,-0.14232235942830004,-0.0002543875760529097,0.0191138261269924,0.0,0.0,-10,10,0.034419896552833805,0.0,0.0
120.12012012012012,0.08852262966976562,-0.00034350712983332487,0.02265892800188606,-0.1671596349196454,-0.00034350712983332487,0.02265892800188606,0.0,0.0,-10,10,0.03751333067516743,0.0,0.0
130.13013013013014,0.10512751858193173,-0.0004492994208124419,0.026455292427143316,-0.1933569162376666,-0.0004492994208124419,0.026455292427143316,0.0,0.0,-10,10,0.04059749040535227,0.0,0.0
140.14014014014015,0.12320153090380706,-0.0005718751390071387,0.03049253226223206,-0.22079243313770655,-0.0005718751390071387,0.03049253226223206,0.0,0.0,-10,10,0.0436716132489291,0.0,0.0
150.15015015015015,0.14274616632782505,-0.0007108656639091625,0.03476055245168334,-0.24934994681763417,-0.0007108656639091625,0.03476055245168334,0.0,0.0,-10,10,0.04673493919285049,0.0,0.0
160.16016016016016,0.16376085953281758,-0.0008654051666218669,0.03924953933547877,-0.27891852266381545,-0.0008654051666218669,0.03924953933547877,0.0,0.0,-10,10,0.04978671089337833,0.0,0.0
170.17017017017017,0.18624307960268022,-0.0010341203501200167,0.04394995038665866,-0.3093923122138873,-0.0010341203501200167,0.04394995038665866,0.0,0.0,-10,10,0.05282617386332126,0.0,0.0
180.18018018018017,0.21018842534587764,-0.0012151269206471227,0.04885250435991377,-0.34067034397145346,-0.0012151269206471227,0.04885250435991377,0.0,0.0,-10,10,0.055852576658566015,0.0,0.0
190.19019019019018,0.23559071668550724,-0.0014060319665948756,0.05394817183553301,-0.3726563227219766,-0.0014060319665948756,0.05394817183553301,0.0,0.0,-10,10,0.05886517106385636,0.0,0.0
200.2002002002002,0.2624420822828189,-0.001603941497493392,0.05922816614366527,-0.4052584370127618,-0.001603941497493392,0.05922816614366527,0.0,0.0,-10,10,0.06186321227777378,0.0,0.0
210.21021021021022,0.29073304355053575,-0.0018054724655514743,0.06468393465441799,-0.4383891744730232,-0.0018054724655514743,0.06468393465441799,0.0,0.0,-10,10,0.06484595909687418,0.0,0.0
220.22022022022023,0.32045259520602765,-0.0020067686560498892,0.07030715041985694,-0.47196514466260386,-0.0020067686560498892,0.07030715041985694,0.0,0.0,-10,10,0.06781267409893504,0.0,0.0
230.23023023023023,0.35158828250832846,-0.0022035198912930642,0.0760897041544945,-0.5059069091500412,-0.0022035198912930642,0.0760897041544945,0.0,0.0,-10,10,0.07076262382526774,0.0,0.0
240.24024024024024,0.384126275317185,-0.0023909840462121978,0.08202369654135537,-0.5401388185322906,-0.0023909840462121978,0.08202369654135537,0.0,0.0,-10,10,0.07369507896204998,0.0,0.0
250.25025025025028,0.41805143910673315,-0.002564011422496882,0.08810143085119228,-0.5745888561196271,-0.002564011422496882,0.08810143085119228,0.0,0.0,-10,10,0.07660931452063355,0.0,0.0
260.2602602602603,0.4533474030610236,-0.00271707107269124,0.09431540586288888,-0.6091884880199938,-0.00271707107269124,0.09431540586288888,0.0,0.0,-10,10,0.0795046100167826,0.0,0.0
270.27027027027026,0.48999662537347133,-0.0028442787063727034,0.10065830907353476,-0.6438725193674181,-0.0028442787063727034,0.10065830907353476,0.0,0.0,-10,10,0.08238024964879853,0.0,0.0
280.2802802802803,0.5279804558673384,-0.00293942584765723,0.10712301018708766,-0.6785789564490605,-0.00293942584765723,0.10712301018708766,0.0,0.0,-10,10,0.08523552247448707,0.0,0.0
290.2902902902903,0.5672791960496022,-0.002996009947138858,0.113702554870952,-0.7132488744950258,-0.002996009947138858,0.113702554870952,0.0,0.0,-10,10,0.08806972258692386,0.0,0.0
300.3003003003003,0.6078721567059833,-0.0030072651822451897,0.1203901587702019,-0.7478262909042637,-0.0030072651822451897,0.1203901587702019,0.0,0.0,-10,10,0.09088214928897549,0.0,0.0
310.3103103103103,0.6497377131405163,-0.0029661937081230843,0.1271792017695594,-0.7822580436887204,-0.0029661937081230843,0.1271792017695594,0.0,0.0,-10,10,0.0936721072665321,0.0,0.0
320.3203203203203,0.6928533581588152,-0.0028655971467898963,0.13406322249360839,-0.8164936749264162,-0.0028655971467898963,0.13406322249360839,0.0,0.0,-10,10,0.09643890676040955,0.0,0.0
330.3303303303303,0.7371957528901383,-0.002698108125605886,0.14103591303607882,-0.8504853190222754,-0.002698108125605886,0.14103591303607882,0.0,0.0,-10,10,0.09918186373687789,0.0,0.0
340.34034034034033,0.7827407755394546,-0.00245622169733677,0.14809111390937846,-0.8841875955834175,-0.00245622169733677,0.14809111390937846,0.0,0.0,-10,10,0.10190030005677464,0.0,0.0
350.3503503503503,0.8294635681569656,-0.0021323264933599557,0.15522280920587664,-0.9175575067231498,-0.0021323264933599557,0.15522280920587664,0.0,0.0,-10,10,0.10459354364316048,0.0,0.0
360.36036036036035,0.8773385815089487,-0.00171873547908755,0.16242512196276218,-0.9505543386151799,-0.00171873547908755,0.16242512196276218,0.0,0.0,-10,10,0.10726092864747648,0.0,0.0
370.3703703703703,0.9263396181303291,-0.0012077161965840663,0.16969230972260071,-0.9831395671265404,-0.0012077161965840663,0.16969230972260071,0.0,0.0,-10,10,0.1099017956141612,0.0,0.0
380.38038038038036,0.9764398736360627,-0.000591520393785131,0.17701876028201036,-1.0152767673644374,-0.000591520393785131,0.17701876028201036,0.0,0.0,-10,10,0.11251549164368742,0.0,0.0
390.39039039039034,1.027611976365236,0.0001375870471977723,0.1843989876211557,-1.046931526978677,0.0001375870471977723,0.1843989876211557,0.0,0.0,-10,10,0.11510137055397798,0.0,0.0
400.4004004004004,1.0798280254287151,0.0009872999583558884,0.1918276280070317,-1.0780713630675467,0.0009872999583558884,0.1918276280070317,0.0,0.0,-10,10,0.11765879304016101,0.0,0.0
410.4104104104104,1.133059627228248,0.001965243575595105,0.19929943626376992,-1.1086656425409727,0.001965243575595105,0.19929943626376992,0.0,0.0,-10,10,0.12018712683262459,0.0,0.0
420.42042042042044,1.1872779305120844,0.0030789481253399196,0.20680928220345013,-1.1386855058005265,0.0030789481253399196,0.20680928220345013,0.0,0.0,-10,10,0.12268574685333236,0.0,0.0
430.4304304304304,1.2424536600294762,0.0043358233544349535,0.21435214721114262,-1.1681037936013545,0.0043358233544349535,0.21435214721114262,0.0,0.0,-10,10,0.12515403537036118,0.0,0.0
440.44044044044045,1.2985571488438166,0.0057431340419518365,0.2219231209781383,-1.1968949769664108,0.0057431340419518365,0.2219231209781383,0.0,0.0,-10,10,0.12759138215062238,0.0,0.0
450.45045045045043,1.3555583693616602,0.0073079765243913245,0.22951739837754806,-1.225035090028464,0.0073079765243913245,0.22951739837754806,0.0,0.0,-10,10,0.12999718461072934,0.0,0.0
460.46046046046047,1.4134269631324838,0.009037256259363023,0.23713027647666793,-1.252501665680254,0.009037256259363023,0.23713027647666793,0.0,0.0,-10,10,0.13237084796597362,0.0,0.0
470.47047047047045,1.472132269471721,0.010937666447064325,0.24475715168071327,-1.2792736739178718,0.010937666447064325,0.24475715168071327,0.0,0.0,-10,10,0.13471178537737316,0.0,0.0
480.4804804804805,1.5316433529574045,0.013015667723707958,0.2523935170027258,-1.3053314627669745,0.013015667723707958,0.2523935170027258,0.0,0.0,-10,10,0.1370194180967562,0.0,0.0
490.49049049049046,1.5919290298486086,0.015277468936410481,0.26003495945464794,-1.3306567016857835,0.015277468936410481,0.26003495945464794,0.0,0.0,-10,10,0.13929317560984436,0.0,0.0
500.50050050050055,1.652957893471851,0.0177290090049034,0.2676771575547448,-1.3552323273430185,0.0177290090049034,0.2676771575547448,0.0,0.0,-10,10,0.1415324957773009,0.0,0.0
510.5105105105105,1.7146983386196517,0.020375939871719387,0.2753158789467305,-1.3790424916729127,0.020375939871719387,0.2753158789467305,0.0,0.0,-10,10,0.14373682497370768,0.0,0.0
520.5205205205206,1.777118585003556,0.023223610539197942,0.2829469781261285,-1.4020725121133468,0.023223610539197942,0.2829469781261285,0.0,0.0,-10,10,0.1459056182244377,0.0,0.0
530.5305305305305,1.840186699802129,0.026277052188709658,0.2905663942695585,-1.4243088239368353,0.026277052188709658,0.2905663942695585,0.0,0.0,-10,10,0.1480383393403887,0.0,0.0
540.5405405405405,1.9038706193426949,0.029540964374882746,0.2981701491628019,-1.445738934587681,0.029540964374882746,0.2981701491628019,0.0,0.0,-10,10,0.15013446105054487,0.0,0.0
550.5505505505506,1.9681381699539167,0.03301970228529763,0.30575434522365064,-1.4663513799420407,0.03301970228529763,0.30575434522365064,0.0,0.0,-10,10,0.15219346513233353,0.0,0.0
560.5605605605606,2.032957088024726,0.03671726505406722,0.31331516361569006,-1.4861356824109535,0.03671726505406722,0.31331516361569006,0.0,0.0,-10,10,0.15421484253974496,0.0,0.0
570.5705705705706,2.09829503930358,0.040637285115915994,0.3208488624493088,-1.5050823108095293,0.040637285115915994,0.3208488624493088,0.0,0.0,-10,10,0.15619809352918348,0.0,0.0
580.5805805805805,2.164119637470523,0.044783018585785865,0.3283517750663645,-1.523182641918599,0.044783018585785865,0.3283517750663645,0.0,0.0,-10,10,0.15814272778301874,0.0,0.0
590.5905905905906,2.2303984620131616,0.04915733664761064,0.3358203084050644,-1.5404289236679816,0.04915733664761064,0.3358203084050644,0.0,0.0,-10,10,0.16004826453080642,0.0,0.0
600.6006006006006,2.2970990754362632,0.05376271793469236,0.34325094144174784,-1.5568142398734168,0.05376271793469236,0.34325094144174784,0.0,0.0,-10,10,0.1619142326681488,0.0,0.0
610.6106106106106,2.3641890398334047,0.058601241883065584,0.35064022370637643,-1.5723324764618614,0.058601241883065584,0.35064022370637643,0.0,0.0,-10,10,0.1637401708731656,0.0,0.0
620.6206206206206,2.4316359328478536,0.06367458303833282,0.35798477386865707,-1.5869782891224862,0.06367458303833282,0.35798477386865707,0.0,0.0,-10,10,0.16552562772054624,0.0,0.0
630.6306306306307,2.499407363048663,0.06898400629567991,0.3652812783918341,-1.600747072323191,0.06898400629567991,0.3652812783918341,0.0,0.0,-10,10,0.16727016179315524,0.0,0.0
640.6406406406406,2.5674709847467856,0.07453036305212382,0.3725264902512951,-1.6136349296348729,0.07453036305212382,0.3725264902512951,0.0,0.0,-10,10,0.16897334179116355,0.0,0.0
650.6506506506506,2.635794512274966,0.0803140882494904,0.3797172277152403,-1.625638645307978,0.0803140882494904,0.3797172277152403,0.0,0.0,-10,10,0.17063474663867859,0.0,0.0
660.6606606606606,2.704345733754047,0.08633519828615996,0.38685037318476506,-1.6367556570481132,0.08633519828615996,0.38685037318476506,0.0,0.0,-10,10,0.17225396558784617,0.0,0.0
670.6706706706707,2.7730925243673505,0.09259328977523984,0.39392287209080146,-1.6469840299396008,0.09259328977523984,0.39392287209080146,0.0,0.0,-10,10,0.17383059832039977,0.0,0.0
680.6806806806807,2.8420028591638253,0.09908753912651898,0.40093173184545894,-1.6563224314679201,0.09908753912651898,0.40093173184545894,0.0,0.0,-10,10,0.17536425504663072,0.0,0.0
690.6906906906906,2.911044825409681,0.10581670292932109,0.40787402084539337,-1.6647701075939696,0.10581670292932109,0.40787402084539337,0.0,0.0,-10,10,0.17685455660175553,0.0,0.0
700.7007007007006,2.9801866345073784,0.11277911911319224,0.4147468675249197,-1.6723268598349543,0.11277911911319224,0.4147468675249197,0.0,0.0,-10,10,0.1783011345396568,0.0,0.0
710.7107107107107,3.049396633499947,0.11997270886322994,0.4215474594566672,-1.6789930233085237,0.11997270886322994,0.4215474594566672,0.0,0.0,-10,10,0.17970363122397345,0.0,0.0
720.7207207207207,3.1186433161778147,0.12739497926677715,0.4282730424976564,-1.684769445698569,0.12739497926677715,0.4282730424976564,0.0,0.0,-10,10,0.18106169991651933,0.0,0.0
730.7307307307307,3.187895333804508,0.13504302666816165,0.4349209199787532,-1.68965746710272,0.13504302666816165,0.4349209199787532,0.0,0.0,-10,10,0.18237500486300676,0.0,0.0
740.7407407407406,3.2571215054768676,0.14291354070815324,0.4414884519355314,-1.693658900723244,0.14291354070815324,0.4414884519355314,0.0,0.0,-10,10,0.18364322137605482,0.0,0.0
750.7507507507507,3.326290828134641,0.15100280902483468,0.44797305437864454,-1.6967760143645756,0.15100280902483468,0.44797305437864454,0.0,0.0,-10,10,0.1848660359154617,0.0,0.0
760.7607607607607,3.3953724862336867,0.15930672259263204,0.4543721986018795,-1.6990115127022132,0.15930672259263204,0.4543721986018795,0.0,0.0,-10,10,0.18604314616572085,0.0,0.0
770.7707707707707,3.464335861096306,0.16782078167632505,0.46068341052612743,-1.70036852028913,0.16782078167632505,0.46068341052612743,0.0,0.0,-10,10,0.1871742611107624,0.0,0.0
780.7807807807807,3.5331505399515946,0.17654010237695233,0.46690427007757507,-1.700850565267267,0.17654010237695233,0.46690427007757507,0.0,0.0,-10,10,0.18825910110590063,0.0,0.0
790.7907907907908,3.601786324678113,0.18545942374664015,0.4730324105984786,-1.7004615637529574,0.18545942374664015,0.4730324105984786,0.0,0.0,-10,10,0.1892973979469705,0.0,0.0
800.8008008008007,3.670213240260561,0.1945731154495101,0.47906551828894306,-1.6992058048664314,0.1945731154495101,0.47906551828894306,0.0,0.0,-10,10,0.19028889493663534,0.0,0.0
810.8108108108108,3.738401542971602,0.20387518594596535,0.48500133167818654,-1.6970879363767577,0.20387518594596535,0.48500133167818654,0.0,0.0,-10,10,0.1912333469478502,0.0,0.0
820.8208208208208,3.80632172828943,0.2133592911778078,0.4908376411238251,-1.6941129509347734,0.2133592911778078,0.4908376411238251,0.0,0.0,-10,10,0.19213052048446422,0.0,0.0
830.8308308308309,3.873944538561175,0.22301874373180156,0.4965722883377658,-1.6902861728676593,0.22301874373180156,0.4965722883377658,0.0,0.0,-10,10,0.19298019373894781,0.0,0.0
840.8408408408409,3.941240970421723,0.23284652245947238,0.5022031659373475,-1.6856132455099222,0.23284652245947238,0.5022031659373475,0.0,0.0,-10,10,0.19378215664722992,0.0,0.0
850.8508508508509,4.008182281977091,0.24283528253111092,0.5077282170204187,-1.6801001190465787,0.24283528253111092,0.5077282170204187,0.0,0.0,-10,10,0.19453621094063203,0.0,0.0
860.8608608608608,4.074739999761014,0.25297736590213593,0.5131454347630887,-1.673753038845337,0.25297736590213593,0.5131454347630887,0.0,0.0,-10,10,0.19524217019488593,0.0,0.0
870.8708708708709,4.140885925472974,0.26326481217016373,0.5184528620389344,-1.6665785342555475,0.26326481217016373,0.5184528620389344,0.0,0.0,-10,10,0.1958998598762233,0.0,0.0
880.8808808808809,4.206592142505523,0.2736893698013287,0.5236485910584896,-1.6585834078525985,0.2736893698013287,0.5236485910584896,0.0,0.0,-10,10,0.19650911738452556,0.0,0.0
890.8908908908909,4.271831022268294,0.2842425077045988,0.5287307630278871,-1.6497747251073347,0.2842425077045988,0.5287307630278871,0.0,0.0,-10,10,0.1970697920935233,0.0,0.0
900.9009009009009,4.336575230315775,0.2949154271330379,0.5336975678255624,-1.6401598044609342,0.2949154271330379,0.5336975678255624,0.0,0.0,-10,10,0.19758174538803563,0.0,0.0
910.910910910911,4.400797732285521,0.3056990738911702,0.5385472436959715,-1.629746207786496,0.3056990738911702,0.5385472436959715,0.0,0.0,-10,10,0.1980448506982397,0.0,0.0
920.9209209209209,4.464471799653156,0.31658415082781843,0.5432780769593096,-1.6185417312193466,0.31658415082781843,0.5432780769593096,0.0,0.0,-10,10,0.19845899353096275,0.0,0.0
930.9309309309309,4.527571015310165,0.32756113059399655,0.5478884017362579,-1.606554396338914,0.32756113059399655,0.5478884017362579,0.0,0.0,-10,10,0.19882407149798786,0.0,0.0
940.9409409409409,4.590069278970181,0.33862026864565703,0.5523765996868184,-1.5937924416856355,0.33862026864565703,0.5523765996868184,0.0,0.0,-10,10,0.19913999434136753,0.0,0.0
950.950950950951,4.651940812409169,0.3497516164713114,0.5567410997623339,-1.5802643145971653,0.3497516164713114,0.5567410997623339,0.0,0.0,-10,10,0.19940668395573805,0.0,0.0
960.960960960961,4.713160164544583,0.36094503502476083,0.56098037796982,-1.5659786633487411,0.36094503502476083,0.56098037796982,0.0,0.0,-10,10,0.19962407440762928,0.0,0.0
970.9709709709709,4.773702216358359,0.37219020834340294,0.5650929571477723,-1.550944329583265,0.37219020834340294,0.5650929571477723,0.0,0.0,-10,10,0.1997921119517655,0.0,0.0
980.9809809809809,4.833542185668298,0.3834766573328011,0.5690774067526385,-1.535170341017261,0.3834766573328011,0.5690774067526385,0.0,0.0,-10,10,0.19991075504435277,0.0,0.0
990.990990990991,4.892655631752147,0.3947937536984345,0.5729323426551786,-1.5186659044094402,0.3947937536984345,0.5729323426551786,0.0,0.0,-10,10,0.1999799743533498,0.0,0.0
1001.0010010010011,4.951018459828468,0.4061307340057776,0.5766564269459624,-1.5014403987792084,0.4061307340057776,0.5766564269459624,0.0,0.0,-10,10,0.1999997527657195,0.0,0.0
1011.0110110110111,5.008606925398141,0.41747671385009033,0.5802483677492838,-1.4835033688629988,0.41747671385009033,0.5802483677492838,0.0,0.0,-10,10,0.19997008539166009,0.0,0.0
1021.021021021021,5.065397638450122,0.4288207021175388,0.5837069190447957,-1.4648645187968117,0.4288207021175388,0.5837069190447957,0.0,0.0,-10,10,0.19989097956581386,0.0,0.0
1031.031031031031,5.121367567534894,0.44015161531950253,0.5870308804961971,-1.445533706013876,0.44015161531950253,0.5870308804961971,0.0,0.0,-10,10,0.19976245484545385,0.0,0.0
1041.0410410410411,5.176494043708826,0.45145829198217075,0.590219097286329,-1.4255209353468186,0.45145829198217075,0.590219097286329,0.0,0.0,-10,10,0.19958454300564865,0.0,0.0
1051.0510510510512,5.230754764352473,0.46272950707377225,0.5932704599580585,-1.4048363533242227,0.46272950707377225,0.5932704599580585,0.0,0.0,-10,10,0.19935728803140687,0.0,0.0
1061.061061061061,5.2841277968657,0.4739539864520346,0.5961839042603547,-1.3834902426518494,0.4739539864520346,0.5961839042603547,0.0,0.0,-10,10,0.19908074610680251,0.0,0.0
1071.0710710710712,5.3365915822422725,0.4851204213147201,0.5989584109989836,-1.3614930168692894,0.4851204213147201,0.5989584109989836,0.0,0.0,-10,10,0.19875498560108484,0.0,0.0
1081.081081081081,5.388124938526479,0.4962174826363431,0.6015930058912691,-1.3388552151731838,0.4962174826363431,0.6015930058912691,0.0,0.0,-10,10,0.19838008705177537,0.0,0.0
1091.0910910910911,5.438707064154147,0.5072338355744331,0.6040867594243896,-1.3155874973985768,0.5072338355744331,0.6040867594243896,0.0,0.0,-10,10,0.1979561431447567,0.0,0.0
1101.1011011011012,5.488317541180241,0.5181581538289718,0.6064387867167002,-1.2917006391503136,0.5181581538289718,0.6064387867167002,0.0,0.0,-10,10,0.1974832586913578,0.0,0.0
1111.111111111111,5.536936338395188,0.5289791339389014,0.6086482473815883,-1.2672055270767988,0.5289791339389014,0.6086482473815883,0.0,0.0,-10,10,0.1969615506024416,0.0,0.0
1121.1211211211212,5.584543814331817,0.5396855094998747,0.6107143453933932,-1.2421131542787514,0.5396855094998747,0.6107143453933932,0.0,0.0,-10,10,0.19639114785950135,0.0,0.0
1131.1311311311313,5.6311207201647875,0.5502660652876947,0.6126363289549344,-1.216434615845968,0.5502660652876947,0.6126363289549344,0.0,0.0,-10,10,0.1957721914827723,0.0,0.0
1141.1411411411411,5.676648202504186,0.5607096512721711,0.6144134903662143,-1.1901811045153678,0.5607096512721711,0.6144134903662143,0.0,0.0,-10,10,0.19510483449636776,0.0,0.0
1151.1511511511512,5.721107806084895,0.5710051965064129,0.6160451658938773,-1.1633639064439794,0.5710051965064129,0.6160451658938773,0.0,0.0,-10,10,0.19438924189044673,0.0,0.0
1161.161161161161,5.764481476353216,0.5811417228768627,0.6175307356410232,-1.1359943970907733,0.5811417228768627,0.6175307356410232,0.0,0.0,-10,10,0.19362559058042378,0.0,0.0
1171.1711711711712,5.806751561952144,0.5911083586996763,0.6188696234169906,-1.1080840372015501,0.5911083586996763,0.6188696234169906,0.0,0.0,-10,10,0.19281406936323015,0.0,0.0
1181.1811811811813,5.847900817106561,0.6008943521493565,0.6200612966067394,-1.0796443688913704,0.6008943521493565,0.6200612966067394,0.0,0.0,-10,10,0.1919548788706378,0.0,0.0
1191.1911911911911,5.887912403909578,0.6104890845058502,0.6211052660394796,-1.0506870118192824,0.6104890845058502,0.6211052660394796,0.0,0.0,-10,10,0.19104823151965739,0.0,0.0
1201.2012012012012,5.926769894511105,0.6198820832066348,0.6220010858562056,-1.0212236594503352,0.6198820832066348,0.6220010858562056,0.0,0.0,-10,10,0.1900943514600223,0.0,0.0
1211.2112112112113,5.964457273209727,0.6290630346906347,0.6227483533758105,-0.9912660754001363,0.6290630346906347,0.6227483533758105,0.0,0.0,-10,10,0.1890934745187727,0.0,0.0
1221.2212212212212,6.000958938448794,0.6380217970211313,0.6233467089594689,-0.9608260898574299,0.6380217970211313,0.6233467089594689,0.0,0.0,-10,10,0.1880458481419518,0.0,0.0
1231.2312312312313,6.03625970471766,0.646748412275158,0.62379583587299,-0.9299155960803853,0.646748412275158,0.62379583587299,0.0,0.0,-10,10,0.18695173133343024,0.0,0.0
1241.2412412412411,6.070344804358852,0.6552331186872037,0.6240954601468555,-0.8985465469625544,0.6552331186872037,0.6240954601468555,0.0,0.0,-10,10,0.18581139459087256,0.0,0.0
1251.2512512512512,6.10319988928196,0.6634663625353849,0.6242453504336675,-0.8667309516645605,0.6634663625353849,0.6242453504336675,0.0,0.0,-10,10,0.18462511983886248,0.0,0.0
1261.2612612612613,6.134811032584924,0.6714388097585949,0.6242453178627494,-0.8344808723079091,0.6714388097585949,0.6242453178627494,0.0,0.0,-10,10,0.1833932003592027,0.0,0.0
1271.2712712712712,6.165164730083359,0.6791413572934787,0.6240952158916471,-0.8018084207273892,0.6791413572934787,0.6240952158916471,0.0,0.0,-10,10,0.18211594071840714,0.0,0.0
1281.2812812812813,6.19424790174854,0.6865651441204442,0.6237949401542944,-0.7687257552787705,0.6865651441204442,0.6237949401542944,0.0,0.0,-10,10,0.18079365669240324,0.0,0.0
1291.2912912912914,6.222047893054556,0.693701562008272,0.6233444283056163,-0.7352450776986839,0.693701562008272,0.6233444283056163,0.0,0.0,-10,10,0.17942667518846284,0.0,0.0
1301.3013013013012,6.2485524762351545,0.7005422659472527,0.6227436598623544,-0.7013786300137004,0.7005422659472527,0.6227436598623544,0.0,0.0,-10,10,0.1780153341643812,0.0,0.0
1311.3113113113113,6.273749851450727,0.707079184261149,0.6219926560399076,-0.6671386914958215,0.707079184261149,0.6219926560399076,0.0,0.0,-10,10,0.17655998254492397,0.0,0.0
1321.3213213213212,6.297628647865852,0.7133045283886521,0.6210914795849958,-0.6325375756617397,0.7133045283886521,0.6210914795849958,0.0,0.0,-10,10,0.17506098013556262,0.0,0.0
1331.3313313313313,6.320177924637804,0.7192108023253778,0.6200402346039576,-0.5975876273133434,0.7192108023253778,0.6200402346039576,0.0,0.0,-10,10,0.17351869753352026,0.0,0.0
1341.3413413413414,6.341387171816329,0.7247908117178322,0.6188390663865098,-0.5623012196171504,0.7247908117178322,0.6188390663865098,0.0,0.0,-10,10,0.1719335160361491,0.0,0.0
1351.3513513513512,6.361246311155076,0.7300376726011629,0.6174881612247985,-0.5266907512204022,0.7300376726011629,0.6174881612247985,0.0,0.0,-10,10,0.1703058275466623,0.0,0.0
1361.3613613613613,6.379745696834911,0.7349448197728998,0.6159877462275882,-0.4907686434017742,0.7349448197728998,0.6159877462275882,0.0,0.0,-10,10,0.1686360344772445,0.0,0.0
1371.3713713713714,6.396876116099451,0.7395060147952869,0.6143380891294363,-0.4545473372547022,0.7395060147952869,0.6143380891294363,0.0,0.0,-10,10,0.16692454964956352,0.0,0.0
1381.3813813813813,6.412628789802999,0.7437153536191998,0.6125394980947153,-0.41803929090148495,0.7437153536191998,0.6125394980947153,0.0,0.0,-10,10,0.16517179619270866,0.0,0.0
1391.3913913913914,6.4269953728711595,0.7475672738230531,0.6105923215163497,-0.38125697673645353,0.7475672738230531,0.6105923215163497,0.0,0.0,-10,10,0.1633782074385811,0.0,0.0
1401.4014014014012,6.439967954674312,0.751056561460498,0.6084969478091435,-0.34421287869654904,0.751056561460498,0.6084969478091435,0.0,0.0,-10,10,0.16154422681476144,0.0,0.0
1411.4114114114113,6.451539059314154,0.754178357511125,0.606253805197583,-0.3069194895578322,0.754178357511125,0.606253805197583,0.0,0.0,-10,10,0.15967030773488122,0.0,0.0
1421.4214214214214,6.4617016458234815,0.7569281639287936,0.6038633614980043,-0.2693893082564571,0.7569281639287936,0.6038633614980043,0.0,0.0,-10,10,0.15775691348652632,0.0,0.0
1431.4314314314313,6.470449108279369,0.7593018492826277,0.6013261238950276,-0.23163483723285783,0.7593018492826277,0.6013261238950276,0.0,0.0,-10,10,0.15580451711669824,0.0,0.0
1441.4414414414414,6.477775275829929,0.7612956539861271,0.5986426387121606,-0.19366857979784724,0.7612956539861271,0.5986426387121606,0.0,0.0,-10,10,0.1538136013148634,0.0,0.0
1451.4514514514515,6.483674412634767,0.7629061951102696,0.595813491176487,-0.15550303751954786,0.7629061951102696,0.595813491176487,0.0,0.0,-10,10,0.1517846582936178,0.0,0.0
1461.4614614614613,6.488141217719298,0.7641304707768907,0.5928393051773582,-0.11715070763006485,0.7641304707768907,0.5928393051773582,0.0,0.0,-10,10,0.14971818966699812,0.0,0.0
1471.4714714714714,6.491170824743048,0.7649658641290557,0.5897207430190157,-0.07862408045094238,0.7649658641290557,0.5897207430190157,0.0,0.0,-10,10,0.14761470632646786,0.0,0.0
1481.4814814814813,6.492758801682073,0.7654101468755593,0.5864585051670761,-0.03993563683650825,0.7654101468755593,0.5864585051670761,0.0,0.0,-10,10,0.14547472831460978,0.0,0.0
1491.4914914914914,6.492901150425624,0.7654614824071095,0.5830533299888186,-0.0010978456342685128,0.7654614824071095,0.5830533299888186,0.0,0.0,-10,10,0.14329878469655666,0.0,0.0
1501.5015015015015,6.491594306287187,0.7651184284821814,0.5795059934872204,0.03787683883837678,0.7651184284821814,0.5795059934872204,0.0,0.0,-10,10,0.14108741342919068,0.0,0.0
1511.5115115115113,6.488835137430033,0.7643799394809456,0.5758173090286909,0.07697597930178723,0.7643799394809456,0.5758173090286909,0.0,0.0,-10,10,0.13884116122814455,0.0,0.0
1521.5215215215214,6.484620944207386,0.7632453682261082,0.5719881270644614,0.11618715800675083,0.7632453682261082,0.5719881270644614,0.0,0.0,-10,10,0.13656058343263783,0.0,0.0
1531.5315315315315,6.47894945841737,0.7617144673699153,0.5680193348455952,0.1554979792126736,0.7617144673699153,0.5680193348455952,0.0,0.0,-10,10,0.1342462438681806,0.0,0.0
1541.5415415415414,6.47181884247284,0.7597873903470055,0.5639118561315827,0.19489607165183687,0.7597873903470055,0.5639118561315827,0.0,0.0,-10,10,0.13189871470717923,0.0,0.0
1551.5515515515515,6.463227688486263,0.7574646918932151,0.5596666508924991,0.23436909098014702,0.7574646918932151,0.5596666508924991,0.0,0.0,-10,10,0.12951857632747885,0.0,0.0
1561.5615615615613,6.453175017269782,0.7547473281308602,0.5552847150047009,0.27390472221474793,0.7547473281308602,0.5552847150047009,0.0,0.0,-10,10,0.1271064171688769,0.0,0.0
1571.5715715715714,6.441660277250612,0.7516366562214429,0.5507670799400458,0.3134906821588661,0.7516366562214429,0.5507670799400458,0.0,0.0,-10,10,0.12466283358764339,0.0,0.0
1581.5815815815815,6.428683343301946,0.7481344335871492,0.5461148124486266,0.3531147218141575,0.7481344335871492,0.5461148124486266,0.0,0.0,-10,10,0.12218842970908461,0.0,0.0
1591.5915915915914,6.414244515489506,0.7442428167029121,0.5413290142350102,0.39276462878079244,0.7442428167029121,0.5413290142350102,0.0,0.0,-10,10,0.11968381727818539,0.0,0.0
1601.6016016016015,6.398344517733973,0.7399643594612438,0.5364108216279829,0.43242822964549976,0.7399643594612438,0.5364108216279829,0.0,0.0,-10,10,0.11714961550836794,0.0,0.0
1611.6116116116118,6.3809844963894085,0.735302011112434,0.5313614052438035,0.4720933923576931,0.735302011112434,0.5313614052438035,0.0,0.0,-10,10,0.11458645092840397,0.0,0.0
1621.6216216216217,6.362166018737945,0.7302591137831317,0.5261819696429727,0.5117480285938303,0.7302591137831317,0.5261819696429727,0.0,0.0,-10,10,0.11199495722751909,0.0,0.0
1631.6316316316318,6.3418910714009,0.7248393995767234,0.5208737529805313,0.5513800961100523,0.7248393995767234,0.5208737529805313,0.0,0.0,-10,10,0.10937577509872548,0.0,0.0
1641.6416416416416,6.3201620586665515,0.7190469872593271,0.5154380266499022,0.5909776010831549,0.7190469872593271,0.5154380266499022,0.0,0.0,-10,10,0.10672955208042444,0.0,0.0
1651.6516516516517,6.296981800734827,0.7128863785356094,0.5098760949202988,0.6305286004398987,0.7128863785356094,0.5098760949202988,0.0,0.0,-10,10,0.10405694239631583,0.0,0.0
1661.6616616616618,6.272353531879135,0.7063624539190325,0.5041892945677225,0.6700212041746414,0.7063624539190325,0.5041892945677225,0.0,0.0,-10,10,0.10135860679365452,0.0,0.0
1671.6716716716717,6.246280898525606,0.6994804682015163,0.4983789944995796,0.709443577655203,0.6994804682015163,0.4983789944995796,0.0,0.0,-10,10,0.09863521237989487,0.0,0.0
1681.6816816816818,6.218767957250029,0.6922460455278869,0.49244659537294944,0.7487839439169073,0.6922460455278869,0.49244659537294944,0.0,0.0,-10,10,0.09588743245776199,0.0,0.0
1691.6916916916919,6.189819172692757,0.6846651740808538,0.48639352920653994,0.7880305859446746,0.6846651740808538,0.48639352920653994,0.0,0.0,-10,10,0.09311594635879145,0.0,0.0
1701.7017017017017,6.159439415391914,0.6767442003826308,0.4802212589863714,0.8271718489430149,0.6767442003826308,0.4802212589863714,0.0,0.0,-10,10,0.090321439275379,0.0,0.0
1711.7117117117118,6.1276339595352,0.6684898232196763,0.4739312782652313,0.8661961425937683,0.6684898232196763,0.4739312782652313,0.0,0.0,-10,10,0.08750460209138083,0.0,0.0
1721.7217217217217,6.094408480630662,0.6599090871973846,0.46752511075594794,0.9050919433013918,0.6599090871973846,0.46752511075594794,0.0,0.0,-10,10,0.08466613121130691,0.0,0.0
1731.7317317317318,6.059769053096745,0.6510093759319109,0.4610043099185337,0.9438477964255769,0.6510093759319109,0.4610043099185337,0.0,0.0,-10,10,0.08180672838814917,0.0,0.0
1741.7417417417419,6.023722147772043,0.641798404886654,0.4543704585412513,0.9824523185009806,0.641798404886654,0.4543704585412513,0.0,0.0,-10,10,0.07892710054988815,0.0,0.0
1751.7517517517517,5.9862746293451,0.6322842138612539,0.44762516831566085,1.0208941994437994,0.6322842138612539,0.44762516831566085,0.0,0.0,-10,10,0.07602795962471937,0.0,0.0
1761.7617617617618,5.947433753704704,0.6224751591412923,0.440770079405708,1.0591622047449163,0.6224751591412923,0.440770079405708,0.0,0.0,-10,10,0.07311002236504381,0.0,0.0
1771.771771771772,5.907207165211049,0.6123799053171952,0.4338068600109168,1.0972451776493437,0.6123799053171952,0.4338068600109168,0.0,0.0,-10,10,0.07017401017026607,0.0,0.0
1781.7817817817818,5.865602893888264,0.6020074167811572,0.4267372059237538,1.1351320413216377,0.6020074167811572,0.4267372059237538,0.0,0.0,-10,10,0.06722064890844325,0.0,0.0
1791.7917917917919,5.822629352538723,0.591366948911198,0.4195628400812334,1.1728118009969744,0.591366948911198,0.4195628400812334,0.0,0.0,-10,10,0.06425066873682876,0.0,0.0
1801.8018018018017,5.778295333779638,0.5804680389517638,0.41228551211083614,1.210273546117548,0.5804680389517638,0.41228551211083614,0.0,0.0,-10,10,0.06126480392135667,0.0,0.0
1811.8118118118118,5.732610007002428,0.5693204966005605,0.404906997870816,1.2475064524539499,0.5693204966005605,0.404906997870816,0.0,0.0,-10,10,0.058263792655109496,0.0,0.0
1821.821821821822,5.685582915255381,0.5579343943115873,0.3974290989849746,1.2844997842111523,0.5579343943115873,0.3974290989849746,0.0,0.0,-10,10,0.0552483768758149,0.0,0.0
1831.8318318318318,5.637223972050117,0.5463200573245983,0.38985364237198233,1.3212428961187341,0.5463200573245983,0.38985364237198233,0.0,0.0,-10,10,0.052219302082417644,0.0,0.0
1841.8418418418419,5.58754345809246,0.5344880534314758,0.38218247976933106,1.3577252355049665,0.5344880534314758,0.38218247976933106,0.0,0.0,-10,10,0.04917731715077012,0.0,0.0
1851.851851851852,5.536552017938227,0.522449182490241,0.3744174872520028,1.393936344354362,0.522449182490241,0.3744174872520028,0.0,0.0,-10,10,0.04612317414848807,0.0,0.0
1861.8618618618618,5.484260656574573,0.5102144656976652,0.36656056474594384,1.4298658613482829,0.5102144656976652,0.36656056474594384,0.0,0.0,-10,10,0.04305762814901807,0.0,0.0
1871.871871871872,5.430680735927465,0.49779513463166053,0.3586136355364343,1.4655035238882066,0.49779513463166053,0.3586136355364343,0.0,0.0,-10,10,0.03998143704496099,0.0,0.0
1881.8818818818818,5.375823971295952,0.4852026200748492,0.35057864577144704,1.5008391701012247,0.4852026200748492,0.35057864577144704,0.0,0.0,-10,10,0.03689536136069851,0.0,0.0
1891.8918918918919,5.31970242771383,0.47244854063090214,0.3424575639600901,1.5358627408273557,0.47244854063090214,0.3424575639600901,0.0,0.0,-10,10,0.03380016406436983,0.0,0.0
1901.901901901902,5.2623285162394176,0.45954469114543545,0.3342523804662317,1.570564281588232,0.45954469114543545,0.3342523804662317,0.0,0.0,-10,10,0.03069661037924324,0.0,0.0
1911.9119119119118,5.203714990174086,0.4465030309434257,0.32596510699740633,1.6049339445367499,0.4465030309434257,0.32596510699740633,0.0,0.0,-10,10,0.02758546759453076,0.0,0.0
1921.921921921922,5.143874941210273,0.43333567189527156,0.31759777608910433,1.6389619903872121,0.43333567189527156,0.31759777608910433,0.0,0.0,-10,10,0.024467504875691465,0.0,0.0
1931.931931931932,5.082821795509693,0.42005486632378897,0.3091524405845489,1.6726387903255495,0.42005486632378897,0.3091524405845489,0.0,0.0,-10,10,0.021343493074271774,0.0,0.0
1941.9419419419419,5.020569309712486,0.4066729947645611,0.3006311731100661,1.705954827899147,0.4066729947645611,0.3006311731100661,0.0,0.0,-10,10,0.018214204537328218,0.0,0.0
1951.951951951952,4.957131566878074,0.39320255359220496,0.2920360655461562,1.738900700885856,0.39320255359220496,0.2920360655461562,0.0,0.0,-10,10,0.01508041291648035,0.0,0.0
1961.9619619619618,4.892522972358476,0.37965614252522417,0.28336922849437496,1.7714671231417085,0.37965614252522417,0.28336922849437496,0.0,0.0,-10,10,0.01194289297664198,0.0,0.0
1971.971971971972,4.826758249604925,0.36604645202223346,0.2746327907401376,1.8036449264269088,0.36604645202223346,0.2746327907401376,0.0,0.0,-10,10,0.008802420404476397,0.0,0.0
1981.981981981982,4.759852435908559,0.3523862505824269,0.2658288987115575,1.8354250622096335,0.3523862505824269,0.2658288987115575,0.0,0.0,-10,10,0.005659771616623656,0.0,0.0
1991.9919919919919,4.691820878076044,0.3386883719632466,0.25695971593443556,1.8667986034471853,0.3386883719632466,0.25695971593443556,0.0,0.0,-10,10,0.0025157235677482227,0.0,0.0
2002.0020020020022,4.62267922804097,0.3249657023282765,0.24802742248351559,1.8977567463440503,0.3249657023282765,0.24802742248351559,0.0,0.0,-10,10,-0.0006289464415472886,0.0,0.0
2012.0120120120123,4.55244343841191,0.3112311673384411,0.23903421443012515,1.928290812086407,0.3112311673384411,0.23903421443012515,0.0,0.0,-10,10,-0.003773460956893462,0.0,0.0
2022.0220220220222,4.481129757957996,0.297497719199634,0.22998230328632044,1.958392248552625,0.297497719199634,0.22998230328632044,0.0,0.0,-10,10,-0.0069170425623635325,0.0,0.0
2032.0320320320322,4.408754727032957,0.28377832367992933,0.2208739154456568,1.9880526319993104,0.28377832367992933,0.2208739154456568,0.0,0.0,-10,10,-0.010058914072673246,0.0,0.0
2042.042042042042,4.335335172938505,0.27008594710954903,0.21171129162070748,2.017263668722437,0.27008594710954903,0.21171129162070748,0.0,0.0,-10,10,-0.013198298725324135,0.0,0.0
2052.052052052052,4.260888205228046,0.2564335433767636,0.20249668627745443,2.046017196693131,0.2564335433767636,0.20249668627745443,0.0,0.0,-10,10,-0.01633442037264139,0.0,0.0
2062.062062062062,4.185431210951639,0.24283404093289482,0.19323236706667626,2.074305187167643,0.24283404093289482,0.19323236706667626,0.0,0.0,-10,10,-0.019466503673660526,0.0,0.0
2072.0720720720724,4.108981849843213,0.22930032981957088,0.18392061425246037,2.1021197462710814,0.22930032981957088,0.18392061425246037,0.0,0.0,-10,10,-0.022593774285814595,0.0,0.0
2082.0820820820823,4.031558049450997,0.2158452487313485,0.17456372013796623,2.129453116554458,0.2158452487313485,0.17456372013796623,0.0,0.0,-10,10,-0.025715459056373787,0.0,0.0
2092.092092092092,3.953178000212205,0.20248157212677323,0.16516398848856956,2.156297678524612,0.20248157212677323,0.16516398848856956,0.0,0.0,-10,10,-0.028830786213591655,0.0,0.0
2102.1021021021024,3.87386015047298,0.1892219974008884,0.15572373395251685,2.1826459521465833,0.1892219974008884,0.15572373395251685,0.0,0.0,-10,10,-0.0319389855575099,0.0,0.0
2112.1121121121123,3.7936232014546434,0.17607913213213366,0.14624528147922153,2.208490598318004,0.17607913213213366,0.14624528147922153,0.0,0.0,-10,10,-0.03503928865037384,0.0,0.0
2122.122122122122,3.712486102167303,0.16306548141648855,0.13673096573533391,2.2338244203150777,0.16306548141648855,0.13673096573533391,0.0,0.0,-10,10,-0.03813092900661289,0.0,0.0
2132.1321321321325,3.630468044271899,0.15019343530162266,0.1271831305187181,2.2586403652097413,0.15019343530162266,0.1271831305187181,0.0,0.0,-10,10,-0.04121314228233852,0.0,0.0
2142.1421421421423,3.547588456891777,0.1374752563337026,0.11760412817046957,2.282931525257597,0.1374752563337026,0.11760412817046957,0.0,0.0,-10,10,-0.04428516646431186,0.0,0.0
2152.152152152152,3.463867001374869,0.12492306722938773,0.10799631898510877,2.306691139256181,0.12492306722938773,0.10799631898510877,0.0,0.0,-10,10,-0.04734624205833593,0.0,0.0
2162.162162162162,3.37932356600763,0.11254883868541161,0.09836207061908606,2.329912593873196,0.11254883868541161,0.09836207061908606,0.0,0.0,-10,10,-0.05039561227702504,0.0,0.0
2172.1721721721724,3.2939782606818393,0.10036437733800259,0.08870375749773478,2.3525894249443007,0.10036437733800259,0.08870375749773478,0.0,0.0,-10,10,-0.0534325232269043,0.0,0.0
2182.1821821821823,3.207851411515424,0.08838131388423898,0.07902376022080954,2.374715318740057,0.08838131388423898,0.07902376022080954,0.0,0.0,-10,10,-0.05645622409479431,0.0,0.0
2192.192192192192,3.1209635554284647,0.07661109137726628,0.06932446496674764,2.3962841132016703,0.07661109137726628,0.06932446496674764,0.0,0.0,-10,10,-0.059465967333434455,0.0,0.0
2202.2022022022024,3.033335434675541,0.06506495370712355,0.05960826289579236,2.417289799145119,0.06506495370712355,0.05960826289579236,0.0,0.0,-10,10,-0.062461008846297905,0.0,0.0
2212.2122122122123,2.944987991335633,0.05375393427873459,0.04987754955211708,2.4377265214333326,0.05375393427873459,0.04987754955211708,0.0,0.0,-10,10,-0.06544060817155438,0.0,0.0
2222.222222222222,2.855942361760749,0.0426888448984165,0.040134724265090085,2.45758858011603,0.0426888448984165,0.040134724265090085,0.0,0.0,-10,10,-0.06840402866513373,0.0,0.0
2232.2322322322325,2.766219870984517,0.03188026488004485,0.030382189549820197,2.476870431536884,0.03188026488004485,0.030382189549820197,0.0,0.0,-10,10,-0.07135053768284637,0.0,0.0
2242.2422422422424,2.6758420270919405,0.021338530381789733,0.020622350507123886,2.4955666894076383,0.021338530381789733,0.020622350507123886,0.0,0.0,-10,10,-0.07427940676151366,0.0,0.0
2252.252252252252,2.584830515551584,0.01107372398410235,0.010857614223055078,2.513672125848866,0.01107372398410235,0.010857614223055078,0.0,0.0,-10,10,-0.07718991179906573,0.0,0.0
2262.2622622622625,2.493207193511414,0.0010956645193856802,0.0010903891681389426,2.5311816723970098,0.0010956645193856802,0.0010903891681389426,0.0,0.0,-10,10,-0.08008133323356077,0.0,0.0
2272.2722722722724,2.4009940840595654,-0.008586102836472315,-0.008676915403548483,2.5480904209773945,-0.008586102836472315,-0.008676915403548483,0.0,0.0,-10,10,-0.08295295622108144,0.0,0.0
2282.2822822822823,2.308213370451308,-0.01796231620079012,-0.018441890055312743,2.564393624842893,-0.01796231620079012,-0.018441890055312743,0.0,0.0,-10,10,-0.08580407081246527,0.0,0.0
2292.2922922922926,2.214887390303493,-0.02702400633937096,-0.02820212576864324,2.5800866994779326,-0.02702400633937096,-0.02820212576864324,0.0,0.0,-10,10,-0.08863397212882522,0.0,0.0
2302.3023023023025,2.121038629757769,-0.03576250573101464,-0.037955214543742906,2.5951652234675495,-0.03576250573101464,-0.037955214543742906,0.0,0.0,-10,10,-0.09144196053581584,0.0,0.0
2312.3123123123123,2.026689717613878,-0.04416945733220272,-0.04769874999964251,2.6096249393311926,-0.04416945733220272,-0.04769874999964251,0.0,0.0,-10,10,-0.09422734181660354,0.0,0.0
2322.322322322322,1.9318634194343351,-0.052236823033199424,-0.05743032797375698,2.6234617543209957,-0.052236823033199424,-0.05743032797375698,0.0,0.0,-10,10,-0.09698942734349754,0.0,0.0
2332.3323323323325,1.8365826316218294,-0.0599568917971212,-0.0671475471207409,2.636671741184255,-0.0599568917971212,-0.0671475471207409,0.0,0.0,-10,10,-0.09972753424819832,0.0,0.0
2342.3423423423424,1.7408703754706605,-0.06732228747384637,-0.07684800951050036,2.6492511388898334,-0.06732228747384637,-0.07684800951050036,0.0,0.0,-10,10,-0.10244098559062283,0.0,0.0
2352.352352352352,1.6447497911935587,-0.07432597628096359,-0.08652932122521831,2.6611963533182412,-0.07432597628096359,-0.08652932122521831,0.0,0.0,-10,10,-0.10512911052626413,0.0,0.0
2362.3623623623625,1.5482441319252467,-0.08096127394429167,-0.09618909295525087,2.672503957915157,-0.08096127394429167,-0.09618909295525087,0.0,0.0,-10,10,-0.1077912444720433,0.0,0.0
2372.3723723723724,1.4513767577040775,-0.08722185249084478,-0.10582494059375176,2.6831706943081333,-0.08722185249084478,-0.10582494059375176,0.0,0.0,-10,10,-0.11042672927061409,0.0,0.0
2382.3823823823823,1.354171129433141,-0.09310174668746549,-0.11543448582988244,2.693193472886283,-0.09310174668746549,-0.11543448582988244,0.0,0.0,-10,10,-0.11303491335307854,0.0,0.0
2392.3923923923926,1.2566508028221866,-0.09859536011870293,-0.12501535674046577,2.7025693733427074,-0.09859536011870293,-0.12501535674046577,0.0,0.0,-10,10,-0.11561515190007415,0.0,0.0
2402.4024024024025,1.158839422311749,-0.10369747089787472,-0.13456518837994103,2.711295645179473,-0.10369747089787472,-0.13456518837994103,0.0,0.0,-10,10,-0.11816680700119163,0.0,0.0
2412.4124124124123,1.060760714980875,-0.10840323700561699,-0.14408162336847846,2.7193697081749364,-0.10840323700561699,-0.14408162336847846,0.0,0.0,-10,10,-0.1206892478126852,0.0,0.0
2422.4224224224226,0.96243848443982,-0.11270820125060124,-0.15356231247811214,2.7267891528132204,-0.11270820125060124,-0.15356231247811214,0.0,0.0,-10,10,-0.1231818507134359,0.0,0.0
2432.4324324324325,0.8638966047091309,-0.1166082958474723,-0.16300491521674965,2.7335517406756815,-0.1166082958474723,-0.16300491521674965,0.0,0.0,-10,10,-0.1256439994591285,0.0,0.0
2442.4424424424424,0.7651590140865046,-0.12009984660744483,-0.17240710040991808,2.739655404794176,-0.12009984660744483,-0.17240710040991808,0.0,0.0,-10,10,-0.12807508533460518,0.0,0.0
2452.4524524524527,0.6662497090028423,-0.12317957673738235,-0.18176654678010606,2.7450982499659933,-0.12317957673738235,-0.18176654678010606,0.0,0.0,-10,10,-0.13047450730435817,0.0,0.0
2462.4624624624626,0.5671927378689015,-0.12584461024357343,-0.19108094352356197,2.749878553030288,-0.12584461024357343,-0.19108094352356197,0.0,0.0,-10,10,-0.1328416721611228,0.0,0.0
2472.4724724724724,0.46801219491396795,-0.12809247493681317,-0.20034799088440883,2.7539947631058865,-0.12809247493681317,-0.20034799088440883,0.0,0.0,-10,10,-0.1351759946725358,0.0,0.0
2482.4824824824823,0.3687322140179685,-0.12992110503579615,-0.20956540072593732,2.757445501790328,-0.12992110503579615,-0.20956540072593732,0.0,0.0,-10,10,-0.13747689772582203,0.0,0.0
2492.4924924924926,0.26937696253844745,-0.13132884336622797,-0.21873089709893875,2.760229563320041,-0.13132884336622797,-0.21873089709893875,0.0,0.0,-10,10,-0.1397438124704735,0.0,0.0
2502.5025025025025,0.1699706351338337,-0.1323144431534629,-0.22784221680694028,2.7623459146915286,-0.1323144431534629,-0.22784221680694028,0.0,0.0,-10,10,-0.14197617845888566,0.0,0.0
2512.5125125125123,0.07053744758443292,-0.13287706940688257,-0.23689710996820543,2.7637936957434794,-0.13287706940688257,-0.23689710996820543,0.0,0.0,-10,10,-0.144173443784917,0.0,0.0
2522.5225225225226,-0.02889836938742696,-0.13301629989463493,-0.24589334057436402,2.7645722191997186,-0.13301629989463493,-0.24589334057436402,0.0,0.0,-10,10,-0.14633506522033565,0.0,0.0
2532.5325325325325,-0.1283125762966606,-0.13273212570776202,-0.2548286870455357,2.764680970672914,-0.13273212570776202,-0.2548286870455357,0.0,0.0,-10,10,-0.1484605083491218,0.0,0.0
2542.5425425425424,-0.22768093107266174,-0.13202495141315168,-0.26370094278181266,2.7641196086289805,-0.13202495141315168,-0.26370094278181266,0.0,0.0,-10,10,-0.15054924769959094,0.0,0.0
2552.5525525525527,-0.3269791952330734,-0.130895594795159,-0.27250791671096747,2.762887964312131,-0.130895594795159,-0.27250791671096747,0.0,0.0,-10,10,-0.1526007668743054,0.0,0.0
2562.5625625625626,-0.42618314005266367,-0.1293452861861514,-0.281247433832253,2.760986041630515,-0.1293452861861514,-0.281247433832253,0.0,0.0,-10,10,-0.1546145586777435,0.0,0.0
2572.5725725725724,-0.5252685527258456,-0.12737566738663986,-0.28991733575616263,2.7584140170024343,-0.12737566738663986,-0.28991733575616263,0.0,0.0,-10,10,-0.15659012524169258,0.0,0.0
2582.5825825825827,-0.624211242521429,-0.1249887901760669,-0.2985154812400191,2.75517223916309,-0.1249887901760669,-0.2985154812400191,0.0,0.0,-10,10,-0.15852697814833694,0.0,0.0
2592.5925925925926,-0.7229870469281348,-0.1221871144157283,-0.3070397467192617,2.751261228931873,-0.1221871144157283,-0.3070397467192617,0.0,0.0,-10,10,-0.16042463855100875,0.0,0.0
2602.6026026026025,-0.8215718377894708,-0.11897350574571126,-0.31548802683430305,2.746681678940163,-0.11897350574571126,-0.31548802683430305,0.0,0.0,-10,10,-0.1622826372925732,0.0,0.0
2612.612612612613,-0.9199415274264923,-0.1153512328781344,-0.3238582349528267,2.74143445331969,-0.1153512328781344,-0.3238582349528267,0.0,0.0,-10,10,-0.16410051502141743,0.0,0.0
2622.6226226226227,-1.0180720747470364,-0.11132396448937569,-0.3321483036873984,2.7355205873514326,-0.11132396448937569,-0.3321483036873984,0.0,0.0,-10,10,-0.1658778223050165,0.0,0.0
2632.6326326326325,-1.115939491339992,-0.10689576571437341,-0.3403561854082655,2.728941287075118,-0.10689576571437341,-0.3403561854082655,0.0,0.0,-10,10,-0.16761411974104526,0.0,0.0
2642.6426426426424,-1.213519847553166,-0.10207109424647892,-0.34847985275121846,2.721697928859342,-0.10207109424647892,-0.34847985275121846,0.0,0.0,-10,10,-0.16930897806601208,0.0,0.0
2652.6526526526527,-1.3107892785533224,-0.09685479604673256,-0.35651729912039154,2.7137920589323734,-0.09685479604673256,-0.35651729912039154,0.0,0.0,-10,10,-0.1709619782613852,0.0,0.0
2662.6626626626626,-1.4077239903669665,-0.09125210066682121,-0.36446653918588,2.705225392873701,-0.09125210066682121,-0.36446653918588,0.0,0.0,-10,10,-0.17257271165718624,0.0,0.0
2672.6726726726724,-1.5043002659004463,-0.08526861619035875,-0.3723256093760515,2.6959998150663944,-0.08526861619035875,-0.3723256093760515,0.0,0.0,-10,10,-0.17414078003302555,0.0,0.0
2682.6826826826828,-1.6004944709379632,-0.07891032379751022,-0.38009256836443284,2.68611737811036,-0.07891032379751022,-0.38009256836443284,0.0,0.0,-10,10,-0.1756657957165537,0.0,0.0
2692.6926926926926,-1.6962830601160583,-0.07218357195835315,-0.387765497551052,2.675580302196594,-0.07218357195835315,-0.387765497551052,0.0,0.0,-10,10,-0.17714738167930585,0.0,0.0
2702.7027027027025,-1.7916425828731843,-0.06509507026073846,-0.39534250153811895,2.6643909744425263,-0.06509507026073846,-0.39534250153811895,0.0,0.0,-10,10,-0.1785851716299137,0.0,0.0
2712.712712712713,-1.8865496893729388,-0.05765188287877489,-0.4028217085999281,2.6525519481885715,-0.05765188287877489,-0.4028217085999281,0.0,0.0,-10,10,-0.17997881010466363,0.0,0.0
2722.7227227227227,-1.9809811363995615,-0.049861421688418055,-0.41020127114686833,2.6400659422560278,-0.049861421688418055,-0.41020127114686833,0.0,0.0,-10,10,-0.18132795255537787,0.0,0.0
2732.7327327327325,-2.0749137932243187,-0.04173143903699435,-0.4174793661834267,2.626935840166426,-0.04173143903699435,-0.4174793661834267,0.0,0.0,-10,10,-0.18263226543459668,0.0,0.0
2742.742742742743,-2.168324647441348,-0.03327002017383333,-0.4246541957600741,2.613164689322513,-0.03327002017383333,-0.4246541957600741,0.0,0.0,-10,10,-0.18389142627804103,0.0,0.0
2752.7527527527527,-2.2611908107716223,-0.024485575349517757,-0.4317239874189226,2.598755700150989,-0.024485575349517757,-0.4317239874189226,0.0,0.0,-10,10,-0.18510512378433555,0.0,0.0
2762.7627627627626,-2.35348952483362,-0.015386831591589248,-0.43868699463304456,2.583712245207198,-0.015386831591589248,-0.43868699463304456,0.0,0.0,-10,10,-0.1862730578919708,0.0,0.0
2772.772772772773,-2.445198166879356,-0.005982824164867388,-0.4455414972393474,2.5680378582419197,-0.005982824164867388,-0.4455414972393474,0.0,0.0,-10,10,-0.1873949398534876,0.0,0.0
2782.7827827827828,-2.5362942554944023,0.003717112275146617,-0.4522858018648969,2.551736233230466,0.003717112275146617,-0.4522858018648969,0.0,0.0,-10,10,-0.18847049230686375,0.0,0.0
2792.7927927927926,-2.6267554562605406,0.013703352827007301,-0.4589182423465856,2.534811223364276,0.013703352827007301,-0.4589182423465856,0.0,0.0,-10,10,-0.18949944934408597,0.0,0.0
2802.8028028028025,-2.7165595873796997,0.023965991777133225,-0.4654371801440427,2.5172668400052087,0.023965991777133225,-0.4654371801440427,0.0,0.0,-10,10,-0.19048155657689025,0.0,0.0
2812.812812812813,-2.805684625257856,0.03449485231332992,-0.471841004745685,2.499107251602758,0.03449485231332992,-0.471841004745685,0.0,0.0,-10,10,-0.19141657119965413,0.0,0.0
2822.8228228228227,-2.8941087100475436,0.04527949650839424,-0.47812813406780996,2.480336782574412,0.04527949650839424,-0.47812813406780996,0.0,0.0,-10,10,-0.19230426204942508,0.0,0.0
2832.8328328328325,-2.9818101511476707,0.056309235563899454,-0.4842970148466312,2.4609599121493932,0.056309235563899454,-0.4842970148466312,0.0,0.0,-10,10,-0.19314440966307092,0.0,0.0
2842.842842842843,-3.0687674326593273,0.06757314030400292,-0.4903461230231629,2.440981273176033,0.06757314030400292,-0.4903461230231629,0.0,0.0,-10,10,-0.19393680633153754,0.0,0.0
2852.8528528528527,-3.154959218796275,0.0790600519088703,-0.4962739641208569,2.420405650893019,0.0790600519088703,-0.4962739641208569,0.0,0.0,-10,10,-0.19468125615120055,0.0,0.0
2862.8628628628626,-3.240364359248851,0.09075859287707379,-0.502079073615901,2.3992379816647995,0.09075859287707379,-0.502079073615901,0.0,0.0,-10,10,-0.19537757507229853,0.0,0.0
2872.872872872873,-3.3249618944999764,0.10265717820609448,-0.5077600173000874,2.377483351681408,0.10265717820609448,-0.5077600173000874,0.0,0.0,-10,10,-0.19602559094443528,0.0,0.0
2882.8828828828828,-3.4087310610920185,0.11474402677984366,-0.5133153916361619,2.355146995622998,0.11474402677984366,-0.5133153916361619,0.0,0.0,-10,10,-0.19662514355914085,0.0,0.0
2892.8928928928926,-3.491651296843254,0.12700717295191272,-0.5187438241055682,2.332234295289373,0.12700717295191272,-0.5187438241055682,0.0,0.0,-10,10,-0.19717608468947914,0.0,0.0
2902.902902902903,-3.573702246012663,0.13943447831306804,-0.5240439735485001,2.308750778194837,0.13943447831306804,-0.5240439735485001,0.0,0.0,-10,10,-0.19767827812669456,0.0,0.0
2912.912912912913,-3.654863764411842,0.1520136436313242,-0.5292145304961796,2.284702116128643,0.1520136436313242,-0.5292145304961796,0.0,0.0,-10,10,-0.19813159971388636,0.0,0.0
2922.9229229229227,-3.7351159244628063,0.16473222095275952,-0.5342542174952795,2.260094123681397,0.16473222095275952,-0.5342542174952795,0.0,0.0,-10,10,-0.19853593737670405,0.0,0.0
2932.932932932933,-3.814439020200463,0.17757762585107728,-0.5391617894244094,2.2349327567377184,0.17757762585107728,-0.5391617894244094,0.0,0.0,-10,10,-0.1988911911510555,0.0,0.0
2942.942942942943,-3.8928135722185817,0.19053714981377037,-0.5439360338025903,2.2092241109355175,0.19053714981377037,-0.5439360338025903,0.0,0.0,-10,10,-0.19919727320782088,0.0,0.0
2952.9529529529527,-3.970220332558029,0.20359797275261124,-0.5485757710896383,2.182974420092234,0.20359797275261124,-0.5485757710896383,0.0,0.0,-10,10,-0.19945410787456655,0.0,0.0
2962.9629629629626,-4.046640289536172,0.21674717562606646,-0.5530798549783883,2.156190054598376,0.21674717562606646,-0.5530798549783883,0.0,0.0,-10,10,-0.19966163165425366,0.0,0.0
2972.972972972973,-4.122054672516217,0.22997175316112434,-0.5574471726786815,2.128877519778755,0.22997175316112434,-0.5574471726786815,0.0,0.0,-10,10,-0.1998197932409363,0.0,0.0
2982.982982982983,-4.196444956615389,0.2432586266619263,-0.5616766451930505,2.101043454221771,0.2432586266619263,-0.5616766451930505,0.0,0.0,-10,10,-0.19992855353244599,0.0,0.0
2992.9929929929926,-4.269792867350807,0.25659465689250627,-0.5657672275840328,2.0726946280771292,0.25659465689250627,-0.5657672275840328,0.0,0.0,-10,10,-0.19998788564005876,0.0,0.0
3003.003003003003,-4.342080385221944,0.26996665702087047,-0.5697179092330468,2.0438379413223995,0.26996665702087047,-0.5697179092330468,0.0,0.0,-10,10,-0.1999977748951428,0.0,0.0
3013.013013013013,-4.413289750228574,0.2833614056115875,-0.5735277140907683,2.0144804219987895,0.2833614056115875,-0.5735277140907683,0.0,0.0,-10,10,-0.19995821885278525,0.0,0.0
3023.0230230230227,-4.483403466323107,0.29676565965401336,-0.5771957009189448,1.9846292244165733,0.29676565965401336,-0.5771957009189448,0.0,0.0,-10,10,-0.1998692272923962,0.0,0.0
3033.033033033033,-4.552404305796282,0.31016616761323834,-0.5807209635235883,1.9542916273305533,0.31016616761323834,-0.5807209635235883,0.0,0.0,-10,10,-0.19973082221529131,0.0,0.0
3043.043043043043,-4.6202753135951085,0.3235496824908227,-0.5841026309794904,1.9234750320860232,0.3235496824908227,-0.5841026309794904,0.0,0.0,-10,10,-0.1995430378392523,0.0,0.0
3053.0530530530527,-4.686999811572084,0.3369029748823772,-0.587339867846004,1.892186960735608,0.3369029748823772,-0.587339867846004,0.0,0.0,-10,10,-0.19930592059006735,0.0,0.0
3063.063063063063,-4.752561402664613,0.35021284601904834,-0.590431874374038,1.8604350541274903,0.35021284601904834,-0.590431874374038,0.0,0.0,-10,10,-0.19901952909005324,0.0,0.0
3073.073073073073,-4.816943975003653,0.3634661407799846,-0.5933778867042157,1.8282270699653924,0.3634661407799846,-0.5933778867042157,0.0,0.0,-10,10,-0.19868393414356217,0.0,0.0
3083.083083083083,-4.880131705950594,0.3766497606628882,-0.5961771770561471,1.7955708808408437,0.3766497606628882,-0.5961771770561471,0.0,0.0,-10,10,-0.19829921871947698,0.0,0.0
3093.093093093093,-4.942109066061409,0.38975067669979996,-0.5988290539087701,1.7624744722381345,0.38975067669979996,-0.5988290539087701,0.0,0.0,-10,10,-0.19786547793069875,0.0,0.0
3103.103103103103,-5.0028608229771,0.4027559423053169,-0.6013328621717136,1.7289459405124634,0.4027559423053169,-0.6013328621717136,0.0,0.0,-10,10,-0.19738281901063204,0.0,0.0
3113.113113113113,-5.062372045239541,0.4156527060445127,-0.6036879833476441,1.6949934908417366,0.4156527060445127,-0.6036879833476441,0.0,0.0,-10,10,-0.19685136128667374,0.0,0.0
3123.1231231231227,-5.1206281060317576,0.428428224307907,-0.6058938356855534,1.6606254351525127,0.428428224307907,-0.6058938356855534,0.0,0.0,-10,10,-0.19627123615071196,0.0,0.0
3133.133133133133,-5.177614686841797,0.4410698738809253,-0.6079498743249513,1.625850190020569,0.4410698738809253,-0.6079498743249513,0.0,0.0,-10,10,-0.19564258702664172,0.0,0.0
3143.143143143143,-5.233317781049251,0.4535651643953935,-0.609855591430926,1.5906762745466003,0.4535651643953935,-0.609855591430926,0.0,0.0,-10,10,-0.19496556933490689,0.0,0.0
3153.1531531531527,-5.287723697433619,0.4659017506507287,-0.6116105163200427,1.555112308207558,0.4659017506507287,-0.6116105163200427,0.0,0.0,-10,10,-0.19424035045407528,0.0,0.0
3163.163163163163,-5.340819063603637,0.47806744479261737,-0.6132142155770451,1.5191670086841063,0.47806744479261737,-0.6132142155770451,0.0,0.0,-10,10,-0.19346710967945807,0.0,0.0
3173.173173173173,-5.392590829346759,0.49005022833711337,-0.6146662931623355,1.4828491896647598,0.49005022833711337,-0.6146662931623355,0.0,0.0,-10,10,-0.19264603817878256,0.0,0.0
3183.183183183183,-5.443026269897992,0.5018382640282412,-0.6159663905102033,1.446167758627185,0.5018382640282412,-0.6159663905102033,0.0,0.0,-10,10,-0.19177733894493,0.0,0.0
3193.193193193193,-5.4921129891272855,0.5134199075173539,-0.6171141866177821,1.409131714597212,0.5134199075173539,-0.6171141866177821,0.0,0.0,-10,10,-0.19086122674574982,0.0,0.0
3203.203203203203,-5.539838922644727,0.5247837188526739,-0.6181093981247093,1.371750145886097,0.5247837188526739,-0.6181093981247093,0.0,0.0,-10,10,-0.18989792807096273,0.0,0.0
3213.2132132132133,-5.586192340822775,0.5359184737676315,-0.6189517793834725,1.3340322278065524,0.5359184737676315,-0.6189517793834725,0.0,0.0,-10,10,-0.18888768107616577,0.0,0.0
3223.2232232232236,-5.631161851734824,0.5468131747568135,-0.6196411225204227,1.2959872203681244,0.5468131747568135,-0.6196411225204227,0.0,0.0,-10,10,-0.18783073552395355,0.0,0.0
3233.2332332332335,-5.674736404009394,0.5574570619285502,-0.6201772574874418,1.2576244659524236,0.5574570619285502,-0.6201772574874418,0.0,0.0,-10,10,-0.18672735272216923,0.0,0.0
3243.2432432432433,-5.716905289599245,0.5678396236233832,-0.6205600521042499,1.218953386968824,0.5678396236233832,-0.6205600521042499,0.0,0.0,-10,10,-0.18557780545930191,0.0,0.0
3253.253253253253,-5.757658146464751,0.5779506067878944,-0.6207894120913439,1.1799834834911338,0.5779506067878944,-0.6207894120913439,0.0,0.0,-10,10,-0.18438237793704504,0.0,0.0
3263.2632632632635,-5.7969849611709225,0.5877800270936138,-0.6208652810935574,1.1407243308758437,0.5877800270936138,-0.6208652810935574,0.0,0.0,-10,10,-0.18314136570003384,0.0,0.0
3273.2732732732734,-5.834876071397418,0.5973181787909813,-0.6207876406942395,1.101185577362509,0.5973181787909813,-0.6207876406942395,0.0,0.0,-10,10,-0.1818550755627777,0.0,0.0
3283.2832832832833,-5.871322168360944,0.6065556442885954,-0.6205565104200449,1.0613769416568513,0.6065556442885954,-0.6205565104200449,0.0,0.0,-10,10,-0.18052382553380678,0.0,0.0
3293.2932932932936,-5.906314299149492,0.6154833034482563,-0.6201719477363383,1.0213082104971472,0.6154833034482563,-0.6201719477363383,0.0,0.0,-10,10,-0.17914794473705106,0.0,0.0
3303.3033033033034,-5.9398438689678255,0.6240923425865914,-0.6196340480332123,0.9809892362045001,0.6240923425865914,-0.6196340480332123,0.0,0.0,-10,10,-0.1777277733304712,0.0,0.0
3313.3133133133133,-5.9719026432936975,0.6323742631743433,-0.618942944602123,0.9404299342175904,0.6323742631743433,-0.618942944602123,0.0,0.0,-10,10,-0.17626366242196145,0.0,0.0
3323.3233233233236,-6.002482749944253,0.6403208902246957,-0.6180988086031485,0.8996402806124784,0.6403208902246957,-0.6180988086031485,0.0,0.0,-10,10,-0.17475597398254572,0.0,0.0
3333.3333333333335,-6.0315766810521705,0.6479243803623262,-0.6171018490228807,0.8586303096080847,0.6479243803623262,-0.6171018490228807,0.0,0.0,-10,10,-0.17320508075688773,0.0,0.0
3343.3433433433433,-6.059177294951024,0.6551772295651861,-0.6159523126229581,0.8174101110579235,0.6551772295651861,-0.6159523126229581,0.0,0.0,-10,10,-0.17161136617113748,0.0,0.0
3353.3533533533537,-6.0852778179694305,0.6620722805713329,-0.6146504838792549,0.7759898279287203,0.6620722805713329,-0.6146504838792549,0.0,0.0,-10,10,-0.16997522423813727,0.0,0.0
3363.3633633633635,-6.109871846133581,0.668602729943476,-0.6131966849117398,0.7343796537664948,0.668602729943476,-0.6131966849117398,0.0,0.0,-10,10,-0.16829705946001008,0.0,0.0
3373.3733733733734,-6.132953346777698,0.6747621347842278,-0.6115912754050241,0.6925898301507591,0.6747621347842278,-0.6115912754050241,0.0,0.0,-10,10,-0.16657728672815475,0.0,0.0
3383.3833833833837,-6.154516660062084,0.6805444190954055,-0.609834652519616,0.650630644137403,0.6805444190954055,-0.609834652519616,0.0,0.0,-10,10,-0.1648163312206729,0.0,0.0
3393.3933933933936,-6.174556500398371,0.6859438797750773,-0.6079272507939062,0.6085124256909258,0.6859438797750773,-0.6079272507939062,0.0,0.0,-10,10,-0.16301462829725244,0.0,0.0
3403.4034034034034,-6.193067957781651,0.6909551922464047,-0.6058695420369071,0.5662455451066104,0.6909551922464047,-0.6058695420369071,0.0,0.0,-10,10,-0.16117262339153382,0.0,0.0
3413.4134134134133,-6.210046499029151,0.6955734157127014,-0.6036620352117734,0.5238404104232766,0.6955734157127014,-0.6036620352117734,0.0,0.0,-10,10,-0.15929077190098578,0.0,0.0
3423.4234234234236,-6.225487968925183,0.6997939980334923,-0.6013052763101318,0.4813074648272355,0.6997939980334923,-0.6013052763101318,0.0,0.0,-10,10,-0.15736953907431794,0.0,0.0
3433.4334334334335,-6.239388591272082,0.7036127802167391,-0.5987998482172525,0.4386571840480791,0.7036127802167391,-0.5987998482172525,0.0,0.0,-10,10,-0.15540939989645774,0.0,0.0
3443.4434434434434,-6.2517449698468965,0.7070260005227722,-0.5961463705680954,0.3959000737469376,0.7070260005227722,-0.5961463705680954,0.0,0.0,-10,10,-0.1534108389711198,0.0,0.0
3453.4534534534537,-6.262554089263594,0.7100302981758563,-0.5933454995942655,0.3530466668978236,0.7100302981758563,-0.5933454995942655,0.0,0.0,-10,10,-0.15137435040099836,0.0,0.0
3463.4634634634635,-6.2718133157406015,0.7126227166797062,-0.5903979279619179,0.31010752116273643,0.7126227166797062,-0.5903979279619179,0.0,0.0,-10,10,-0.14930043766561038,0.0,0.0
3473.4734734734734,-6.279520397773478,0.7148007067336583,-0.58730438460065,0.2670932162611086,0.7148007067336583,-0.58730438460065,0.0,0.0,-10,10,-0.14718961349682066,0.0,0.0
3483.4834834834837,-6.285673466712582,0.7165621287465995,-0.5840656345234253,0.22401435133429848,0.7165621287465995,-0.5840656345234253,0.0,0.0,-10,10,-0.14504239975207942,0.0,0.0
3493.4934934934936,-6.29027103724561,0.717905254946157,-0.580682478637572,0.18088154230570685,0.717905254946157,-0.580682478637572,0.0,0.0,-10,10,-0.14285932728540426,0.0,0.0
3503.5035035035035,-6.293312007784852,0.7188287710810453,-0.577155753546905,0.13770541923721646,0.7188287710810453,-0.577155753546905,0.0,0.0,-10,10,-0.14064093581613682,0.0,0.0
3513.5135135135138,-6.294795660759167,0.7193317777148788,-0.5734863313450175,0.09449662368255085,0.7193317777148788,-0.5734863313450175,0.0,0.0,-10,10,-0.13838777379550926,0.0,0.0
3523.5235235235236,-6.294721662810501,0.7194137911101536,-0.5696751193997968,0.0512658060382325,0.7194137911101536,-0.5696751193997968,0.0,0.0,-10,10,-0.1361003982710505,0.0,0.0
3533.5335335335335,-6.293090064895026,0.7190747437015138,-0.5657230601292148,0.008023622892764593,0.7190747437015138,-0.5657230601292148,0.0,0.0,-10,10,-0.1337793747488679,0.0,0.0
3543.543543543544,-6.289901302288797,0.7183149841578241,-0.5616311307684508,-0.0352192656253103,0.7183149841578241,-0.5616311307684508,0.0,0.0,-10,10,-0.1314252770538377,0.0,0.0
3553.5535535535537,-6.2851561944979775,0.7171352770329693,-0.5574003431284024,-0.07845219849982987,0.7171352770329693,-0.5574003431284024,0.0,0.0,-10,10,-0.12903868718773878,0.0,0.0
3563.5635635635635,-6.27885594507367,0.7155368020057223,-0.5530317433456458,-0.12166451647925802,0.7155368020057223,-0.5530317433456458,0.0,0.0,-10,10,-0.12662019518536433,0.0,0.0
3573.5735735735734,-6.271002141331375,0.7135211527094146,-0.548526411623907,-0.16484556472812395,0.7135211527094146,-0.548526411623907,0.0,0.0,-10,10,-0.12417039896864877,0.0,0.0
3583.5835835835837,-6.261596753975192,0.7110903351525586,-0.543885461967108,-0.20798469547698373,0.7110903351525586,-0.543885461967108,0.0,0.0,-10,10,-0.12168990419884343,0.0,0.0
3593.5935935935936,-6.250642136626837,0.7082467657319722,-0.5391100419040522,-0.2510712706702858,0.7082467657319722,-0.5391100419040522,0.0,0.0,-10,10,-0.11917932412677955,0.0,0.0
3603.6036036036035,-6.238141025259627,0.7049932688403592,-0.5342013322048211,-0.2940946646114777,0.7049932688403592,-0.5342013322048211,0.0,0.0,-10,10,-0.11663927944125466,0.0,0.0
3613.613613613614,-6.224096537537552,0.7013330740707028,-0.5291605465889487,-0.337044266604698,0.7013330740707028,-0.5291605465889487,0.0,0.0,-10,10,-0.11407039811558024,0.0,0.0
3623.6236236236236,-6.2085121720596375,0.6972698130202233,-0.5239889314254473,-0.37990948359244125,0.6972698130202233,-0.5239889314254473,0.0,0.0,-10,10,-0.11147331525232851,0.0,0.0
3633.6336336336335,-6.19139180750976,0.692807515697056,-0.5186877654247598,-0.42267974278850984,0.692807515697056,-0.5186877654247598,0.0,0.0,-10,10,-0.10884867292631586,0.0,0.0
3643.643643643644,-6.172739701712166,0.6879506065331863,-0.5132583593227127,-0.46534449430565417,0.6879506065331863,-0.5132583593227127,0.0,0.0,-10,10,-0.10619712002586411,0.0,0.0
3653.6536536536537,-6.152560490592911,0.682703900007583,-0.5077020555565503,-0.5078932137772094,0.682703900007583,-0.5077020555565503,0.0,0.0,-10,10,-0.10351931209237569,0.0,0.0
3663.6636636636636,-6.130859187047494,0.677072595883842,-0.5020202279331286,-0.5503154049721326,0.677072595883842,-0.5020202279331286,0.0,0.0,-10,10,-0.10081591115826492,0.0,0.0
3673.673673673674,-6.107641179714976,0.6710622740670467,-0.4962142812893508,-0.5926006024027788,0.6710622740670467,-0.4962142812893508,0.0,0.0,-10,10,-0.09808758558328406,0.0,0.0
3683.6836836836837,-6.082912231658888,0.6646788890849169,-0.49028565114493045,-0.6347383739247734,0.6646788890849169,-0.49028565114493045,0.0,0.0,-10,10,-0.09533500988928559,0.0,0.0
3693.6936936936936,-6.056678478955265,0.6579287641987024,-0.484235803347566,-0.6767183233283589,0.6579287641987024,-0.484235803347566,0.0,0.0,-10,10,-0.09255886459345988,0.0,0.0
3703.703703703704,-6.028946429188162,0.6508185851496276,-0.4780662337106153,-0.7185300929205791,0.6508185851496276,-0.4780662337106153,0.0,0.0,-10,10,-0.0897598360400925,0.0,0.0
3713.713713713714,-5.999722959853033,0.6433553935470736,-0.47177846764336034,-0.7601633660976526,0.6433553935470736,-0.47177846764336034,0.0,0.0,-10,10,-0.08693861623087916,0.0,0.0
3723.7237237237237,-5.969015316668363,0.6355465799050192,-0.4653740597739524,-0.801607869906936,0.6355465799050192,-0.4653740597739524,0.0,0.0,-10,10,-0.08409590265384287,0.0,0.0
3733.7337337337335,-5.936831111796,0.6273998763336245,-0.45885459356513203,-0.8428533775978169,0.6273998763336245,-0.45885459356513203,0.0,0.0,-10,10,-0.08123239811089447,0.0,0.0
3743.743743743744,-5.903178321970605,0.6189233488931771,-0.4522216809228183,-0.8838897111609372,0.6189233488931771,-0.4522216809228183,0.0,0.0,-10,10,-0.07834881054407959,0.0,0.0
3753.7537537537537,-5.868065286538716,0.6101253896179515,-0.44547696179766433,-0.9247067438551095,0.6101253896179515,-0.44547696179766433,0.0,0.0,-10,10,-0.07544585286055408,0.0,0.0
3763.7637637637636,-5.831500705407886,0.6010147082178654,-0.43862210377967764,-0.9652944027213177,0.6010147082178654,-0.43862210377967764,0.0,0.0,-10,10,-0.07252424275633346,0.0,0.0
3773.773773773774,-5.793493636906454,0.5916003234661309,-0.4316588016860054,-1.0056426710831783,0.5916003234661309,-0.4316588016860054,0.0,0.0,-10,10,-0.06958470253885683,0.0,0.0
3783.7837837837837,-5.754053495554425,0.5818915542814115,-0.42458877714198706,-1.04574159103325,0.5818915542814115,-0.42458877714198706,0.0,0.0,-10,10,-0.06662795894841154,0.0,0.0
3793.7937937937936,-5.713190049746075,0.5718980105132955,-0.4174137781555773,-1.0855812659045943,0.5718980105132955,-0.4174137781555773,0.0,0.0,-10,10,-0.06365474297846171,0.0,0.0
3803.803803803804,-5.6709134193448065,0.5616295834401942,-0.4101355786852449,-1.1251518627269617,0.5616295834401942,-0.4101355786852449,0.0,0.0,-10,10,-0.0606657896949253,0.0,0.0
3813.813813813814,-5.627234073190904,0.5510964359890537,-0.4027559782014549,-1.1644436146670167,0.5510964359890537,-0.4027559782014549,0.0,0.0,-10,10,-0.057661838054444484,0.0,0.0
3823.8238238238237,-5.582162826522759,0.5403089926865452,-0.39527680124184117,-1.2034468234519986,0.5403089926865452,-0.39527680124184117,0.0,0.0,-10,10,-0.05464363072169326,0.0,0.0
3833.833833833834,-5.5357108383122675,0.5292779293516687,-0.3876998969601808,-1.2421518617762222,0.5292779293516687,-0.3876998969601808,0.0,0.0,-10,10,-0.05161191388577011,0.0,0.0
3843.843843843844,-5.487889608515003,0.5180141625399537,-0.3800271386692812,-1.2805491756898268,0.5180141625399537,-0.3800271386692812,0.0,0.0,-10,10,-0.04856743707571747,0.0,0.0
3853.8538538538537,-5.438710975235892,0.5065288387496922,-0.37226042337789284,-1.3186292869692,0.5065288387496922,-0.37226042337789284,0.0,0.0,-10,10,-0.04551095297521649,0.0,0.0
3863.863863863864,-5.388187111811082,0.4948333234008712,-0.36440167132176265,-1.3563827954684706,0.4948333234008712,-0.36440167132176265,0.0,0.0,-10,10,-0.042443217236501574,0.0,0.0
3873.873873873874,-5.336330523806726,0.4829391895977001,-0.3564528254889434,-1.39380038145152,0.4829391895977001,-0.3564528254889434,0.0,0.0,-10,10,-0.03936498829354122,0.0,0.0
3883.8838838838838,-5.283154045935446,0.47085820668583905,-0.34841585113947726,-1.4308728079039228,0.47085820668583905,-0.34841585113947726,0.0,0.0,-10,10,-0.036277027174530324,0.0,0.0
3893.8938938938936,-5.22867083889121,0.4586023286156396,-0.34029273531957127,-1.4675909228242592,0.4586023286156396,-0.34029273531957127,0.0,0.0,-10,10,-0.03318009731374276,0.0,0.0
3903.903903903904,-5.172894386103449,0.44618368212290066,-0.33208548637038604,-1.5039456614942242,0.44618368212290066,-0.33208548637038604,0.0,0.0,-10,10,-0.0300749643627874,0.0,0.0
3913.913913913914,-5.115838490411196,0.4336145547388235,-0.3237961334315584,-1.5399280487269924,0.4336145547388235,-0.3237961334315584,0.0,0.0,-10,10,-0.026962396001316877,0.0,0.0
3923.9239239239237,-5.057517270658072,0.4209073826410172,-0.31542672593958065,-1.5755292010932742,0.4209073826410172,-0.31542672593958065,0.0,0.0,-10,10,-0.023843161747234675,0.0,0.0
3933.933933933934,-4.997945158208982,0.4080747383575653,-0.3069793331211612,-1.6107403291245266,0.4080747383575653,-0.3069793331211612,0.0,0.0,-10,10,-0.020718032766448017,0.0,0.0
3943.943943943944,-4.937136893389375,0.3951293183363093,-0.2984560434816912,-1.645552739492764,0.3951293183363093,-0.2984560434816912,0.0,0.0,-10,10,-0.017587781682212377,0.0,0.0
3953.9539539539537,-4.875107521847944,0.38208393039163574,-0.28985896428894375,-1.6799578371664512,0.38208393039163574,-0.28985896428894375,0.0,0.0,-10,10,-0.0144531823841175,0.0,0.0
3963.963963963964,-4.811872390843699,0.36895148104117864,-0.281190221052134,-1.7139471275419351,0.36895148104117864,-0.281190221052134,0.0,0.0,-10,10,-0.011315009836758545,0.0,0.0
3973.973973973974,-4.747447145458286,0.3557449627449558,-0.2724519569964678,-1.7475122185498992,0.3557449627449558,-0.2724519569964678,0.0,0.0,-10,10,-0.008174039888142364,0.0,0.0
3983.9839839839838,-4.681847724734547,0.3424774410595536,-0.26364633253331016,-1.7806448227363176,0.3424774410595536,-0.26364633253331016,0.0,0.0,-10,10,-0.005031049077875191,0.0,0.0
3993.993993993994,-4.615090357742247,0.32916204172006097,-0.2547755247261033,-1.8133367593174097,0.32916204172006097,-0.2547755247261033,0.0,0.0,-10,10,-0.001886814445179345,0.0,0.0
4004.0040040040044,-4.54719155957193,0.315811937662523,-0.2458417267521674,-1.845579956208072,0.315811937662523,-0.2458417267521674,0.0,0.0,-10,10,0.0,0.0,0.0
4014.0140140140143,-4.47866711942992,0.3026037351769926,-0.23700248782384034,-1.8761104104915274,0.3026037351769926,-0.23700248782384034,0.0,0.0,-10,10,0.0,0.0,0.0
4024.0240240240246,-4.4102969114168005,0.2897927844510772,-0.22848726186569335,-1.903116494851539,0.2897927844510772,-0.22848726186569335,0.0,0.0,-10,10,0.0,0.0,0.0
4034.0340340340344,-4.34213261660254,0.27738325480328535,-0.2202840179230586,-1.9267876405379403,0.27738325480328535,-0.2202840179230586,0.0,0.0,-10,10,0.0,0.0,0.0
4044.0440440440443,-4.274222600984835,0.26537704201018847,-0.21238117551041535,-1.9473047781387556,0.26537704201018847,-0.21238117551041535,0.0,0.0,-10,10,0.0,0.0,0.0
4054.054054054054,-4.206612073173943,0.2537740527809529,-0.20476758765462913,-1.964840691127853,0.2537740527809529,-0.20476758765462913,0.0,0.0,-10,10,0.0,0.0,0.0
4064.0640640640645,-4.13934323534182,0.24257246124231913,-0.1974325245786318,-1.9795603552636056,0.24257246124231913,-0.1974325245786318,0.0,0.0,-10,10,0.0,0.0,0.0
4074.0740740740744,-4.072455427708986,0.23176893992285244,-0.19036565800130292,-1.9916212643929023,0.23176893992285244,-0.19036565800130292,0.0,0.0,-10,10,0.0,0.0,0.0
4084.084084084084,-4.0059852668316385,0.22135886751579087,-0.18355704603023126,-2.0011737431933634,0.22135886751579087,-0.18355704603023126,0.0,0.0,-10,10,0.0,0.0,0.0
4094.0940940940945,-3.9399667779412546,0.21133651550737292,-0.17699711862491904,-2.008361247366027,0.21133651550737292,-0.17699711862491904,0.0,0.0,-10,10,0.0,0.0,0.0
4104.104104104104,-3.8744315215788903,0.2016952155807699,-0.1706766636088419,-2.013320651770904,0.2016952155807699,-0.1706766636088419,0.0,0.0,-10,10,0.0,0.0,0.0
4114.114114114114,-3.8094087147568274,0.1924275095434367,-0.16458681320959556,-2.016182526978752,0.1924275095434367,-0.16458681320959556,0.0,0.0,-10,10,0.0,0.0,0.0
4124.124124124124,-3.7449253468710038,0.18352528337667262,-0.1587190311071473,-2.0170714046940597,0.18352528337667262,-0.1587190311071473,0.0,0.0,-10,10,0.0,0.0,0.0
4134.134134134134,-3.6810062905787952,0.17497988686938695,-0.15306509997096718,-2.0161060324866082,0.17497988686938695,-0.15306509997096718,0.0,0.0,-10,10,0.0,0.0,0.0
4144.144144144145,-3.6176744078482455,0.16678224017252088,-0.14761710946754272,-2.013399618252033,0.16678224017252088,-0.14761710946754272,0.0,0.0,-10,10,0.0,0.0,0.0
4154.154154154155,-3.554950651376625,0.15892292849537665,-0.14236744472048152,-2.009060064805467,0.15892292849537665,-0.14236744472048152,0.0,0.0,-10,10,0.0,0.0,0.0
4164.1641641641645,-3.492854161568361,0.15139228605942534,-0.13730877520608023,-2.0031901949967144,0.15139228605942534,-0.13730877520608023,0.0,0.0,-10,10,0.0,0.0,0.0
4174.174174174174,-3.4314023592548386,0.14418047032823528,-0.13243404406788745,-1.9958879677202925,0.14418047032823528,-0.13243404406788745,0.0,0.0,-10,10,0.0,0.0,0.0
4184.184184184184,-3.3706110343313003,0.13727752744328073,-0.12773645783441165,-1.9872466851792183,0.13727752744328073,-0.12773645783441165,0.0,0.0,-10,10,0.0,0.0,0.0
4194.194194194194,-3.310494430479103,0.13067344971390757,-0.12320947652472632,-1.9773551917474466,0.13067344971390757,-0.12320947652472632,0.0,0.0,-10,10,0.0,0.0,0.0
4204.204204204205,-3.251065326134906,0.12435822593504861,-0.11884680412730121,-1.9662980647625001,0.12435822593504861,-0.11884680412730121,0.0,0.0,-10,10,0.0,0.0,0.0
4214.214214214215,-3.1923351118618917,0.1183218852378489,-0.11464237943794539,-1.9541557975669144,0.1183218852378489,-0.11464237943794539,0.0,0.0,-10,10,0.0,0.0,0.0
4224.224224224225,-3.1343138642719763,0.1125545351156709,-0.11059036724328149,-1.941004975104772,0.1125545351156709,-0.11059036724328149,0.0,0.0,-10,10,0.0,0.0,0.0
4234.2342342342345,-3.077010416641978,0.10704639421053679,-0.10668514983668567,-1.9269184423676455,0.10704639421053679,-0.10668514983668567,0.0,0.0,-10,10,0.0,0.0,0.0
4244.244244244244,-3.020432426361041,0.10178782039249891,-0.10292131885412223,-1.9119654659728649,0.10178782039249891,-0.10292131885412223,0.0,0.0,-10,10,0.0,0.0,0.0
4254.254254254254,-2.9645864393410903,0.09676933461631612,-0.09929366741777805,-1.8962118891459712,0.09676933461631612,-0.09929366741777805,0.0,0.0,-10,10,0.0,0.0,0.0
4264.264264264265,-2.909477951516827,0.09198164099578826,-0.09579718257586033,-1.8797202803686632,0.09198164099578826,-0.09579718257586033,0.0,0.0,-10,10,0.0,0.0,0.0
4274.274274274275,-2.8551114675567306,0.0874156434958286,-0.09242703802736145,-1.8625500759433562,0.0874156434958286,-0.09242703802736145,0.0,0.0,-10,10,0.0,0.0,0.0
4284.284284284285,-2.801490556901618,0.08306245960552852,-0.08917858712101902,-1.844757716715673,0.08306245960552852,-0.08917858712101902,0.0,0.0,-10,10,0.0,0.0,0.0
4294.294294294295,-2.7486179072426884,0.07891343132180358,-0.0860473561181069,-1.8263967791868183,0.07891343132180358,-0.0860473561181069,0.0,0.0,-10,10,0.0,0.0,0.0
4304.304304304304,-2.6964953755464314,0.07496013374244814,-0.08302903770908582,-1.8075181012386878,0.07496013374244814,-0.08302903770908582,0.0,0.0,-10,10,0.0,0.0,0.0
4314.314314314314,-2.645124036729508,0.0711943815393245,-0.08011948477451912,-1.7881699026859252,0.0711943815393245,-0.08011948477451912,0.0,0.0,-10,10,0.0,0.0,0.0
4324.324324324324,-2.5945042300825296,0.06760823355675297,-0.07731470438102328,-1.768397900860732,0.06760823355675297,-0.07731470438102328,0.0,0.0,-10,10,0.0,0.0,0.0
4334.334334334335,-2.5446356035376954,0.06419399575674868,-0.0746108520033715,-1.7482454214282328,0.06419399575674868,-0.0746108520033715,0.0,0.0,-10,10,0.0,0.0,0.0
4344.344344344345,-2.4955171558714118,0.060944222711382605,-0.07200422596420561,-1.7277535046224544,0.060944222711382605,-0.07200422596420561,0.0,0.0,-10,10,0.0,0.0,0.0
4354.354354354355,-2.4471472769293388,0.057851717823056203,-0.06949126208313451,-1.7069610070855479,0.057851717823056203,-0.06949126208313451,0.0,0.0,-10,10,0.0,0.0,0.0
4364.3643643643645,-2.399523785957782,0.054909532435716536,-0.06706852852730895,-1.6859046994857567,0.054909532435716536,-0.06706852852730895,0.0,0.0,-10,10,0.0,0.0,0.0
4374.374374374374,-2.352643968121944,0.05211096398385246,-0.06473272085586172,-1.6646193600827495,0.05211096398385246,-0.06473272085586172,0.0,0.0,-10,10,0.0,0.0,0.0
4384.384384384384,-2.306504609288303,0.04944955331137517,-0.06248065725089049,-1.6431378644023504,0.04944955331137517,-0.06248065725089049,0.0,0.0,-10,10,0.0,0.0,0.0
4394.394394394395,-2.2611020291452397,0.04691908127907072,-0.06030927392793761,-1.6214912711763558,0.04691908127907072,-0.06030927392793761,0.0,0.0,-10,10,0.0,0.0,0.0
4404.404404404405,-2.2164321127330386,0.04451356476710966,-0.058215620719188024,-1.5997089046970099,0.04451356476710966,-0.058215620719188024,0.0,0.0,-10,10,0.0,0.0,0.0
4414.414414414415,-2.172490340451483,0.04222725216800498,-0.05619685682286281,-1.5778184337298713,0.04222725216800498,-0.05619685682286281,0.0,0.0,-10,10,0.0,0.0,0.0
4424.424424424425,-2.129271816610519,0.040054618455329684,-0.05425024671253291,-1.5558459471231598,0.040054618455329684,-0.05425024671253291,0.0,0.0,-10,10,0.0,0.0,0.0
4434.4344344344345,-2.086771296586761,0.037990359904353434,-0.05237315620031486,-1.5338160262462384,0.037990359904353434,-0.05237315620031486,0.0,0.0,-10,10,0.0,0.0,0.0
4444.444444444444,-2.044983212646076,0.03602938853245344,-0.05056304864813904,-1.511751814384704,0.03602938853245344,-0.05056304864813904,0.0,0.0,-10,10,0.0,0.0,0.0
4454.454454454454,-2.0039016984900186,0.034166826319625476,-0.04881748132150067,-1.4896750832145336,0.034166826319625476,-0.04881748132150067,0.0,0.0,-10,10,0.0,0.0,0.0
4464.464464464465,-1.9635206125815263,0.03239799926259925,-0.047134101880315235,-1.467606296472932,0.03239799926259925,-0.047134101880315235,0.0,0.0,-10,10,0.0,0.0,0.0
4474.474474474475,-1.9238335603030159,0.030718431309887433,-0.045510645001703695,-1.445564670938893,0.030718431309887433,-0.045510645001703695,0.0,0.0,-10,10,0.0,0.0,0.0
4484.484484484485,-1.8848339149978546,0.029123838219511904,-0.04394492912972836,-1.4235682348320542,0.029123838219511904,-0.04394492912972836,0.0,0.0,-10,10,0.0,0.0,0.0
4494.494494494495,-1.846514837944062,0.027610121376104135,-0.04243485334728888,-1.401633883734125,0.027610121376104135,-0.04243485334728888,0.0,0.0,-10,10,0.0,0.0,0.0
4504.504504504504,-1.808869297307133,0.026173361599520047,-0.04097839436556886,-1.3797774341330973,0.026173361599520047,-0.04097839436556886,0.0,0.0,-10,10,0.0,0.0,0.0
4514.514514514514,-1.771890086116894,0.02480981297300123,-0.03957360362659811,-1.3580136746864613,0.02480981297300123,-0.03957360362659811,0.0,0.0,-10,10,0.0,0.0,0.0
4524.524524524525,-1.7355698393115004,0.023515896715213012,-0.03821860451466316,-1.3363564152958818,0.023515896715213012,-0.03821860451466316,0.0,0.0,-10,10,0.0,0.0,0.0
4534.534534534535,-1.6999010498898641,0.022288195117160306,-0.03691158967246013,-1.3148185340821281,0.022288195117160306,-0.03691158967246013,0.0,0.0,-10,10,0.0,0.0,0.0
4544.544544544545,-1.6648760842121293,0.02112344556199002,-0.03565081841803934,-1.293412022345555,0.02112344556199002,-0.03565081841803934,0.0,0.0,-10,10,0.0,0.0,0.0
4554.554554554555,-1.6304871964861447,0.02001853464300437,-0.03443461425874039,-1.2721480275940436,0.02001853464300437,-0.03443461425874039,0.0,0.0,-10,10,0.0,0.0,0.0
4564.5645645645645,-1.5967265424763317,0.018970492392804395,-0.03326136249846025,-1.2510368947171058,0.018970492392804395,-0.03326136249846025,0.0,0.0,-10,10,0.0,0.0,0.0
4574.574574574574,-1.563586192469815,0.017976486634331726,-0.03212950793473507,-1.2300882053817,0.017976486634331726,-0.03212950793473507,0.0,0.0,-10,10,0.0,0.0,0.0
4584.584584584585,-1.5310581435332564,0.017033817462656073,-0.031037552642249697,-1.2093108157223575,0.017033817462656073,-0.031037552642249697,0.0,0.0,-10,10,0.0,0.0,0.0
4594.594594594595,-1.4991343310924166,0.016139911864644557,-0.029984053839516633,-1.1887128923953119,0.016139911864644557,-0.029984053839516633,0.0,0.0,-10,10,0.0,0.0,0.0
4604.604604604605,-1.4678066398651495,0.01529231848212717,-0.02896762183558956,-1.1683019470635745,0.01529231848212717,-0.02896762183558956,0.0,0.0,-10,10,0.0,0.0,0.0
4614.614614614615,-1.4370669141772416,0.014488702522822873,-0.02798691805379494,-1.1480848693772472,0.014488702522822873,-0.02798691805379494,0.0,0.0,-10,10,0.0,0.0,0.0
4624.624624624625,-1.4069069676892865,0.013726840822096473,-0.027040653129579293,-1.128067958510799,0.013726840822096473,-0.027040653129579293,0.0,0.0,-10,10,0.0,0.0,0.0
4634.6346346346345,-1.37731859256159,0.01300461705756291,-0.026127585079679348,-1.1082569533165958,0.01300461705756291,-0.026127585079679348,0.0,0.0,-10,10,0.0,0.0,0.0
4644.644644644644,-1.3482935680829822,0.012320017117629149,-0.025246517539927966,-1.0886570611516007,0.012320017117629149,-0.025246517539927966,0.0,0.0,-10,10,0.0,0.0,0.0
4654.654654654655,-1.3198236687883063,0.01167112462425223,-0.024396298069110107,-1.0692729854319103,0.01167112462425223,-0.024396298069110107,0.0,0.0,-10,10,0.0,0.0,0.0
4664.664664664665,-1.2919006720883304,0.01105611660948406,-0.023575816516380976,-1.0501089519676121,0.01105611660948406,-0.023575816516380976,0.0,0.0,-10,10,0.0,0.0,0.0
4674.674674674675,-1.2645163654348015,0.010473259344758595,-0.02278400344985238,-1.0311687341283475,0.010473259344758595,-0.02278400344985238,0.0,0.0,-10,10,0.0,0.0,0.0
4684.684684684685,-1.2376625530424212,0.00992090432134629,-0.022019828644043844,-1.0124556768879756,0.00992090432134629,-0.022019828644043844,0.0,0.0,-10,10,0.0,0.0,0.0
4694.694694694695,-1.211331062188584,0.009397484379945092,-0.02128229962398197,-0.9939727197947803,0.009397484379945092,-0.02128229962398197,0.0,0.0,-10,10,0.0,0.0,0.0
4704.704704704704,-1.1855137491108367,0.008901509986989534,-0.020570460263815406,-0.9757224189118201,0.008901509986989534,-0.020570460263815406,0.0,0.0,-10,10,0.0,0.0,0.0
4714.714714714715,-1.1602025045211726,0.008431565654932173,-0.019883389437893147,-0.957706967770239,0.008431565654932173,-0.019883389437893147,0.0,0.0,-10,10,0.0,0.0,0.0
4724.724724724725,-1.1353892587554506,0.007986306503478736,-0.0192201997223316,-0.939928217376633,0.007986306503478736,-0.0192201997223316,0.0,0.0,-10,10,0.0,0.0,0.0
4734.734734734735,-1.1110659865754524,0.007564454958533687,-0.01858003614517027,-0.9223876953139317,0.007564454958533687,-0.01858003614517027,0.0,0.0,-10,10,0.0,0.0,0.0
4744.744744744745,-1.0872247116403344,0.007164797585431594,-0.017962074983287755,-0.905086623973665,0.007164797585431594,-0.017962074983287755,0.0,0.0,-10,10,0.0,0.0,0.0
4754.754754754755,-1.0638575106635186,0.0067861820528865874,-0.017365522604318784,-0.8880259379559746,0.0067861820528865874,-0.017365522604318784,0.0,0.0,-10,10,0.0,0.0,0.0
4764.764764764765,-1.0409565172703679,0.006427514223983215,-0.016789614351879385,-0.8712063006722577,0.006427514223983215,-0.016789614351879385,0.0,0.0,-10,10,0.0,0.0,0.0
4774.774774774774,-1.0185139255713311,0.006087755370453157,-0.016233613472471285,-0.8546281201839413,0.006087755370453157,-0.016233613472471285,0.0,0.0,-10,10,0.0,0.0,0.0
4784.784784784785,-0.9965219934646111,0.005765919506429923,-0.015696810082498035,-0.8382915643095268,0.005765919506429923,-0.015696810082498035,0.0,0.0,-10,10,0.0,0.0,0.0
4794.794794794795,-0.9749730456817916,0.00546107083784478,-0.015178520173884593,-0.8221965750307589,0.00546107083784478,-0.015178520173884593,0.0,0.0,-10,10,0.0,0.0,0.0
4804.804804804805,-0.9538594765892802,0.0051723213236187105,-0.014678084656849007,-0.8063428822275212,0.0051723213236187105,-0.014678084656849007,0.0,0.0,-10,10,0.0,0.0,0.0
4814.814814814815,-0.9331737527578639,0.004898828344814633,-0.01419486843842959,-0.7907300167698743,0.004898828344814633,-0.01419486843842959,0.0,0.0,-10,10,0.0,0.0,0.0
4824.824824824825,-0.912908415312127,0.004639792477939095,-0.013728259535423726,-0.7753573229944976,0.004639792477939095,-0.013728259535423726,0.0,0.0,-10,10,0.0,0.0,0.0
4834.8348348348345,-0.8930560820709806,0.004394455368621056,-0.013277668220445094,-0.7602239705916989,0.004394455368621056,-0.013277668220445094,0.0,0.0,-10,10,0.0,0.0,0.0
4844.844844844845,-0.8736094494900412,0.004162097701945183,-0.012842526199854971,-0.7453289659280916,0.004162097701945183,-0.012842526199854971,0.0,0.0,-10,10,0.0,0.0,0.0
4854.854854854855,-0.8545612944161368,0.003942037265776908,-0.012422285822370129,-0.7306711628290304,0.003942037265776908,-0.012422285822370129,0.0,0.0,-10,10,0.0,0.0,0.0
4864.864864864865,-0.8359044756637531,0.0037336271034843316,-0.012016419317195088,-0.7162492728439064,0.0037336271034843316,-0.012016419317195088,0.0,0.0,-10,10,0.0,0.0,0.0
4874.874874874875,-0.8176319354228033,0.003536253752537069,-0.0116244180605699,-0.7020618750164787,0.003536253752537069,-0.0116244180605699,0.0,0.0,-10,10,0.0,0.0,0.0
4884.884884884885,-0.7997367005066831,0.0033493355655426337,-0.01124579186966647,-0.6881074251815056,0.0033493355655426337,-0.01124579186966647,0.0,0.0,-10,10,0.0,0.0,0.0
4894.894894894895,-0.782211883449177,0.003172321110366165,-0.010880068322806673,-0.6743842648080841,0.003172321110366165,-0.010880068322806673,0.0,0.0,-10,10,0.0,0.0,0.0
4904.904904904905,-0.7650506834583901,0.0030046876460681415,-0.010526792105014214,-0.66089062940926,0.0030046876460681415,-0.010526792105014214,0.0,0.0,-10,10,0.0,0.0,0.0
4914.914914914915,-0.7482463872355207,0.0028459396714863076,-0.010185524377949456,-0.6476246565366915,0.0028459396714863076,-0.010185524377949456,0.0,0.0,-10,10,0.0,0.0,0.0
4924.924924924925,-0.731792369665929,0.0026956075433816518,-0.009855842173312262,-0.6345843933783615,0.0026956075433816518,-0.009855842173312262,0.0,0.0,-10,10,0.0,0.0,0.0
4934.934934934935,-0.7156820943896254,0.0025532461611632736,-0.009537337808832393,-0.6217678039766176,0.0025532461611632736,-0.009537337808832393,0.0,0.0,-10,10,0.0,0.0,0.0
4944.944944944945,-0.6999091142579706,0.002418433715302677,-0.009229618326000204,-0.6091727760830907,0.002418433715302677,-0.009229618326000204,0.0,0.0,-10,10,0.0,0.0,0.0
4954.954954954955,-0.6844670716830803,0.00229077049664401,-0.008932304948722275,-0.5967971276663839,0.00229077049664401,-0.008932304948722275,0.0,0.0,-10,10,0.0,0.0,0.0
4964.964964964965,-0.6693496988861172,0.0021698777639125467,-0.008645032562117379,-0.5846386130877554,0.0021698777639125467,-0.008645032562117379,0.0,0.0,-10,10,0.0,0.0,0.0
4974.974974974975,-0.6545508180503783,0.0020553966668188416,-0.008367449210697714,-0.5726949289593996,0.0020553966668188416,-0.008367449210697714,0.0,0.0,-10,10,0.0,0.0,0.0
4984.984984984985,-0.6400643413848097,0.0019469872222502437,-0.008099215615208797,-0.5609637196993312,0.0019469872222502437,-0.008099215615208797,0.0,0.0,-10,10,0.0,0.0,0.0
4994.994994994995,-0.6258842711033173,0.0018443273411344328,-0.007840004707428771,-0.5494425827962937,0.0018443273411344328,-0.007840004707428771,0.0,0.0,-10,10,0.0,0.0,0.0
5005.005005005005,-0.6120046993249955,0.0017471119036511621,-0.007589501182254228,-0.5381290737975628,0.0017471119036511621,-0.007589501182254228,0.0,0.0,-10,10,0.0,0.0,0.0
5015.015015015015,-0.5984198079001506,0.001655051880558235,-0.007347401066424968,-0.5270207110319823,0.001655051880558235,-0.007347401066424968,0.0,0.0,-10,10,0.0,0.0,0.0
5025.025025025025,-0.5851238681667785,0.0015678734984856983,-0.007113411303264532,-0.5161149800800602,0.0015678734984856983,-0.007113411303264532,0.0,0.0,-10,10,0.0,0.0,0.0
5035.035035035035,-0.5721112406419157,0.0014853174471382126,-0.00688724935283677,-0.5054093380024551,0.0014853174471382126,-0.00688724935283677,0.0,0.0,-10,10,0.0,0.0,0.0
5045.045045045045,-0.559376374652097,0.001407138126429403,-0.006668642806941316,-0.4949012173377264,0.001407138126429403,-0.006668642806941316,0.0,0.0,-10,10,0.0,0.0,0.0
5055.055055055055,-0.5469138079069311,0.0013331029316536165,-0.006457329018392536,-0.4845880298797504,0.0013331029316536165,-0.006457329018392536,0.0,0.0,-10,10,0.0,0.0,0.0
5065.065065065065,-0.534718166019624,0.0012629915748798622,-0.006253054744047446,-0.474467170244786,0.0012629915748798622,-0.006253054744047446,0.0,0.0,-10,10,0.0,0.0,0.0
5075.075075075075,-0.5227841619780934,0.0011965954408297236,-0.006055575801068186,-0.46453601923775084,0.0011965954408297236,-0.006055575801068186,0.0,0.0,-10,10,0.0,0.0,0.0
5085.085085085085,-0.5111065955701375,0.0011337169755756547,-0.005864656735924004,-0.4547919470268655,0.0011337169755756547,-0.005864656735924004,0.0,0.0,-10,10,0.0,0.0,0.0
5095.095095095095,-0.49968035276595674,0.0010741691064683385,-0.0056800705056563264,-0.4452323161354459,0.0010741691064683385,-0.0056800705056563264,0.0,0.0,-10,10,0.0,0.0,0.0
5105.105105105105,-0.48850040506116377,0.0010177746917716167,-0.005501598170948401,-0.43585448425925194,0.0010177746917716167,-0.005501598170948401,0.0,0.0,-10,10,0.0,0.0,0.0
5115.115115115115,-0.4775618087832596,0.0009643659985509631,-0.005329028600558264,-0.4266558069174439,0.0009643659985509631,-0.005329028600558264,0.0,0.0,-10,10,0.0,0.0,0.0
5125.125125125125,-0.4668597043644128,0.0009137842074265545,-0.005162158186690345,-0.4176336399448673,0.0009137842074265545,-0.005162158186690345,0.0,0.0,-10,10,0.0,0.0,0.0
5135.135135135135,-0.45638931558322726,0.000865878942864703,-0.005000790570897017,-0.40878534183304865,0.000865878942864703,-0.005000790570897017,0.0,0.0,-10,10,0.0,0.0,0.0
5145.145145145145,-0.4461459487780581,0.0008205078277418228,-0.0048447363801167554,-0.4001082759269851,0.0008205078277418228,-0.0048447363801167554,0.0,0.0,-10,10,0.0,0.0,0.0
5155.155155155155,-0.43612499203430133,0.0007775360609732014,-0.004693812972470338,-0.39159981248450143,0.0007775360609732014,-0.004693812972470338,0.0,0.0,-10,10,0.0,0.0,0.0
5165.1651651651655,-0.42632191434795724,0.0007368360170547143,-0.004547844192450771,-0.3832573306046619,0.0007368360170547143,-0.004547844192450771,0.0,0.0,-10,10,0.0,0.0,0.0
5175.175175175175,-0.41673226476765435,0.0006982868664192776,-0.004406660135156292,-0.3750782200314529,0.0006982868664192776,-0.004406660135156292,0.0,0.0,-10,10,0.0,0.0,0.0
5185.185185185185,-0.4073516715172023,0.000661774215561349,-0.004270096919228991,-0.36705988283868024,0.000661774215561349,-0.004270096919228991,0.0,0.0,-10,10,0.0,0.0,0.0
5195.195195195195,-0.3981758411006402,0.0006271897659321952,-0.00413799646817425,-0.3591997350017774,0.0006271897659321952,-0.00413799646817425,0.0,0.0,-10,10,0.0,0.0,0.0
5205.205205205205,-0.389200557391635,0.0005944309906560204,-0.004010206299748425,-0.35149520786196997,0.0005944309906560204,-0.004010206299748425,0.0,0.0,-10,10,0.0,0.0,0.0
5215.215215215215,-0.3804216807089946,0.0005634008281624329,-0.0038865793231138957,-0.3439437494880148,0.0005634008281624329,-0.0038865793231138957,0.0,0.0,-10,10,0.0,0.0,0.0
5225.225225225226,-0.3718351468799611,0.0005340073918741875,-0.003766973643471939,-0.33654282594050244,0.0005340073918741875,-0.003766973643471939,0.0,0.0,-10,10,0.0,0.0,0.0
5235.235235235235,-0.36343696629286004,0.0005061636951307356,-0.0036512523738947357,-0.32928992244349786,0.0005061636951307356,-0.0036512523738947357,0.0,0.0,-10,10,0.0,0.0,0.0
5245.245245245245,-0.3552232229405973,0.0004797873905678965,-0.003539283454088271,-0.32218254446808936,0.0004797873905678965,-0.003539283454088271,0.0,0.0,-10,10,0.0,0.0,0.0
5255.255255255255,-0.34719007345641006,0.000454800523212001,-0.0034309394758279765,-0.31521821873221323,0.000454800523212001,-0.0034309394758279765,0.0,0.0,-10,10,0.0,0.0,0.0
5265.265265265265,-0.33933374614320433,0.00043112929658321034,-0.0033260975148186244,-0.3083944941209377,0.00043112929658321034,-0.0033260975148186244,0.0,0.0,-10,10,0.0,0.0,0.0
5275.275275275275,-0.3316505399977313,0.00040870385113743,-0.003224638968739325,-0.301708942531201,0.00040870385113743,-0.003224638968739325,0.0,0.0,-10,10,0.0,0.0,0.0
5285.285285285285,-0.32413682373078895,0.00038745805440939244,-0.0031264494012434307,-0.295159159644829,0.00038745805440939244,-0.0031264494012434307,0.0,0.0,-10,10,0.0,0.0,0.0
5295.295295295296,-0.3167890347845624,0.00036732930225112306,-0.003031418391691797,-0.28874276563348694,0.00036732930225112306,-0.003031418391691797,0.0,0.0,-10,10,0.0,0.0,0.0
5305.305305305305,-0.30960367834815317,0.000348258330590187,-0.002939439390406146,-0.2824574057990595,0.000348258330590187,-0.002939439390406146,0.0,0.0,-10,10,0.0,0.0,0.0
5315.315315315315,-0.30257732637228785,0.0003301890371609084,-0.0028504095792372744,-0.2763007511528008,0.0003301890371609084,-0.0028504095792372744,0.0,0.0,-10,10,0.0,0.0,0.0
5325.325325325325,-0.2957066165841337,0.0003130683126891946,-0.002764229737250546,-0.27027049893644745,0.0003130683126891946,-0.002764229737250546,0.0,0.0,-10,10,0.0,0.0,0.0
5335.335335335335,-0.28898825150309415,0.00029684588103775817,-0.002680804111338502,-0.26436437308834476,0.00029684588103775817,-0.002680804111338502,0.0,0.0,-10,10,0.0,0.0,0.0
5345.345345345345,-0.28241899745840365,0.00028147414784345,-0.00260004029157755,-0.258580124657502,0.00028147414784345,-0.00260004029157755,0.0,0.0,-10,10,0.0,0.0,0.0
5355.355355355356,-0.27599568360929044,0.00026690805720215274,-0.0025218490911525556,-0.2529155321683635,0.00026690805720215274,-0.0025218490911525556,0.0,0.0,-10,10,0.0,0.0,0.0
5365.3653653653655,-0.26971520096842483,0.00025310495597928324,-0.0024461444306797427,-0.24736840193895349,0.00025310495597928324,-0.0024461444306797427,0.0,0.0,-10,10,0.0,0.0,0.0
5375.375375375375,-0.2635745014293261,0.0002400244653454678,-0.0023728432267646716,-0.24193656835493785,0.0002400244653454678,-0.0023728432267646716,0.0,0.0,-10,10,0.0,0.0,0.0
5385.385385385385,-0.25757059679835703,0.00022762835915742525,-0.0023018652846381687,-0.2366178941020279,0.00022762835915742525,-0.0023018652846381687,0.0,0.0,-10,10,0.0,0.0,0.0
5395.395395395395,-0.2517005578318912,0.0002158804488235704,-0.002233133194718957,-0.23141027035904385,0.0002158804488235704,-0.002233133194718957,0.0,0.0,-10,10,0.0,0.0,0.0
5405.405405405405,-0.24596151327919938,0.00020474647431237752,-0.0021665722329574067,-0.2263116169538474,0.00020474647431237752,-0.0021665722329574067,0.0,0.0,-10,10,0.0,0.0,0.0
5415.415415415415,-0.24035064893156272,0.00019419400097915964,-0.002102110264820258,-0.2213198824842562,0.00019419400097915964,-0.002102110264820258,0.0,0.0,-10,10,0.0,0.0,0.0
5425.425425425426,-0.23486520667808464,0.00018419232190366783,-0.002039677652781425,-0.21643304440595215,0.00018419232190366783,-0.002039677652781425,0.0,0.0,-10,10,0.0,0.0,0.0
5435.4354354354355,-0.22950248356863742,0.0001747123654468336,-0.001979207167189012,-0.2116491090893058,0.0001747123654468336,-0.001979207167189012,0.0,0.0,-10,10,0.0,0.0,0.0
5445.445445445445,-0.22425983088434873,0.00016572660775010647,-0.0019206339003835537,-0.20696611184694924,0.00016572660775010647,-0.0019206339003835537,0.0,0.0,-10,10,0.0,0.0,0.0
5455.455455455455,-0.21913465321600004,0.00015720898991521094,-0.0018638951839471383,-0.20238211693384536,0.00015720898991521094,-0.0018638951839471383,0.0,0.0,-10,10,0.0,0.0,0.0
5465.465465465465,-0.21412440755068024,0.00014913483961579964,-0.0018089305089675864,-0.19789521752151887,0.00014913483961579964,-0.0018089305089675864,0.0,0.0,-10,10,0.0,0.0,0.0
5475.475475475475,-0.20922660236701032,0.00014148079690544805,-0.0017556814492061747,-0.19350353564803932,0.00014148079690544805,-0.0017556814492061747,0.0,0.0,-10,10,0.0,0.0,0.0
5485.485485485486,-0.2044387967392262,0.00013422474399874681,-0.0017040915870615628,-0.18920522214526816,0.00013422474399874681,-0.0017040915870615628,0.0,0.0,-10,10,0.0,0.0,0.0
5495.495495495496,-0.1997585994503836,0.0001273457388139384,-0.0016541064422265904,-0.1849984565448135,0.0001273457388139384,-0.0016541064422265904,0.0,0.0,-10,10,0.0,0.0,0.0
5505.505505505505,-0.19518366811492371,0.00012082395207664078,-0.0016056734029384634,-0.180881446964066,0.00012082395207664078,-0.0016056734029384634,0.0,0.0,-10,10,0.0,0.0,0.0
5515.515515515515,-0.19071170831081483,0.00011464060779473208,-0.0015587416597265674,-0.1768524299736245,0.00011464060779473208,-0.0015587416597265674,0.0,0.0,-10,10,0.0,0.0,0.0
5525.525525525525,-0.18634047272146562,0.0001087779269244627,-0.0015132621415657153,-0.17290967044735786,0.0001087779269244627,-0.0015132621415657153,0.0,0.0,-10,10,0.0,0.0,0.0
5535.535535535535,-0.18206776028758298,0.00010321907405734442,-0.001469187454346074,-0.1690514613962878,0.00010321907405734442,-0.001469187454346074,0.0,0.0,-10,10,0.0,0.0,0.0
5545.545545545546,-0.17789141536912945,9.794810696635917e-05,-0.0014264718215743293,-0.16527612378742257,9.794810696635917e-05,-0.0014264718215743293,0.0,0.0,-10,10,0.0,0.0,0.0
5555.555555555556,-0.17380932691751605,9.294992885856285e-05,-0.0013850710272238279,-0.1615820063486139,9.294992885856285e-05,-0.0013850710272238279,0.0,0.0,-10,10,0.0,0.0,0.0
5565.5655655655655,-0.16981942765814906,8.821024318925092e-05,-0.0013449423606545056,-0.1579674853604585,8.821024318925092e-05,-0.0013449423606545056,0.0,0.0,-10,10,0.0,0.0,0.0
5575.575575575575,-0.1659196932834342,8.371551090052457e-05,-0.0013060445635263592,-0.15443096443621565,8.371551090052457e-05,-0.0013060445635263592,0.0,0.0,-10,10,0.0,0.0,0.0
5585.585585585585,-0.16210814165632295,7.94529099543725e-05,-0.0012683377786330595,-0.15097087429066194,7.94529099543725e-05,-0.0012683377786330595,0.0,0.0,-10,10,0.0,0.0,0.0
5595.595595595595,-0.15838283202447534,7.541029703727936e-05,-0.0012317835005850387,-0.1475856724987611,7.541029703727936e-05,-0.0012317835005850387,0.0,0.0,-10,10,0.0,0.0,0.0
5605.605605605605,-0.15474186424509548,7.157617131991067e-05,-0.0011963445282740116,-0.1442738432449803,7.157617131991067e-05,-0.0011963445282740116,0.0,0.0,-10,10,0.0,0.0,0.0
5615.615615615616,-0.1511833780204865,6.793964016162037e-05,-0.001161984919053429,-0.1410338970640445,6.793964016162037e-05,-0.001161984919053429,0.0,0.0,-10,10,0.0,0.0,0.0
5625.625625625626,-0.14770555214435713,6.449038665540037e-05,-0.0011286699445717924,-0.13786437057387818,6.449038665540037e-05,-0.0011286699445717924,0.0,0.0,-10,10,0.0,0.0,0.0
5635.6356356356355,-0.1443066037589009,6.12186389144569e-05,-0.0010963660481981075,-0.13476382620144617,6.12186389144569e-05,-0.0010963660481981075,0.0,0.0,-10,10,0.0,0.0,0.0
5645.645645645645,-0.1409847876226593,5.811514100687179e-05,-0.0010650408039810152,-0.13173085190216924,5.811514100687179e-05,-0.0010650408039810152,0.0,0.0,-10,10,0.0,0.0,0.0
5655.655655655655,-0.13773839538916832,5.517112544980308e-05,-0.0010346628770853063,-0.12876406087355358,5.517112544980308e-05,-0.0010346628770853063,0.0,0.0,-10,10,0.0,0.0,0.0
5665.665665665665,-0.13456575489637862,5.2378287179412905e-05,-0.001005201985651622,-0.12586209126364029,5.2378287179412905e-05,-0.001005201985651622,0.0,0.0,-10,10,0.0,0.0,0.0
5675.675675675676,-0.13146522946683203,4.972875891719412e-05,-0.0009766288640271552,-0.1230236058748495,4.972875891719412e-05,-0.0009766288640271552,0.0,0.0,-10,10,0.0,0.0,0.0
5685.685685685686,-0.12843521721856566,4.7215087857614306e-05,-0.0009489152273171032,-0.12024729186376187,4.7215087857614306e-05,-0.0009489152273171032,0.0,0.0,-10,10,0.0,0.0,0.0
5695.695695695696,-0.12547415038671048,4.483021360601847e-05,-0.0009220337372084936,-0.11753186043735218,4.483021360601847e-05,-0.0009220337372084936,0.0,0.0,-10,10,0.0,0.0,0.0
5705.705705705705,-0.12258049465574018,4.256744729954068e-05,-0.0008959579690197931,-0.1148760465461605,4.256744729954068e-05,-0.0008959579690197931,0.0,0.0,-10,10,0.0,0.0,0.0
5715.715715715715,-0.11975274850232262,4.042045184738319e-05,-0.0008706623799314441,-0.11227860857486088,4.042045184738319e-05,-0.0008706623799314441,0.0,0.0,-10,10,0.0,0.0,0.0
5725.725725725725,-0.11698944254871693,3.838322323023688e-05,-0.0008461222783541356,-0.10973832803066125,3.838322323023688e-05,-0.0008461222783541356,0.0,0.0,-10,10,0.0,0.0,0.0
5735.735735735735,-0.11428913892665496,3.645007280185187e-05,-0.0008223137943932136,-0.10725400922994376,3.645007280185187e-05,-0.0008223137943932136,0.0,0.0,-10,10,0.0,0.0,0.0
5745.745745745746,-0.11165043065163952,3.461561053882911e-05,-0.000799213851369183,-0.10482447898353248,3.461561053882911e-05,-0.000799213851369183,0.0,0.0,-10,10,0.0,0.0,0.0
5755.755755755756,-0.10907194100758688,3.287472918760307e-05,-0.0007768001383557318,-0.10244858628095208,3.287472918760307e-05,-0.0007768001383557318,0.0,0.0,-10,10,0.0,0.0,0.0
5765.7657657657655,-0.10655232294173562,3.1222589260330506e-05,-0.0007550510836981422,-0.10012520197402028,3.1222589260330506e-05,-0.0007550510836981422,0.0,0.0,-10,10,0.0,0.0,0.0
5775.775775775775,-0.10409025846974075,2.9654604833997778e-05,-0.0007339458294763221,-0.09785321846009784,2.9654604833997778e-05,-0.0007339458294763221,0.0,0.0,-10,10,0.0,0.0,0.0
5785.785785785785,-0.1016844580908658,2.8166430109519114e-05,-0.0007134642068780202,-0.09563154936529811,2.8166430109519114e-05,-0.0007134642068780202,0.0,0.0,-10,10,0.0,0.0,0.0
5795.795795795795,-0.09933366021318411,2.6753946689925412e-05,-0.0006935867124490582,-0.0934591292279425,2.6753946689925412e-05,-0.0006935867124490582,0.0,0.0,-10,10,0.0,0.0,0.0
5805.805805805806,-0.09703663058869554,2.5413251538946558e-05,-0.0006742944851886418,-0.09133491318252931,2.5413251538946558e-05,-0.0006742944851886418,0.0,0.0,-10,10,0.0,0.0,0.0
5815.815815815816,-0.09479216175826174,2.4140645583375267e-05,-0.000655569284458992,-0.0892578766444663,2.4140645583375267e-05,-0.000655569284458992,0.0,0.0,-10,10,0.0,0.0,0.0
5825.825825825826,-0.09259907250626101,2.2932622924573628e-05,-0.0006373934686796769,-0.08722701499580265,2.2932622924573628e-05,-0.0006373934686796769,0.0,0.0,-10,10,0.0,0.0,0.0
5835.8358358358355,-0.0904562073248604,2.178586062635111e-05,-0.000619749974778116,-0.08524134327218053,2.178586062635111e-05,-0.000619749974778116,0.0,0.0,-10,10,0.0,0.0,0.0
5845.845845845845,-0.08836243588780048,2.0697209048209714e-05,-0.0006026222983687846,-0.08329989585121088,2.0697209048209714e-05,-0.0006026222983687846,0.0,0.0,-10,10,0.0,0.0,0.0
5855.855855855855,-0.08631665253358617,1.9663682694624236e-05,-0.0005859944746346574,-0.08140172614246621,1.9663682694624236e-05,-0.0005859944746346574,0.0,0.0,-10,10,0.0,0.0,0.0
5865.865865865866,-0.08431777575797511,1.8682451552607834e-05,-0.0005698510598854113,-0.0795459062792686,1.8682451552607834e-05,-0.0005698510598854113,0.0,0.0,-10,10,0.0,0.0,0.0
5875.875875875876,-0.0823647477156531,1.775083289131016e-05,-0.0005541771137678416,-0.07773152681243936,1.775083289131016e-05,-0.0005541771137678416,0.0,0.0,-10,10,0.0,0.0,0.0
5885.885885885886,-0.08045653373098488,1.686628349881188e-05,-0.0005389581821048547,-0.07595769640616509,1.686628349881188e-05,-0.0005389581821048547,0.0,0.0,-10,10,0.0,0.0,0.0
5895.895895895896,-0.07859212181772686,1.6026392332619645e-05,-0.0005241802803402708,-0.07422354153612276,1.6026392332619645e-05,-0.0005241802803402708,0.0,0.0,-10,10,0.0,0.0,0.0
5905.9059059059055,-0.07677052220758805,1.52288735616335e-05,-0.0005098298775675073,-0.0725282061899973,1.52288735616335e-05,-0.0005098298775675073,0.0,0.0,-10,10,0.0,0.0,0.0
5915.915915915915,-0.07499076688752311,1.447155997855847e-05,-0.0004958938811210228,-0.07087085157051311,1.447155997855847e-05,-0.0004958938811210228,0.0,0.0,-10,10,0.0,0.0,0.0
5925.925925925925,-0.07325190914564211,1.3752396762866852e-05,-0.00048235962171017777,-0.06925065580109295,1.3752396762866852e-05,-0.00048235962171017777,0.0,0.0,-10,10,0.0,0.0,0.0
5935.935935935936,-0.07155302312561983,1.306943557549154e-05,-0.00046921483907591755,-0.06766681363424719,1.306943557549154e-05,-0.00046921483907591755,0.0,0.0,-10,10,0.0,0.0,0.0
5945.945945945946,-0.06989320338948775,1.2420828967446354e-05,-0.0004564476681514022,-0.06611853616278902,1.2420828967446354e-05,-0.0004564476681514022,0.0,0.0,-10,10,0.0,0.0,0.0
5955.955955955956,-0.06827156448869048,1.180482508553024e-05,-0.00044404662570840335,-0.06460505053396112,1.180482508553024e-05,-0.00044404662570840335,0.0,0.0,-10,10,0.0,0.0,0.0
5965.965965965966,-0.06668724054328952,1.1219762659181195e-05,-0.0004320005974719548,-0.0631255996665536,1.1219762659181195e-05,-0.0004320005974719548,0.0,0.0,-10,10,0.0,0.0,0.0
5975.975975975975,-0.0651393848291956,1.066406625340557e-05,-0.0004202988256863879,-0.06167944197108374,1.066406625340557e-05,-0.0004202988256863879,0.0,0.0,-10,10,0.0,0.0,0.0
5985.985985985985,-0.06362716937331195,1.0136241773521836e-05,-0.0004089308971165003,-0.06026585107310215,1.0136241773521836e-05,-0.0004089308971165003,0.0,0.0,-10,10,0.0,0.0,0.0
5995.995995995996,-0.06214978455647076,9.634872208227199e-06,-0.00039788673146820466,-0.058884115539682785,9.634872208227199e-06,-0.00039788673146820466,0.0,0.0,-10,10,0.0,0.0,0.0
6006.006006006006,-0.06070643872404444,9.158613598223385e-06,-0.0003871565702135771,-0.057533538609147956,9.158613598223385e-06,-0.0003871565702135771,0.0,0.0,-10,10,0.0,0.0,0.0
6016.016016016016,-0.05929635780411482,8.706191218326219e-06,-0.0003767309658057773,-0.05621343792407372,8.706191218326219e-06,-0.0003767309658057773,0.0,0.0,-10,10,0.0,0.0,0.0
6026.026026026026,-0.05791878493308294,8.276395961634842e-06,-0.00036660077126984586,-0.054923145267615193,8.276395961634842e-06,-0.00036660077126984586,0.0,0.0,-10,10,0.0,0.0,0.0
6036.0360360360355,-0.05657298008860281,7.868080914952444e-06,-0.00035675713015589553,-0.053662006303185905,7.868080914952444e-06,-0.00035675713015589553,0.0,0.0,-10,10,0.0,0.0,0.0
6046.046046046045,-0.05525821972972292,7.480158115232879e-06,-0.0003471914668417071,-0.0524293803175203,7.480158115232879e-06,-0.0003471914668417071,0.0,0.0,-10,10,0.0,0.0,0.0
6056.056056056055,-0.053973796444120245,7.111595477378776e-06,-0.00033789547717221613,-0.05122463996714393,7.111595477378776e-06,-0.00033789547717221613,0.0,0.0,-10,10,0.0,0.0,0.0
6066.066066066066,-0.05271901860231168,6.761413884237921e-06,-0.0003288611194238329,-0.05004717102827099,6.761413884237921e-06,-0.0003288611194238329,0.0,0.0,-10,10,0.0,0.0,0.0
6076.076076076076,-0.051493210018728856,6.42868443013782e-06,-0.0003200806055819807,-0.04889637215014489,6.42868443013782e-06,-0.0003200806055819807,0.0,0.0,-10,10,0.0,0.0,0.0
6086.086086086086,-0.050295709619543036,6.1125258097646855e-06,-0.0003115463929206593,-0.04777165461183324,6.1125258097646855e-06,-0.0003115463929206593,0.0,0.0,-10,10,0.0,0.0,0.0
6096.096096096096,-0.04912587111712766,5.812101844634248e-06,-0.000303251175873251,-0.04667244208248537,5.812101844634248e-06,-0.000303251175873251,0.0,0.0,-10,10,0.0,0.0,0.0
6106.1061061061055,-0.047983062691046734,5.526619139819065e-06,-0.00029518787818417943,-0.04559817038505615,5.526619139819065e-06,-0.00029518787818417943,0.0,0.0,-10,10,0.0,0.0,0.0
6116.116116116115,-0.04686666667545863,5.255324863991625e-06,-0.00028734964533140865,-0.04454828726349731,5.255324863991625e-06,-0.00028734964533140865,0.0,0.0,-10,10,0.0,0.0,0.0
6126.126126126126,-0.04577607925282563,4.997504646215951e-06,-0.00027972983721013807,-0.04352225215341394,4.997504646215951e-06,-0.00027972983721013807,0.0,0.0,-10,10,0.0,0.0,0.0
6136.136136136136,-0.04471071015382024,4.7524805832734224e-06,-0.0002723220210683965,-0.04251953595618064,4.7524805832734224e-06,-0.0002723220210683965,0.0,0.0,-10,10,0.0,0.0,0.0
6146.146146146146,-0.04366998236332115,4.519609351642636e-06,-0.00026511996468557976,-0.04153962081650981,4.519609351642636e-06,-0.00026511996468557976,0.0,0.0,-10,10,0.0,0.0,0.0
6156.156156156156,-0.04265333183239174,4.298280418569011e-06,-0.00025811762978530017,-0.04058199990346091,4.298280418569011e-06,-0.00025811762978530017,0.0,0.0,-10,10,0.0,0.0,0.0
6166.166166166166,-0.041660207196136397,4.087914346958713e-06,-0.0002513091656742316,-0.03964617719487819,4.087914346958713e-06,-0.0002513091656742316,0.0,0.0,-10,10,0.0,0.0,0.0
6176.176176176175,-0.04069006949732964,3.887961189114147e-06,-0.00024468890309893457,-0.038731667265241146,3.887961189114147e-06,-0.00024468890309893457,0.0,0.0,-10,10,0.0,0.0,0.0
6186.186186186186,-0.03974239191571561,3.6978989645956914e-06,-0.0002382513483129378,-0.03783799507691058,3.6978989645956914e-06,-0.0002382513483129378,0.0,0.0,-10,10,0.0,0.0,0.0
6196.196196196196,-0.03881665950287553,3.5172322177472498e-06,-0.00023199117734663276,-0.03696469577475072,3.5172322177472498e-06,-0.00023199117734663276,0.0,0.0,-10,10,0.0,0.0,0.0
6206.206206206206,-0.03791236892256268,3.3454906506624926e-06,-0.00022590323047280765,-0.036111314484106184,3.3454906506624926e-06,-0.00022590323047280765,0.0,0.0,-10,10,0.0,0.0,0.0
6216.216216216216,-0.03702902819640528,3.182227827594991e-06,-0.00021998250686090706,-0.03527740611211086,3.182227827594991e-06,-0.00021998250686090706,0.0,0.0,-10,10,0.0,0.0,0.0
6226.226226226226,-0.03616615645487907,3.02701994702954e-06,-0.00021422415941335432,-0.03446253515230417,3.02701994702954e-06,-0.00021422415941335432,0.0,0.0,-10,10,0.0,0.0,0.0
6236.2362362362355,-0.03532328369345262,2.879464677834527e-06,-0.00020862348977751478,-0.03366627549252879,2.879464677834527e-06,-0.00020862348977751478,0.0,0.0,-10,10,0.0,0.0,0.0
6246.246246246245,-0.03449995053380948,2.739180056106788e-06,-0.0002031759435271101,-0.03288821022608226,2.739180056106788e-06,-0.0002031759435271101,0.0,0.0,-10,10,0.0,0.0,0.0
6256.256256256256,-0.033695707990052885,2.6058034395016654e-06,-0.000197877105507118,-0.03212793146609422,2.6058034395016654e-06,-0.000197877105507118,0.0,0.0,-10,10,0.0,0.0,0.0
6266.266266266266,-0.03291011723979964,2.478990516012439e-06,-0.00019272269533640685,-0.03138504016309917,2.478990516012439e-06,-0.00019272269533640685,0.0,0.0,-10,10,0.0,0.0,0.0
6276.276276276276,-0.032142749400071446,2.358414364325559e-06,-0.00018770856306256305,-0.030659145925774362,2.358414364325559e-06,-0.00018770856306256305,0.0,0.0,-10,10,0.0,0.0,0.0
6286.286286286286,-0.03139318530789282,2.2437645630315332e-06,-0.0001828306849635676,-0.029949866844810595,2.2437645630315332e-06,-0.0001828306849635676,0.0,0.0,-10,10,0.0,0.0,0.0
6296.296296296296,-0.030661015305506495,2.1347463461165677e-06,-0.0001780851594911726,-0.02925682931988375,2.1347463461165677e-06,-0.0001780851594911726,0.0,0.0,-10,10,0.0,0.0,0.0
6306.3063063063055,-0.02994583903011812,2.031079802297397e-06,-0.00017346820335101276,-0.028579667889693374,2.031079802297397e-06,-0.00017346820335101276,0.0,0.0,-10,10,0.0,0.0,0.0
6316.316316316316,-0.02924726520808347,1.9324991158917317e-06,-0.00016897614771466614,-0.027918025065034192,1.9324991158917317e-06,-0.00016897614771466614,0.0,0.0,-10,10,0.0,0.0,0.0
6326.326326326326,-0.028564911453452867,1.8387518470397032e-06,-0.00016460543455905079,-0.027271551164865977,1.8387518470397032e-06,-0.00016460543455905079,0.0,0.0,-10,10,0.0,0.0,0.0
6336.336336336336,-0.02789840407078845,1.7495982492080578e-06,-0.00016035261312870932,-0.026639904155346183,1.7495982492080578e-06,-0.00016035261312870932,0.0,0.0,-10,10,0.0,0.0,0.0
6346.346346346346,-0.027247377862171525,1.6648106220189097e-06,-0.00015621433651669359,-0.026022749491789697,1.6648106220189097e-06,-0.00015621433651669359,0.0,0.0,-10,10,0.0,0.0,0.0
6356.356356356356,-0.026611475938318356,1.584172697549062e-06,-0.00015218735835991563,-0.02541975996351934,1.584172697549062e-06,-0.00015218735835991563,0.0,0.0,-10,10,0.0,0.0,0.0
6366.366366366366,-0.025990349533724012,1.5074790583444392e-06,-0.00014826852964497898,-0.024830615541570424,1.5074790583444392e-06,-0.00014826852964497898,0.0,0.0,-10,10,0.0,0.0,0.0
6376.376376376375,-0.025383657825755346,1.4345345854874679e-06,-0.00014445479562064765,-0.024255003229212514,1.4345345854874679e-06,-0.00014445479562064765,0.0,0.0,-10,10,0.0,0.0,0.0
6386.386386386386,-0.024791067757615123,1.3651539351434806e-06,-0.00014074319281324774,-0.02369261691525091,1.3651539351434806e-06,-0.00014074319281324774,0.0,0.0,-10,10,0.0,0.0,0.0
6396.396396396396,-0.024212253865100963,1.2991610420957436e-06,-0.00013713084614142888,-0.02314315723007061,1.2991610420957436e-06,-0.00013713084614142888,0.0,0.0,-10,10,0.0,0.0,0.0
6406.406406406406,-0.023646898107083657,1.2363886488577505e-06,-0.000133614966126841,-0.0226063314043849,1.2363886488577505e-06,-0.000133614966126841,0.0,0.0,-10,10,0.0,0.0,0.0
6416.416416416417,-0.02309468969963089,1.176677859026207e-06,-0.00013019284619740455,-0.022081853130650843,1.176677859026207e-06,-0.00013019284619740455,0.0,0.0,-10,10,0.0,0.0,0.0
6426.426426426427,-0.022555324953703555,1.1198777136089284e-06,-0.00012686186007997133,-0.021569442427113828,1.1198777136089284e-06,-0.00012686186007997133,0.0,0.0,-10,10,0.0,0.0,0.0
6436.436436436436,-0.022028507116353024,1.065844789128863e-06,-0.00012361945927928685,-0.02106882550444314,1.065844789128863e-06,-0.00012361945927928685,0.0,0.0,-10,10,0.0,0.0,0.0
6446.446446446447,-0.02151394621534907,1.0144428163688484e-06,-0.0001204631706402758,-0.020579734634920698,1.0144428163688484e-06,-0.0001204631706402758,0.0,0.0,-10,10,0.0,0.0,0.0
6456.456456456457,-0.021011358907169247,9.655423186817382e-07,-0.000117390593990778,-0.020101908024145007,9.655423186817382e-07,-0.000117390593990778,0.0,0.0,-10,10,0.0,0.0,0.0
6466.466466466467,-0.020520468328281607,9.190202688473123e-07,-0.00011439939986196449,-0.01963508968521232,9.190202688473123e-07,-0.00011439939986196449,0.0,0.0,-10,10,0.0,0.0,0.0
6476.476476476477,-0.020041003949654256,8.747597635111693e-07,-0.00011148732728376187,-0.019179029315337475,8.747597635111693e-07,-0.00011148732728376187,0.0,0.0,-10,10,0.0,0.0,0.0
6486.486486486487,-0.019572701434425754,8.32649714291671e-07,-0.00010865218165270814,-0.01873348217487645,8.32649714291671e-07,-0.00010865218165270814,0.0,0.0,-10,10,0.0,0.0,0.0
6496.496496496497,-0.019115302498672177,7.925845546891929e-07,-0.00010589183266975452,-0.018298208968713293,7.925845546891929e-07,-0.00010589183266975452,0.0,0.0,-10,10,0.0,0.0,0.0
6506.506506506506,-0.018668554775207298,7.544639619775282e-07,-0.0001032042123456161,-0.01787297572997395,7.544639619775282e-07,-0.0001032042123456161,0.0,0.0,-10,10,0.0,0.0,0.0
6516.516516516517,-0.01823221168035379,7.181925933004606e-07,-0.0001005873130713589,-0.017457553706029794,7.181925933004606e-07,-0.0001005873130713589,0.0,0.0,-10,10,0.0,0.0,0.0
6526.526526526527,-0.017806032283624314,6.836798352373932e-07,-9.803918575199297e-05,-0.01705171924675397,6.836798352373932e-07,-9.803918575199297e-05,0.0,0.0,-10,10,0.0,0.0,0.0
6536.536536536537,-0.01738978118025256,6.508395661406006e-07,-9.555793800092015e-05,-0.01665525369499369,6.508395661406006e-07,-9.555793800092015e-05,0.0,0.0,-10,10,0.0,0.0,0.0
6546.546546546547,-0.016983228366515227,6.195899305833081e-07,-9.314173239316067e-05,-0.01626794327922203,6.195899305833081e-07,-9.314173239316067e-05,0.0,0.0,-10,10,0.0,0.0,0.0
6556.556556556557,-0.016586149117787274,5.898531252924741e-07,-9.07887847753567e-05,-0.015889579008333016,5.898531252924741e-07,-9.07887847753567e-05,0.0,0.0,-10,10,0.0,0.0,0.0
6566.5665665665665,-0.01619832386927361,5.615551959729949e-07,-8.849736263062116e-05,-0.015519956568544015,5.615551959729949e-07,-8.849736263062116e-05,0.0,0.0,-10,10,0.0,0.0,0.0
6576.576576576577,-0.015819538099361433,5.346258444611328e-07,-8.62657834963682e-05,-0.015158876222369737,5.346258444611328e-07,-8.62657834963682e-05,0.0,0.0,-10,10,0.0,0.0,0.0
6586.586586586587,-0.015449582215538764,5.089982456744136e-07,-8.409241343332771e-05,-0.014806142709632602,5.089982456744136e-07,-8.409241343332771e-05,0.0,0.0,-10,10,0.0,0.0,0.0
6596.596596596597,-0.015088251442825308,4.846088738531127e-07,-8.197566554400904e-05,-0.014461565150474361,4.846088738531127e-07,-8.197566554400904e-05,0.0,0.0,-10,10,0.0,0.0,0.0
6606.606606606607,-0.014735345714663142,4.6139733761484863e-07,-7.991399853894023e-05,-0.014124956950334328,4.6139733761484863e-07,-7.991399853894023e-05,0.0,0.0,-10,10,0.0,0.0,0.0
6616.616616616617,-0.014390669566215502,4.3930622336879766e-07,-7.790591534906807e-05,-0.013796135706859865,4.3930622336879766e-07,-7.790591534906807e-05,0.0,0.0,-10,10,0.0,0.0,0.0
6626.626626626627,-0.014054032030023093,4.182809466597237e-07,-7.594996178276048e-05,-0.013474923118715176,4.182809466597237e-07,-7.594996178276048e-05,0.0,0.0,-10,10,0.0,0.0,0.0
6636.636636636637,-0.013725246533968113,3.982696110344327e-07,-7.404472522590765e-05,-0.013161144896254728,3.982696110344327e-07,-7.404472522590765e-05,0.0,0.0,-10,10,0.0,0.0,0.0
6646.646646646647,-0.013404130801497306,3.7922287404450017e-07,-7.218883338367099e-05,-0.012854630674028094,3.7922287404450017e-07,-7.218883338367099e-05,0.0,0.0,-10,10,0.0,0.0,0.0
6656.656656656657,-0.013090506754056274,3.6109382001923104e-07,-7.038095306247941e-05,-0.012555213925083377,3.6109382001923104e-07,-7.038095306247941e-05,0.0,0.0,-10,10,0.0,0.0,0.0
6666.666666666667,-0.012784200415688033,3.4383783926186313e-07,-6.86197889909218e-05,-0.012262731877036654,3.4383783926186313e-07,-6.86197889909218e-05,0.0,0.0,-10,10,0.0,0.0,0.0
6676.676676676677,-0.012485041819749954,3.2741251334006817e-07,-6.690408267823125e-05,-0.011977025429875433,3.2741251334006817e-07,-6.690408267823125e-05,0.0,0.0,-10,10,0.0,0.0,0.0
6686.686686686687,-0.012192864917703949,3.1177750615890085e-07,-6.523261130910247e-05,-0.01169793907546438,3.1177750615890085e-07,-6.523261130910247e-05,0.0,0.0,-10,10,0.0,0.0,0.0
6696.696696696697,-0.011907507489935715,2.968944605205343e-07,-6.360418667362743e-05,-0.011425320818722065,2.968944605205343e-07,-6.360418667362743e-05,0.0,0.0,-10,10,0.0,0.0,0.0
6706.706706706707,-0.011628811058559662,2.827268998904635e-07,-6.201765413117648e-05,-0.011159022100437777,2.827268998904635e-07,-6.201765413117648e-05,0.0,0.0,-10,10,0.0,0.0,0.0
6716.716716716717,-0.011356620802167115,2.692401351043888e-07,-6.0471891607093336e-05,-0.010898897721698,2.692401351043888e-07,-6.0471891607093336e-05,0.0,0.0,-10,10,0.0,0.0,0.0
6726.726726726727,-0.011090785472476081,2.56401175763758e-07,-5.89658086211109e-05,-0.010644805769892442,2.56401175763758e-07,-5.89658086211109e-05,0.0,0.0,-10,10,0.0,0.0,0.0
6736.736736736737,-0.010831157312841774,2.441786460809928e-07,-5.749834534643363e-05,-0.010396607546269952,2.441786460809928e-07,-5.749834534643363e-05,0.0,0.0,-10,10,0.0,0.0,0.0
6746.746746746747,-0.010577591978587951,2.325427049477828e-07,-5.6068471698467984e-05,-0.010154167495015125,2.325427049477828e-07,-5.6068471698467984e-05,0.0,0.0,-10,10,0.0,0.0,0.0
6756.756756756757,-0.010329948459119737,2.2146497001154096e-07,-5.46751864522181e-05,-0.009917353133816668,2.2146497001154096e-07,-5.46751864522181e-05,0.0,0.0,-10,10,0.0,0.0,0.0
6766.766766766767,-0.010088089001779649,2.109184455562119e-07,-5.3317516387397704e-05,-0.009686034985899275,2.109184455562119e-07,-5.3317516387397704e-05,0.0,0.0,-10,10,0.0,0.0,0.0
6776.776776776777,-0.009851879037409072,2.0087745399414037e-07,-5.199451546034201e-05,-0.009460086513490819,2.0087745399414037e-07,-5.199451546034201e-05,0.0,0.0,-10,10,0.0,0.0,0.0
6786.786786786787,-0.009621187107578354,1.9131757078567014e-07,-5.070526400183496e-05,-0.009239384052697463,1.9131757078567014e-07,-5.070526400183496e-05,0.0,0.0,-10,10,0.0,0.0,0.0
6796.796796796797,-0.009395884793449317,1.8221556261258997e-07,-4.9448867939997676e-05,-0.009023806749759344,1.8221556261258997e-07,-4.9448867939997676e-05,0.0,0.0,-10,10,0.0,0.0,0.0
6806.806806806807,-0.009175846646234853,1.7354932864049e-07,-4.822445804741329e-05,-0.008813236498660245,1.7354932864049e-07,-4.822445804741329e-05,0.0,0.0,-10,10,0.0,0.0,0.0
6816.816816816817,-0.008960950119220825,1.652978447135783e-07,-4.703118921169173e-05,-0.00860755788006476,1.652978447135783e-07,-4.703118921169173e-05,0.0,0.0,-10,10,0.0,0.0,0.0
6826.826826826827,-0.00875107550131636,1.5744111033354296e-07,-4.5868239728705334e-05,-0.008406658101557146,1.5744111033354296e-07,-4.5868239728705334e-05,0.0,0.0,-10,10,0.0,0.0,0.0
6836.836836836837,-0.008546105852099197,1.4996009828166975e-07,-4.473481061775258e-05,-0.008210426939156232,1.4996009828166975e-07,-4.473481061775258e-05,0.0,0.0,-10,10,0.0,0.0,0.0
6846.846846846847,-0.008345926938323516,1.4283670675064535e-07,-4.3630124957932545e-05,-0.008018756680081375,1.4283670675064535e-07,-4.3630124957932545e-05,0.0,0.0,-10,10,0.0,0.0,0.0
6856.856856856857,-0.008150427171858281,1.36053713859326e-07,-4.2553427245037374e-05,-0.007831542066744648,1.36053713859326e-07,-4.2553427245037374e-05,0.0,0.0,-10,10,0.0,0.0,0.0
6866.866866866867,-0.007959497549024851,1.2959473443024134e-07,-4.1503982768293596e-05,-0.007648680241945053,1.2959473443024134e-07,-4.1503982768293596e-05,0.0,0.0,-10,10,0.0,0.0,0.0
6876.876876876877,-0.007773031591303185,1.2344417891575714e-07,-4.048107700630594e-05,-0.007470070695240754,1.2344417891575714e-07,-4.048107700630594e-05,0.0,0.0,-10,10,0.0,0.0,0.0
6886.886886886887,-0.007590925287376691,1.1758721436465454e-07,-3.948401504157946e-05,-0.007295615210475909,1.1758721436465454e-07,-3.948401504157946e-05,0.0,0.0,-10,10,0.0,0.0,0.0
6896.8968968968975,-0.007413077036486303,1.1200972732641566e-07,-3.8512120993016855e-05,-0.0071252178144389205,1.1200972732641566e-07,-3.8512120993016855e-05,0.0,0.0,-10,10,0.0,0.0,0.0
6906.906906906907,-0.007239387593065048,1.0669828859574792e-07,-3.756473746580842e-05,-0.006958784726629412,1.0669828859574792e-07,-3.756473746580842e-05,0.0,0.0,-10,10,0.0,0.0,0.0
6916.916916916917,-0.007069760012624915,1.0164011970485433e-07,-3.664122501815195e-05,-0.006796224310111572,1.0164011970485433e-07,-3.664122501815195e-05,0.0,0.0,-10,10,0.0,0.0,0.0
6926.926926926927,-0.006904099598868481,9.682306107567009e-08,-3.574096164425874e-05,-0.006637447023431938,9.682306107567009e-08,-3.574096164425874e-05,0.0,0.0,-10,10,0.0,0.0,0.0
6936.936936936937,-0.006742313851998275,9.223554174875899e-08,-3.486334227312053e-05,-0.006482365373580014,9.223554174875899e-08,-3.486334227312053e-05,0.0,0.0,-10,10,0.0,0.0,0.0
6946.946946946947,-0.006584312418197429,8.786655060980162e-08,-3.400777828252979e-05,-0.006330893869970531,8.786655060980162e-08,-3.400777828252979e-05,0.0,0.0,-10,10,0.0,0.0,0.0
6956.956956956958,-0.006430007040255803,8.370560903862967e-08,-3.317369702786287e-05,-0.006182948979426559,8.370560903862967e-08,-3.317369702786287e-05,0.0,0.0,-10,10,0.0,0.0,0.0
6966.966966966967,-0.006279311509316186,7.974274490957347e-08,-3.236054138515237e-05,-0.006038449082142959,7.974274490957347e-08,-3.236054138515237e-05,0.0,0.0,-10,10,0.0,0.0,0.0
6976.976976976977,-0.006132141617715811,7.596846787550708e-08,-3.15677693079905e-05,-0.005897314428610118,7.596846787550708e-08,-3.15677693079905e-05,0.0,0.0,-10,10,0.0,0.0,0.0
6986.986986986987,-0.0059884151128989215,7.23737458714061e-08,-3.079485339782125e-05,-0.005759467097478233,7.23737458714061e-08,-3.079485339782125e-05,0.0,0.0,-10,10,0.0,0.0,0.0
6996.996996996997,-0.005848051652376607,6.894998277648656e-08,-3.0041280487193475e-05,-0.005624830954342744,6.894998277648656e-08,-3.0041280487193475e-05,0.0,0.0,-10,10,0.0,0.0,0.0
7007.007007007007,-0.005710972759710673,6.568899717708082e-08,-2.9306551235561676e-05,-0.005493331611431916,6.568899717708082e-08,-2.9306551235561676e-05,0.0,0.0,-10,10,0.0,0.0,0.0
7017.017017017017,-0.0055771017814987955,6.258300217533311e-08,-2.8590179737235063e-05,-0.00536489638817789,6.258300217533311e-08,-2.8590179737235063e-05,0.0,0.0,-10,10,0.0,0.0,0.0
7027.0270270270275,-0.005446363845338667,5.96245861915762e-08,-2.7891693141088682e-05,-0.0052394542726528475,5.96245861915762e-08,-2.7891693141088682e-05,0.0,0.0,-10,10,0.0,0.0,0.0
7037.037037037037,-0.005318685818749357,5.680669471088414e-08,-2.7210631281663485e-05,-0.00511693588385232,5.680669471088414e-08,-2.7210631281663485e-05,0.0,0.0,-10,10,0.0,0.0,0.0
7047.047047047047,-0.005193996269028541,5.412261292679758e-08,-2.654654632129453e-05,-0.004997273434807958,5.412261292679758e-08,-2.654654632129453e-05,0.0,0.0,-10,10,0.0,0.0,0.0
7057.057057057057,-0.005072225424024747,5.1565949237588355e-08,-2.589900240291859e-05,-0.004880400696512454,5.1565949237588355e-08,-2.589900240291859e-05,0.0,0.0,-10,10,0.0,0.0,0.0
7067.067067067067,-0.004953305133804177,4.913061955268172e-08,-2.526757531322398e-05,-0.00476625296263959,4.913061955268172e-08,-2.526757531322398e-05,0.0,0.0,-10,10,0.0,0.0,0.0
7077.077077077077,-0.0048371688331921075,4.681083236898877e-08,-2.4651852155816704e-05,-0.004654767015042728,4.681083236898877e-08,-2.4651852155816704e-05,0.0,0.0,-10,10,0.0,0.0,0.0
7087.087087087088,-0.0047237515051693525,4.460107457892877e-08,-2.4051431034087702e-05,-0.004545881090015391,4.460107457892877e-08,-2.4051431034087702e-05,0.0,0.0,-10,10,0.0,0.0,0.0
7097.0970970970975,-0.004612989645104616,4.2496097973842825e-08,-2.3465920743476566e-05,-0.004439534845297851,4.2496097973842825e-08,-2.3465920743476566e-05,0.0,0.0,-10,10,0.0,0.0,0.0
7107.107107107107,-0.0045048212258040265,4.049090640832551e-08,-2.289494047283702e-05,-0.004335669327813991,4.049090640832551e-08,-2.289494047283702e-05,0.0,0.0,-10,10,0.0,0.0,0.0
7117.117117117117,-0.004399185663359548,3.8580743592732356e-08,-2.233811951461928e-05,-0.00423422694212299,3.8580743592732356e-08,-2.233811951461928e-05,0.0,0.0,-10,10,0.0,0.0,0.0
7127.127127127127,-0.004296023783778331,3.676108148276431e-08,-2.1795096983593804e-05,-0.004135151419570672,3.676108148276431e-08,-2.1795096983593804e-05,0.0,0.0,-10,10,0.0,0.0,0.0
7137.137137137137,-0.004195277790375487,3.502760923659021e-08,-2.126552154384994e-05,-0.004038387788125671,3.502760923659021e-08,-2.126552154384994e-05,0.0,0.0,-10,10,0.0,0.0,0.0
7147.147147147147,-0.0040968912319131285,3.337622271144836e-08,-2.0749051143811795e-05,-0.003943882342885838,3.337622271144836e-08,-2.0749051143811795e-05,0.0,0.0,-10,10,0.0,0.0,0.0
7157.157157157158,-0.004000808971468902,3.1803014473073554e-08,-2.0245352759022124e-05,-0.0038515826172406133,3.1803014473073554e-08,-2.0245352759022124e-05,0.0,0.0,-10,10,0.0,0.0,0.0
7167.1671671671675,-0.0039069771560175885,3.030426429262947e-08,-1.975410214245313e-05,-0.003761437354675343,3.030426429262947e-08,-1.975410214245313e-05,0.0,0.0,-10,10,0.0,0.0,0.0
7177.177177177177,-0.003815343186709758,2.8876430107092766e-08,-1.9274983582111017e-05,-0.003673396481203846,2.8876430107092766e-08,-1.9274983582111017e-05,0.0,0.0,-10,10,0.0,0.0,0.0
7187.187187187187,-0.0037258556898317123,2.7516139420236525e-08,-1.8807689665708746e-05,-0.003587411078415725,2.7516139420236525e-08,-1.8807689665708746e-05,0.0,0.0,-10,10,0.0,0.0,0.0
7197.197197197197,-0.0036384644884314165,2.622018112250218e-08,-1.8351921052188756e-05,-0.003503433357125281,2.622018112250218e-08,-1.8351921052188756e-05,0.0,0.0,-10,10,0.0,0.0,0.0
7207.207207207207,-0.0035531205745953603,2.4985497709132028e-08,-1.7907386249884605e-05,-0.003421416631609069,2.4985497709132028e-08,-1.7907386249884605e-05,0.0,0.0,-10,10,0.0,0.0,0.0
7217.217217217218,-0.003469776082361657,2.380917787696282e-08,-1.7473801401117244e-05,-0.0033413152944194286,2.380917787696282e-08,-1.7473801401117244e-05,0.0,0.0,-10,10,0.0,0.0,0.0
7227.227227227228,-0.0033883842612550375,2.2688449481257567e-08,-1.7050890073028364e-05,-0.0032630847917616015,2.2688449481257567e-08,-1.7050890073028364e-05,0.0,0.0,-10,10,0.0,0.0,0.0
7237.237237237237,-0.0033088994504296317,2.1620672834879636e-08,-1.663838305445959e-05,-0.003186681599422214,2.1620672834879636e-08,-1.663838305445959e-05,0.0,0.0,-10,10,0.0,0.0,0.0
7247.247247247247,-0.0032312770534058473,2.060333433299369e-08,-1.623601815869255e-05,-0.0031120631992372656,2.060333433299369e-08,-1.623601815869255e-05,0.0,0.0,-10,10,0.0,0.0,0.0
7257.257257257257,-0.0031554735133878533,1.9634040387313903e-08,-1.5843540031870734e-05,-0.0030391880560878856,1.9634040387313903e-08,-1.5843540031870734e-05,0.0,0.0,-10,10,0.0,0.0,0.0
7267.267267267267,-0.0030814462891485526,1.871051165471379e-08,-1.5460699966929953e-05,-0.00296801559541245,1.871051165471379e-08,-1.5460699966929953e-05,0.0,0.0,-10,10,0.0,0.0,0.0
7277.277277277278,-0.0030091538314691666,1.7830577545765788e-08,-1.5087255722869666e-05,-0.0028985061812238293,1.7830577545765788e-08,-1.5087255722869666e-05,0.0,0.0,-10,10,0.0,0.0,0.0
7287.287287287288,-0.0029385555601208705,1.6992170999494727e-08,-1.4722971349202933e-05,-0.002830621094620788,1.6992170999494727e-08,-1.4722971349202933e-05,0.0,0.0,-10,10,0.0,0.0,0.0
7297.2972972972975,-0.0028696118413761755,1.6193323511309326e-08,-1.4367617015427898e-05,-0.002764322512782774,1.6193323511309326e-08,-1.4367617015427898e-05,0.0,0.0,-10,10,0.0,0.0,0.0
7307.307307307307,-0.0028022839660380326,1.5432160401721462e-08,-1.402096884536878e-05,-0.0026995734884375636,1.5432160401721462e-08,-1.402096884536878e-05,0.0,0.0,-10,10,0.0,0.0,0.0
7317.317317317317,-0.0027365341279749077,1.4706896314076676e-08,-1.3682808756239192e-05,-0.002636337929791426,1.4706896314076676e-08,-1.3682808756239192e-05,0.0,0.0,-10,10,0.0,0.0,0.0
7327.327327327327,-0.0026723254031503305,1.4015830930101627e-08,-1.3352924302285306e-05,-0.002574580580911724,1.4015830930101627e-08,-1.3352924302285306e-05,0.0,0.0,-10,10,0.0,0.0,0.0
7337.337337337337,-0.0026096217291356636,1.335734489262796e-08,-1.3031108522870978e-05,-0.0025142670025520143,1.335734489262796e-08,-1.3031108522870978e-05,0.0,0.0,-10,10,0.0,0.0,0.0
7347.347347347348,-0.002548387885095121,1.2729895925377538e-08,-1.2717159794871246e-05,-0.002455363553409983,1.2729895925377538e-08,-1.2717159794871246e-05,0.0,0.0,-10,10,0.0,0.0,0.0
7357.357357357358,-0.0024885894722322683,1.2132015140193529e-08,-1.2410881689244946e-05,-0.002397837371808701,1.2132015140193529e-08,-1.2410881689244946e-05,0.0,0.0,-10,10,0.0,0.0,0.0
7367.3673673673675,-0.0024301928946875106,1.1562303522576206e-08,-1.2112082831661259e-05,-0.002341656357791909,1.1562303522576206e-08,-1.2112082831661259e-05,0.0,0.0,-10,10,0.0,0.0,0.0
7377.377377377377,-0.002373165340876285,1.1019428586833055e-08,-1.1820576767058954e-05,-0.0022867891556242275,1.1019428586833055e-08,-1.1820576767058954e-05,0.0,0.0,-10,10,0.0,0.0,0.0
7387.387387387387,-0.0023174747652579208,1.0502121192581015e-08,-1.1536181828020948e-05,-0.0022332051366873765,1.0502121192581015e-08,-1.1536181828020948e-05,0.0,0.0,-10,10,0.0,0.0,0.0
7397.397397397397,-0.002263089870525341,1.000917251474555e-08,-1.1258721006850523e-05,-0.0021808743827636807,1.000917251474555e-08,-1.1258721006850523e-05,0.0,0.0,-10,10,0.0,0.0,0.0
7407.407407407408,-0.0022099800902060074,9.539431159587769e-09,-1.0988021831239064e-05,-0.002129767669698312,9.539431159587769e-09,-1.0988021831239064e-05,0.0,0.0,-10,10,0.0,0.0,0.0
7417.417417417418,-0.00215811557166472,9.091800419658188e-09,-1.0723916243418734e-05,-0.002079856451431908,9.091800419658188e-09,-1.0723916243418734e-05,0.0,0.0,-10,10,0.0,0.0,0.0
7427.427427427428,-0.0021074671594990945,8.665235660924707e-09,-1.0466240482696776e-05,-0.002031112844395374,8.665235660924707e-09,-1.0466240482696776e-05,0.0,0.0,-10,10,0.0,0.0,0.0
7437.437437437437,-0.0020580063793187524,8.25874183565405e-09,-1.0214834971271407e-05,-0.001983509612258863,8.25874183565405e-09,-1.0214834971271407e-05,0.0,0.0,-10,10,0.0,0.0,0.0
7447.447447447447,-0.0020097054218994465,7.871371114941116e-09,-9.969544203232403e-06,-0.0019370201510270724,7.871371114941116e-09,-9.969544203232403e-06,0.0,0.0,-10,10,0.0,0.0,0.0
7457.457457457457,-0.001962537127703548,7.502220635080145e-09,-9.730216636652492e-06,-0.0018916184744731908,7.502220635080145e-09,-9.730216636652492e-06,0.0,0.0,-10,10,0.0,0.0,0.0
7467.467467467467,-0.001916474971758525,7.150430352256317e-09,-9.496704588678592e-06,-0.001847279199903973,7.150430352256317e-09,-9.496704588678592e-06,0.0,0.0,-10,10,0.0,0.0,0.0
7477.477477477478,-0.0018714930488852048,6.815181000306899e-09,-9.268864133534805e-06,-0.0018039775342485855,6.815181000306899e-09,-9.268864133534805e-06,0.0,0.0,-10,10,0.0,0.0,0.0
7487.487487487488,-0.0018275660592678273,6.495692146558137e-09,-9.046555003351754e-06,-0.0017616892604640257,6.495692146558137e-09,-9.046555003351754e-06,0.0,0.0,-10,10,0.0,0.0,0.0
7497.4974974974975,-0.0017846692943580464,6.191220340988558e-09,-8.829640491739564e-06,-0.001720390724250065,6.191220340988558e-09,-8.829640491739564e-06,0.0,0.0,-10,10,0.0,0.0,0.0
7507.507507507507,-0.0017427786231052368,5.901057354201503e-09,-8.617987360024311e-06,-0.0016800588210668201,5.901057354201503e-09,-8.617987360024311e-06,0.0,0.0,-10,10,0.0,0.0,0.0
7517.517517517517,-0.0017018704785056254,5.624528499910631e-09,-8.411465746070252e-06,-0.001640670983448211,5.624528499910631e-09,-8.411465746070252e-06,0.0,0.0,-10,10,0.0,0.0,0.0
7527.527527527527,-0.0016619218444629332,5.3609910378518994e-09,-8.209949075612564e-06,-0.0016022051686046923,5.3609910378518994e-09,-8.209949075612564e-06,0.0,0.0,-10,10,0.0,0.0,0.0
7537.537537537538,-0.0016229102429533829,5.10983265323509e-09,-8.013313976027604e-06,-0.0015646398463088041,5.10983265323509e-09,-8.013313976027604e-06,0.0,0.0,-10,10,0.0,0.0,0.0
7547.547547547548,-0.0015848137214880883,4.870470009037587e-09,-7.821440192469996e-06,-0.0015279539870572162,4.870470009037587e-09,-7.821440192469996e-06,0.0,0.0,-10,10,0.0,0.0,0.0
7557.557557557558,-0.0015476108408659975,4.642347367623428e-09,-7.634210506307979e-06,-0.0014921270505030813,4.642347367623428e-09,-7.634210506307979e-06,0.0,0.0,-10,10,0.0,0.0,0.0
7567.5675675675675,-0.0015112806632107177,4.424935278342007e-09,-7.451510655790581e-06,-0.0014571389741526448,4.424935278342007e-09,-7.451510655790581e-06,0.0,0.0,-10,10,0.0,0.0,0.0
7577.577577577577,-0.001475802740284698,4.21772932792383e-09,-7.273229258882193e-06,-0.0014229701623201866,4.21772932792383e-09,-7.273229258882193e-06,0.0,0.0,-10,10,0.0,0.0,0.0
7587.587587587587,-0.0014411571020744001,4.020248950645632e-09,-7.099257738202126e-06,-0.001389601475335508,4.020248950645632e-09,-7.099257738202126e-06,0.0,0.0,-10,10,0.0,0.0,0.0
7597.597597597598,-0.0014073242456402201,3.832036295384466e-09,-6.929490248008575e-06,-0.0013570142189982851,3.832036295384466e-09,-6.929490248008575e-06,0.0,0.0,-10,10,0.0,0.0,0.0
7607.607607607608,-0.0013742851242250819,3.652655146820461e-09,-6.763823603168326e-06,-0.0013251901342737568,3.652655146820461e-09,-6.763823603168326e-06,0.0,0.0,-10,10,0.0,0.0,0.0
7617.617617617618,-0.00134202113661574,3.4816898981811284e-09,-6.602157210055279e-06,-0.0012941113872243118,3.4816898981811284e-09,-6.602157210055279e-06,0.0,0.0,-10,10,0.0,0.0,0.0
7627.627627627628,-0.0013105141167509878,3.3187445730467295e-09,-6.444392999322595e-06,-0.001263760559171674,3.3187445730467295e-09,-6.444392999322595e-06,0.0,0.0,-10,10,0.0,0.0,0.0
7637.637637637637,-0.0012797463235710773,3.163441893856645e-09,-6.290435360494973e-06,-0.0012341206370844971,3.163441893856645e-09,-6.290435360494973e-06,0.0,0.0,-10,10,0.0,0.0,0.0
7647.647647647647,-0.001249700431102804,3.0154223948712195e-09,-6.140191078329139e-06,-0.0012051750041862867,3.0154223948712195e-09,-6.140191078329139e-06,0.0,0.0,-10,10,0.0,0.0,0.0
7657.657657657657,-0.0012203595187748211,2.8743435774524322e-09,-5.993569270892228e-06,-0.0011769074307786853,2.8743435774524322e-09,-5.993569270892228e-06,0.0,0.0,-10,10,0.0,0.0,0.0
7667.667667667668,-0.0011917070619578848,2.7398791056303417e-09,-5.850481329309241e-06,-0.0011493020652752661,2.7398791056303417e-09,-5.850481329309241e-06,0.0,0.0,-10,10,0.0,0.0,0.0
7677.677677677678,-0.0011637269227248374,2.6117180400207396e-09,-5.710840859132236e-06,-0.001122343425441078,2.6117180400207396e-09,-5.710840859132236e-06,0.0,0.0,-10,10,0.0,0.0,0.0
7687.687687687688,-0.0011364033408252751,2.4895641082531126e-09,-5.574563623285313e-06,-0.0010960163898333008,2.4895641082531126e-09,-5.574563623285313e-06,0.0,0.0,-10,10,0.0,0.0,0.0
7697.697697697698,-0.0011097209248699324,2.3731350101571356e-09,-5.441567486540863e-06,-0.0010703061894384606,2.3731350101571356e-09,-5.441567486540863e-06,0.0,0.0,-10,10,0.0,0.0,0.0
7707.707707707707,-0.0010836646437199608,2.2621617560406338e-09,-5.31177236148385e-06,-0.001045198399501766,2.2621617560406338e-09,-5.31177236148385e-06,0.0,0.0,-10,10,0.0,0.0,0.0
7717.717717717717,-0.0010582198180763636,2.1563880364725757e-09,-5.185100155922201e-06,-0.0010206789315442134,2.1563880364725757e-09,-5.185100155922201e-06,0.0,0.0,-10,10,0.0,0.0,0.0
7727.727727727728,-0.0010333721122649687,2.0555696220613102e-09,-5.06147472170263e-06,-0.0009967340255632093,2.0555696220613102e-09,-5.06147472170263e-06,0.0,0.0,-10,10,0.0,0.0,0.0
7737.737737737738,-0.0010091075262124284,1.959473791791199e-09,-4.9408218048924315e-06,-0.0009733502424125584,1.959473791791199e-09,-4.9408218048924315e-06,0.0,0.0,-10,10,0.0,0.0,0.0
7747.747747747748,-0.000985412387608828,1.8678787885501598e-09,-4.823068997288939e-06,-0.0009505144563577434,1.8678787885501598e-09,-4.823068997288939e-06,0.0,0.0,-10,10,0.0,0.0,0.0
7757.757757757758,-0.0009622733442525996,1.7805733005466318e-09,-4.708145689219498e-06,-0.0009282138478025283,1.7805733005466318e-09,-4.708145689219498e-06,0.0,0.0,-10,10,0.0,0.0,0.0
7767.7677677677675,-0.0009396773565735197,1.6973559673772395e-09,-4.595983023595889e-06,-0.0009064358961829906,1.6973559673772395e-09,-4.595983023595889e-06,0.0,0.0,-10,10,0.0,0.0,0.0
7777.777777777777,-0.0009176116903296841,1.6180349095661686e-09,-4.486513851188199e-06,-0.0008851683730251859,1.6180349095661686e-09,-4.486513851188199e-06,0.0,0.0,-10,10,0.0,0.0,0.0
7787.787787787787,-0.0008960639094744278,1.5424272804540658e-09,-4.379672687084197e-06,-0.0008643993351627231,1.5424272804540658e-09,-4.379672687084197e-06,0.0,0.0,-10,10,0.0,0.0,0.0
7797.797797797798,-0.00087502186918927,1.470358839368333e-09,-4.275395668301223e-06,-0.0008441171181106187,1.470358839368333e-09,-4.275395668301223e-06,0.0,0.0,-10,10,0.0,0.0,0.0
7807.807807807808,-0.0008544737090790334,1.4016635450581155e-09,-4.173620512518623e-06,-0.0008243103295918738,1.4016635450581155e-09,-4.173620512518623e-06,0.0,0.0,-10,10,0.0,0.0,0.0
7817.817817817818,-0.0008344078465253961,1.3361831684262009e-09,-4.07428647789965e-06,-0.0008049678432132996,1.3361831684262009e-09,-4.07428647789965e-06,0.0,0.0,-10,10,0.0,0.0,0.0
7827.827827827828,-0.0008148129701952,1.2737669236366046e-09,-3.977334323972695e-06,-0.0007860787922871917,1.2737669236366046e-09,-3.977334323972695e-06,0.0,0.0,-10,10,0.0,0.0,0.0
7837.8378378378375,-0.0007956780336999402,1.2142711167209132e-09,-3.882706273542585e-06,-0.0007676325637955346,1.2142711167209132e-09,-3.882706273542585e-06,0.0,0.0,-10,10,0.0,0.0,0.0
7847.847847847847,-0.0007769922494029317,1.1575588108485905e-09,-3.7903459756035245e-06,-0.0007496187924934836,1.1575588108485905e-09,-3.7903459756035245e-06,0.0,0.0,-10,10,0.0,0.0,0.0
7857.857857857858,-0.0007587450823707344,1.1034995074665677e-09,-3.7001984692261e-06,-0.0007320273551489525,1.1034995074665677e-09,-3.7001984692261e-06,0.0,0.0,-10,10,0.0,0.0,0.0
7867.867867867868,-0.0007409262444654954,1.0519688425515863e-09,-3.61221014839157e-06,-0.0007148483649152007,1.0519688425515863e-09,-3.61221014839157e-06,0.0,0.0,-10,10,0.0,0.0,0.0
7877.877877877878,-0.0007235256885749427,1.002848297255085e-09,-3.5263287277474233e-06,-0.0006980721658333836,1.002848297255085e-09,-3.5263287277474233e-06,0.0,0.0,-10,10,0.0,0.0,0.0
7887.887887887888,-0.0007065336029768395,9.560249222549655e-10,-3.4425032092589623e-06,-0.0006816893274620999,9.560249222549655e-10,-3.4425032092589623e-06,0.0,0.0,-10,10,0.0,0.0,0.0
7897.897897897898,-0.0006899404058347865,9.113910751614626e-10,-3.360683849732383e-06,-0.0006656906396310357,9.113910751614626e-10,-3.360683849732383e-06,0.0,0.0,-10,10,0.0,0.0,0.0
7907.907907907907,-0.0006737367398223211,8.688441703556394e-10,-3.28082212918554e-06,-0.0006500671073158662,8.688441703556394e-10,-3.28082212918554e-06,0.0,0.0,-10,10,0.0,0.0,0.0
7917.917917917918,-0.0006579134668723438,8.282864406687981e-10,-3.2028707200432685e-06,-0.0006348099456316465,8.282864406687981e-10,-3.2028707200432685e-06,0.0,0.0,-10,10,0.0,0.0,0.0
7927.927927927928,-0.000642461663048962,7.896247103394499e-10,-3.126783457134796e-06,-0.0006199105749419789,7.896247103394499e-10,-3.126783457134796e-06,0.0,0.0,-10,10,0.0,0.0,0.0
7937.937937937938,-0.0006273726135389127,7.52770178711461e-10,-3.0525153084714315e-06,-0.0006053606160813085,7.52770178711461e-10,-3.0525153084714315e-06,0.0,0.0,-10,10,0.0,0.0,0.0
7947.947947947948,-0.000612637807759788,7.176382141626565e-10,-2.9800223467833367e-06,-0.0005911518856877557,7.176382141626565e-10,-2.9800223467833367e-06,0.0,0.0,-10,10,0.0,0.0,0.0
7957.957957957958,-0.0005982489345823556,6.841481577776074e-10,-2.909261721794792e-06,-0.0005772763916439567,6.841481577776074e-10,-2.909261721794792e-06,0.0,0.0,-10,10,0.0,0.0,0.0
7967.9679679679675,-0.0005841978776643226,6.522231363015787e-10,-2.8401916332179623e-06,-0.0005637263286234342,6.522231363015787e-10,-2.8401916332179623e-06,0.0,0.0,-10,10,0.0,0.0,0.0
7977.977977977977,-0.0005704767108929574,6.217898839347503e-10,-2.772771304445734e-06,-0.0005504940737400836,6.217898839347503e-10,-2.772771304445734e-06,0.0,0.0,-10,10,0.0,0.0,0.0
7987.987987987988,-0.0005570776939340428,5.927785725468962e-10,-2.7069609569247486e-06,-0.0005375721822984063,5.927785725468962e-10,-2.7069609569247486e-06,0.0,0.0,-10,10,0.0,0.0,0.0
7997.997997997998,-0.0005439932678846866,5.651226499127596e-10,-2.6427217851902913e-06,-0.0005249533836421808,5.651226499127596e-10,-2.6427217851902913e-06,0.0,0.0,-10,10,0.0,0.0,0.0
8008.008008008009,-0.000531216051027584,5.387586855874555e-10,-2.580015932545226e-06,-0.0005126305770993144,5.387586855874555e-10,-2.580015932545226e-06,0.0,0.0,-10,10,0.0,0.0,0.0
8018.018018018019,-0.0005187388346843671,5.136262240593986e-10,-2.5188064673656525e-06,-0.0005005968280206648,5.136262240593986e-10,-2.5188064673656525e-06,0.0,0.0,-10,10,0.0,0.0,0.0
8028.0280280280285,-0.0005065545791657462,4.8966764483556e-10,-2.4590573600164733e-06,-0.0004888453639106755,4.8966764483556e-10,-2.4590573600164733e-06,0.0,0.0,-10,10,0.0,0.0,0.0
8038.038038038038,-0.0004946564098161876,4.668280291303162e-10,-2.4007334603605116e-06,-0.0004773695706477155,4.668280291303162e-10,-2.4007334603605116e-06,0.0,0.0,-10,10,0.0,0.0,0.0
8048.048048048049,-0.0004830376131509343,4.4505503284483636e-10,-2.3438004758452995e-06,-0.00046616298879206196,4.4505503284483636e-10,-2.3438004758452995e-06,0.0,0.0,-10,10,0.0,0.0,0.0
8058.058058058059,-0.0004716916330832208,4.2429876553887167e-10,-2.288224950152093e-06,-0.00045521930997951074,4.2429876553887167e-10,-2.288224950152093e-06,0.0,0.0,-10,10,0.0,0.0,0.0
8068.068068068069,-0.0004606120672395848,4.045116751110218e-10,-2.233974242392107e-06,-0.00044453237339864537,4.045116751110218e-10,-2.233974242392107e-06,0.0,0.0,-10,10,0.0,0.0,0.0
8078.078078078079,-0.00044979266336122887,3.856484379170762e-10,-2.181016506835385e-06,-0.0004340961623498423,3.856484379170762e-10,-2.181016506835385e-06,0.0,0.0,-10,10,0.0,0.0,0.0
8088.088088088089,-0.0004392273157894274,3.676658540689077e-10,-2.1293206731581237e-06,-0.0004239048008841278,3.676658540689077e-10,-2.1293206731581237e-06,0.0,0.0,-10,10,0.0,0.0,0.0
8098.0980980980985,-0.00042891006203302695,3.5052274766865244e-10,-2.078856427194672e-06,-0.00041395255052005195,3.5052274766865244e-10,-2.078856427194672e-06,0.0,0.0,-10,10,0.0,0.0,0.0
8108.108108108108,-0.0004188350794161271,3.3417987174458483e-10,-2.029594192180808e-06,-0.00040423380703678076,3.3417987174458483e-10,-2.029594192180808e-06,0.0,0.0,-10,10,0.0,0.0,0.0
8118.118118118119,-0.0004089966818040783,3.185998176662076e-10,-1.981505110475268e-06,-0.0003947430973416531,3.185998176662076e-10,-1.981505110475268e-06,0.0,0.0,-10,10,0.0,0.0,0.0
8128.128128128129,-0.00039938931640597195,3.0374692882666026e-10,-1.934561025746869e-06,-0.00038547507641048404,3.0374692882666026e-10,-1.934561025746869e-06,0.0,0.0,-10,10,0.0,0.0,0.0
8138.138138138139,-0.00039000756065184406,2.89587218390621e-10,-1.8887344656149095e-06,-0.0003764245242989411,2.89587218390621e-10,-1.8887344656149095e-06,0.0,0.0,-10,10,0.0,0.0,0.0
8148.148148148149,-0.0003808461191428509,2.760882909154724e-10,-1.8439986247308873e-06,-0.00036758634322335185,2.760882909154724e-10,-1.8439986247308873e-06,0.0,0.0,-10,10,0.0,0.0,0.0
8158.158158158159,-0.0003718998206727199,2.632192676626334e-10,-1.8003273482898882e-06,-0.00035895555470934356,2.632192676626334e-10,-1.8003273482898882e-06,0.0,0.0,-10,10,0.0,0.0,0.0
8168.168168168168,-0.0003631636153188137,2.509507154246593e-10,-1.7576951159603364e-06,-0.00035052729680674975,2.509507154246593e-10,-1.7576951159603364e-06,0.0,0.0,-10,10,0.0,0.0,0.0
8178.178178178179,-0.00035463257160118844,2.3925457870199026e-10,-1.7160770262210992e-06,-0.00034229682136925437,2.3925457870199026e-10,-1.7160770262210992e-06,0.0,0.0,-10,10,0.0,0.0,0.0
8188.188188188189,-0.0003463018737080598,2.2810411507111752e-10,-1.6754487810952462e-06,-0.0003342594913972791,2.2810411507111752e-10,-1.6754487810952462e-06,0.0,0.0,-10,10,0.0,0.0,0.0
8198.198198198199,-0.00033816681878613133,2.1747383359344562e-10,-1.6357866712700575e-06,-0.000326410778442654,2.1747383359344562e-10,-1.6357866712700575e-06,0.0,0.0,-10,10,0.0,0.0,0.0
8208.208208208209,-0.00033022281429427445,2.0733943612127757e-10,-1.597067561593158e-06,-0.00031874626007364536,2.0733943612127757e-10,-1.597067561593158e-06,0.0,0.0,-10,10,0.0,0.0,0.0
8218.218218218219,-0.000322465375419081,1.9767776136416337e-10,-1.5592688769349374e-06,-0.0003112616173989446,1.9767776136416337e-10,-1.5592688769349374e-06,0.0,0.0,-10,10,0.0,0.0,0.0
8228.228228228229,-0.00031489012255085007,1.884667315853344e-10,-1.5223685884076806e-06,-0.00030395263264925825,1.884667315853344e-10,-1.5223685884076806e-06,0.0,0.0,-10,10,0.0,0.0,0.0
8238.238238238238,-0.00030749277881859683,1.7968530180412298e-10,-1.4863451999320963e-06,-0.0002968151868151653,1.7968530180412298e-10,-1.4863451999320963e-06,0.0,0.0,-10,10,0.0,0.0,0.0
8248.248248248248,-0.00030026916768271,1.7131341138614793e-10,-1.4511777351421865e-06,-0.00028984525733994314,1.7131341138614793e-10,-1.4511777351421865e-06,0.0,0.0,-10,10,0.0,0.0,0.0
8258.258258258258,-0.000293215210583913,1.6333193790864794e-10,-1.4168457246196455e-06,-0.0002830389158660899,1.6333193790864794e-10,-1.4168457246196455e-06,0.0,0.0,-10,10,0.0,0.0,0.0
8268.268268268268,-0.00028632692464721524,1.5572265319367832e-10,-1.3833291934492168e-06,-0.00027639232603430094,1.5572265319367832e-10,-1.3833291934492168e-06,0.0,0.0,-10,10,0.0,0.0,0.0
8278.27827827828,-0.00027960042043957315,1.4846818140696788e-10,-1.3506086490866705e-06,-0.0002699017413336878,1.4846818140696788e-10,-1.3506086490866705e-06,0.0,0.0,-10,10,0.0,0.0,0.0
8288.28828828829,-0.00027303189978000535,1.415519591250705e-10,-1.3186650695312864e-06,-0.00026356350300205084,1.415519591250705e-10,-1.3186650695312864e-06,0.0,0.0,-10,10,0.0,0.0,0.0
8298.2982982983,-0.0002666176536009408,1.3495819727805423e-10,-1.287479891794953e-06,-0.00025737403797504926,1.3495819727805423e-10,-1.287479891794953e-06,0.0,0.0,-10,10,0.0,0.0,0.0
8308.30830830831,-0.00026035405985960465,1.286718448793601e-10,-1.2570350006602017e-06,-0.0002513298568831366,1.286718448793601e-10,-1.2570350006602017e-06,0.0,0.0,-10,10,0.0,0.0,0.0
8318.31831831832,-0.00025423758149827215,1.2267855445864245e-10,-1.2273127177197033e-06,-0.00024542755209515333,1.2267855445864245e-10,-1.2273127177197033e-06,0.0,0.0,-10,10,0.0,0.0,0.0
8328.328328328329,-0.0002482647644522531,1.1696464911738478e-10,-1.1982957906899592e-06,-0.00023966379580749828,1.1696464911738478e-10,-1.1982957906899592e-06,0.0,0.0,-10,10,0.0,0.0,0.0
8338.338338338339,-0.00024243223570449138,1.1151709113087667e-10,-1.1699673829921103e-06,-0.00023403533817782177,1.1151709113087667e-10,-1.1699673829921103e-06,0.0,0.0,-10,10,0.0,0.0,0.0
8348.348348348349,-0.00023673670138569202,1.0632345202375041e-10,-1.1423110635929805e-06,-0.00022853900550220892,1.0632345202375041e-10,-1.1423110635929805e-06,0.0,0.0,-10,10,0.0,0.0,0.0
8358.358358358359,-0.0002311749449189129,1.0137188404971514e-10,-1.1153107970996552e-06,-0.000223171698434845,1.0137188404971514e-10,-1.1153107970996552e-06,0.0,0.0,-10,10,0.0,0.0,0.0
8368.368368368368,-0.00022574382520758392,9.665109300940454e-11,-1.088950934101073e-06,-0.0002179303902491784,9.665109300940454e-11,-1.088950934101073e-06,0.0,0.0,-10,10,0.0,0.0,0.0
8378.378378378378,-0.00022044027486593882,9.215031234337573e-11,-1.0632162017502896e-06,-0.00021281212513961877,9.215031234337573e-11,-1.0632162017502896e-06,0.0,0.0,-10,10,0.0,0.0,0.0
8388.388388388388,-0.0002152612984908699,8.785927844026934e-11,-1.0380916945812323e-06,-0.00020781401656282992,8.785927844026934e-11,-1.0380916945812323e-06,0.0,0.0,-10,10,0.0,0.0,0.0
8398.3983983984,-0.00021020397097423844,8.376820710297436e-11,-1.0135628655539394e-06,-0.0002029332456176998,8.376820710297436e-11,-1.0135628655539394e-06,0.0,0.0,-10,10,0.0,0.0,0.0
8408.40840840841,-0.00020526543585469573,7.986777111833892e-11,-9.89615517322431e-07,-0.00019816705946308904,7.986777111833892e-11,-9.89615517322431e-07,0.0,0.0,-10,10,0.0,0.0,0.0
8418.41841841842,-0.00020044290370809247,7.614907887853789e-11,-9.66235793719517e-07,-0.00019351276977248272,7.614907887853789e-11,-9.66235793719517e-07,0.0,0.0,-10,10,0.0,0.0,0.0
8428.42842842843,-0.00019573365057557455,7.26036540046572e-11,-9.434101714530004e-07,-0.00018896775122468766,7.26036540046572e-11,-9.434101714530004e-07,0.0,0.0,-10,10,0.0,0.0,0.0
8438.43843843844,-0.0001911350164284855,6.922341592538648e-11,-9.211254520078758e-07,-0.00018452944002973908,6.922341592538648e-11,-9.211254520078758e-07,0.0,0.0,-10,10,0.0,0.0,0.0
8448.44844844845,-0.00018664440366921546,6.600066136593339e-11,-8.993687537492745e-07,-0.00018019533248919895,6.600066136593339e-11,-8.993687537492745e-07,0.0,0.0,-10,10,0.0,0.0,0.0
8458.458458458459,-0.0001822592756671567,6.292804670439018e-11,-8.781275042210396e-07,-0.0001759629835900472,6.292804670439018e-11,-8.781275042210396e-07,0.0,0.0,-10,10,0.0,0.0,0.0
8468.468468468469,-0.00017797715532894576,5.999857115479836e-11,-8.57389432634952e-07,-0.00017183000563138572,5.999857115479836e-11,-8.57389432634952e-07,0.0,0.0,-10,10,0.0,0.0,0.0
8478.478478478479,-0.00017379562370219094,5.720556073807894e-11,-8.371425625457613e-07,-0.00016779406688319294,5.720556073807894e-11,-8.371425625457613e-07,0.0,0.0,-10,10,0.0,0.0,0.0
8488.488488488489,-0.00016971231861190192,5.4542653003825503e-11,-8.173752047073013e-07,-0.00016385289027638338,5.4542653003825503e-11,-8.173752047073013e-07,0.0,0.0,-10,10,0.0,0.0,0.0
8498.498498498499,-0.00016572493332885866,5.200378246770044e-11,-7.980759501050948e-07,-0.00016000425212344644,5.200378246770044e-11,-7.980759501050948e-07,0.0,0.0,-10,10,0.0,0.0,0.0
8508.508508508508,-0.0001618312152691712,4.9583166730835995e-11,-7.792336631609746e-07,-0.0001562459808689515,4.9583166730835995e-11,-7.792336631609746e-07,0.0,0.0,-10,10,0.0,0.0,0.0
8518.518518518518,-0.00015802896472430305,4.7275293249223794e-11,-7.608374751053619e-07,-0.00015257595586922672,4.7275293249223794e-11,-7.608374751053619e-07,0.0,0.0,-10,10,0.0,0.0,0.0
8528.52852852853,-0.00015431603362084454,4.507490672258432e-11,-7.428767775129615e-07,-0.0001489921062005322,4.507490672258432e-11,-7.428767775129615e-07,0.0,0.0,-10,10,0.0,0.0,0.0
8538.53853853854,-0.00015069032430934187,4.2976997073643866e-11,-7.25341215997742e-07,-0.00014549240949506565,4.2976997073643866e-11,-7.25341215997742e-07,0.0,0.0,-10,10,0.0,0.0,0.0
8548.54854854855,-0.00014714978838150118,4.0976787990114995e-11,-7.082206840631772e-07,-0.00014207489080415213,4.0976787990114995e-11,-7.082206840631772e-07,0.0,0.0,-10,10,0.0,0.0,0.0
8558.55855855856,-0.00014369242551510536,3.906972600298045e-11,-6.915053171038321e-07,-0.00013873762148798667,3.906972600298045e-11,-6.915053171038321e-07,0.0,0.0,-10,10,0.0,0.0,0.0
8568.56856856857,-0.00014031628234599498,3.7251470075922316e-11,-6.751854865544764e-07,-0.0001354787181313112,3.7251470075922316e-11,-6.751854865544764e-07,0.0,0.0,-10,10,0.0,0.0,0.0
8578.57857857858,-0.00013701945136648013,3.5517881681922e-11,-6.592517941830105e-07,-0.00013229634148442245,3.5517881681922e-11,-6.592517941830105e-07,0.0,0.0,-10,10,0.0,0.0,0.0
8588.58858858859,-0.0001338000698495658,3.3865015344184205e-11,-6.43695066523584e-07,-0.00012918869542892175,3.3865015344184205e-11,-6.43695066523584e-07,0.0,0.0,-10,10,0.0,0.0,0.0
8598.598598598599,-0.00013065631879838617,3.228910961961232e-11,-6.285063494463821e-07,-0.00012615402596762994,3.228910961961232e-11,-6.285063494463821e-07,0.0,0.0,-10,10,0.0,0.0,0.0
8608.608608608609,-0.00012758642192025878,3.0786578504086625e-11,-6.136769028606453e-07,-0.00012319062023810566,3.0786578504086625e-11,-6.136769028606453e-07,0.0,0.0,-10,10,0.0,0.0,0.0
8618.618618618619,-0.00012458864462478242,2.9354003239771805e-11,-5.991981955475794e-07,-0.00012029680554921722,2.9354003239771805e-11,-5.991981955475794e-07,0.0,0.0,-10,10,0.0,0.0,0.0
8628.628628628629,-0.00012166129304541585,2.7988124505609966e-11,-5.850619001198961e-07,-0.00011747094844023051,2.7988124505609966e-11,-5.850619001198961e-07,0.0,0.0,-10,10,0.0,0.0,0.0
8638.638638638638,-0.00011880271308398892,2.6685834973040743e-11,-5.712598881048132e-07,-0.00011471145376189005,2.6685834973040743e-11,-5.712598881048132e-07,0.0,0.0,-10,10,0.0,0.0,0.0
8648.648648648648,-0.00011601128947760847,2.544417220983384e-11,-5.577842251474204e-07,-0.00011201676377897912,2.544417220983384e-11,-5.577842251474204e-07,0.0,0.0,-10,10,0.0,0.0,0.0
8658.65865865866,-0.0001132854448874357,2.4260311915723606e-11,-5.446271663314016e-07,-0.00010938535729385998,2.4260311915723606e-11,-5.446271663314016e-07,0.0,0.0,-10,10,0.0,0.0,0.0
8668.66866866867,-0.00011062363900882308,2.313156147430116e-11,-5.31781151614178e-07,-0.00010681574879050477,2.313156147430116e-11,-5.31781151614178e-07,0.0,0.0,-10,10,0.0,0.0,0.0
8678.67867867868,-0.00010802436770231041,2.2055353806349738e-11,-5.192388013736158e-07,-0.00010430648759853933,2.2055353806349738e-11,-5.192388013736158e-07,0.0,0.0,-10,10,0.0,0.0,0.0
8688.68868868869,-0.00010548616214499272,2.1029241510504508e-11,-5.069929120635117e-07,-0.00010185615707683436,2.1029241510504508e-11,-5.069929120635117e-07,0.0,0.0,-10,10,0.0,0.0,0.0
8698.6986986987,-0.00010300758800178244,2.0050891277781052e-11,-4.95036451975145e-07,-9.946337381618747e-05,2.0050891277781052e-11,-4.95036451975145e-07,0.0,0.0,-10,10,0.0,0.0,0.0
8708.70870870871,-0.00010058724461610065,1.9118078567148296e-11,-4.83362557102253e-07,-9.712678686065154e-05,1.9118078567148296e-11,-4.83362557102253e-07,0.0,0.0,-10,10,0.0,0.0,0.0
8718.71871871872,-9.82237642195423e-05,1.8228682529923604e-11,-4.7196452710685263e-07,-9.484507694707456e-05,1.8228682529923604e-11,-4.7196452710685263e-07,0.0,0.0,-10,10,0.0,0.0,0.0
8728.728728728729,-9.591581116007138e-05,1.7380681171341343e-11,-4.6083582138340133e-07,-9.261695576242628e-05,1.7380681171341343e-11,-4.6083582138340133e-07,0.0,0.0,-10,10,0.0,0.0,0.0
8738.738738738739,-9.366208114831226e-05,1.657214673819286e-11,-4.499700552188499e-07,-9.044116521849696e-05,1.657214673819286e-11,-4.499700552188499e-07,0.0,0.0,-10,10,0.0,0.0,0.0
8748.748748748749,-9.146130052151345e-05,1.580124132195649e-11,-4.3936099604620623e-07,-8.831647674356293e-05,1.580124132195649e-11,-4.3936099604620623e-07,0.0,0.0,-10,10,0.0,0.0,0.0
8758.758758758759,-8.931222552477015e-05,1.5066212667332848e-11,-4.2900255978928776e-07,-8.624169059062355e-05,1.5066212667332848e-11,-4.2900255978928776e-07,0.0,0.0,-10,10,0.0,0.0,0.0
8768.768768768768,-8.721364160910109e-05,1.4365390176573383e-11,-4.1888880729639994e-07,-8.421563516182233e-05,1.4365390176573383e-11,-4.1888880729639994e-07,0.0,0.0,-10,10,0.0,0.0,0.0
8778.778778778778,-8.516436274598555e-05,1.3697181100441134e-11,-4.090139408607365e-07,-8.223716634867537e-05,1.3697181100441134e-11,-4.090139408607365e-07,0.0,0.0,-10,10,0.0,0.0,0.0
8788.78878878879,-8.316323075797457e-05,1.3060066907072053e-11,-3.9937230082535276e-07,-8.030516688773784e-05,1.3060066907072053e-11,-3.9937230082535276e-07,0.0,0.0,-10,10,0.0,0.0,0.0
8798.7987987988,-8.120911466500045e-05,1.2452599820414735e-11,-3.8995836227061826e-07,-7.841854573134841e-05,1.2452599820414735e-11,-3.8995836227061826e-07,0.0,0.0,-10,10,0.0,0.0,0.0
8808.80880880881,-7.930091004601622e-05,1.1873399520316438e-11,-3.807667317821082e-07,-7.657623743309954e-05,1.1873399520316438e-11,-3.807667317821082e-07,0.0,0.0,-10,10,0.0,0.0,0.0
8818.81881881882,-7.743753841560683e-05,1.1321149996695054e-11,-3.7179214429694436e-07,-7.477720154769038e-05,1.1321149996695054e-11,-3.7179214429694436e-07,0.0,0.0,-10,10,0.0,0.0,0.0
8828.82882882883,-7.561794661522046e-05,1.0794596550591098e-11,-3.6302946002664823e-07,-7.302042204482583e-05,1.0794596550591098e-11,-3.6302946002664823e-07,0.0,0.0,-10,10,0.0,0.0,0.0
8838.83883883884,-7.38411062186786e-05,1.0292542935231328e-11,-3.5447366145461636e-07,-7.130490673683477e-05,1.0292542935231328e-11,-3.5447366145461636e-07,0.0,0.0,-10,10,0.0,0.0,0.0
8848.84884884885,-7.210601295162918e-05,9.81384863055749e-12,-3.4611985040637694e-07,-6.962968671968606e-05,9.81384863055749e-12,-3.4611985040637694e-07,0.0,0.0,-10,10,0.0,0.0,0.0
8858.85885885886,-7.041168612461726e-05,9.357426244980348e-12,-3.379632451908331e-07,-6.799381582709065e-05,9.357426244980348e-12,-3.379632451908331e-07,0.0,0.0,-10,10,0.0,0.0,0.0
8868.868868868869,-6.875716807945353e-05,8.922239038411444e-12,-3.2999917781074335e-07,-6.639637009738318e-05,8.922239038411444e-12,-3.2999917781074335e-07,0.0,0.0,-10,10,0.0,0.0,0.0
8878.878878878879,-6.714152364856924e-05,8.50729856090357e-12,-3.2222309124073415e-07,-6.483644725288524e-05,8.50729856090357e-12,-3.2222309124073415e-07,0.0,0.0,-10,10,0.0,0.0,0.0
8888.888888888889,-6.556383962705363e-05,8.111662401496475e-12,-3.1463053677118267e-07,-6.331316619145866e-05,8.111662401496475e-12,-3.1463053677118267e-07,0.0,0.0,-10,10,0.0,0.0,0.0
8898.898898898899,-6.402322425707604e-05,7.734432042117253e-12,-3.0721717141634933e-07,-6.182566648996365e-05,7.734432042117253e-12,-3.0721717141634933e-07,0.0,0.0,-10,10,0.0,0.0,0.0
8908.908908908908,-6.251880672440337e-05,7.374750811626132e-12,-2.999787553851809e-07,-6.037310791934458e-05,7.374750811626132e-12,-2.999787553851809e-07,0.0,0.0,-10,10,0.0,0.0,0.0
8918.91891891892,-6.104973666672861e-05,7.031801935328072e-12,-2.9291114961324426e-07,-5.8954669971070665e-05,7.031801935328072e-12,-2.9291114961324426e-07,0.0,0.0,-10,10,0.0,0.0,0.0
8928.92892892893,-5.9615183693534245e-05,6.704806675489731e-12,-2.860103133542909e-07,-5.7569551394667085e-05,6.704806675489731e-12,-2.860103133542909e-07,0.0,0.0,-10,10,0.0,0.0,0.0
8938.93893893894,-5.821433691722001e-05,6.393022558610099e-12,-2.792723018299873e-07,-5.621696974607704e-05,6.393022558610099e-12,-2.792723018299873e-07,0.0,0.0,-10,10,0.0,0.0,0.0
8948.94894894895,-5.6846404495230975e-05,6.095741685392006e-12,-2.7269326393638647e-07,-5.489616094660154e-05,6.095741685392006e-12,-2.7269326393638647e-07,0.0,0.0,-10,10,0.0,0.0,0.0
8958.95895895896,-5.551061318292834e-05,5.812289119551482e-12,-2.6626944000574907e-07,-5.360637885217004e-05,5.812289119551482e-12,-2.6626944000574907e-07,0.0,0.0,-10,10,0.0,0.0,0.0
8968.96896896897,-5.420620789695083e-05,5.54202135178257e-12,-2.599971596223581e-07,-5.23468948327001e-05,5.54202135178257e-12,-2.599971596223581e-07,0.0,0.0,-10,10,0.0,0.0,0.0
8978.97897897898,-5.2932451288821194e-05,5.284324835367552e-12,-2.5387283949100616e-07,-5.1116997361310534e-05,5.284324835367552e-12,-2.5387283949100616e-07,0.0,0.0,-10,10,0.0,0.0,0.0
8988.98898898899,-5.1688623328557346e-05,5.0386145900867035e-12,-2.478929813568657e-07,-4.991599161315746e-05,5.0386145900867035e-12,-2.478929813568657e-07,0.0,0.0,-10,10,0.0,0.0,0.0
8998.998998998999,-5.047402089805385e-05,4.804332871238223e-12,-2.4205416997548614e-07,-4.874319907366849e-05,4.804332871238223e-12,-2.4205416997548614e-07,0.0,0.0,-10,10,0.0,0.0,0.0
9009.009009009009,-4.928795739400455e-05,4.58094790072811e-12,-2.3635307113169252e-07,-4.759795715595515e-05,4.58094790072811e-12,-2.3635307113169252e-07,0.0,0.0,-10,10,0.0,0.0,0.0
9019.019019019019,-4.812976234014291e-05,4.367952657331987e-12,-2.307864297061912e-07,-4.647961882718911e-05,4.367952657331987e-12,-2.307864297061912e-07,0.0,0.0,-10,10,0.0,0.0,0.0
9029.029029029029,-4.699878100858131e-05,4.164863723366324e-12,-2.2535106778871766e-07,-4.538755224373237e-05,4.164863723366324e-12,-2.2535106778871766e-07,0.0,0.0,-10,10,0.0,0.0,0.0
9039.039039039038,-4.5894374050036365e-05,3.971220185135757e-12,-2.2004388283659086e-07,-4.432114039481694e-05,3.971220185135757e-12,-2.2004388283659086e-07,0.0,0.0,-10,10,0.0,0.0,0.0
9049.04904904905,-4.481591713273149e-05,3.7865825846462165e-12,-2.1486184587756642e-07,-4.32797807545738e-05,3.7865825846462165e-12,-2.1486184587756642e-07,0.0,0.0,-10,10,0.0,0.0,0.0
9059.05905905906,-4.376280058977379e-05,3.610531920191007e-12,-2.09801999755909e-07,-4.226288494221622e-05,3.610531920191007e-12,-2.09801999755909e-07,0.0,0.0,-10,10,0.0,0.0,0.0
9069.06906906907,-4.2734429074806014e-05,3.4426686935287992e-12,-2.048614574206306e-07,-4.126987839018616e-05,3.4426686935287992e-12,-2.048614574206306e-07,0.0,0.0,-10,10,0.0,0.0,0.0
9079.07907907908,-4.1730221225740135e-05,3.282612001479095e-12,-2.0003740025486798e-07,-4.030020002007811e-05,3.282612001479095e-12,-2.0003740025486798e-07,0.0,0.0,-10,10,0.0,0.0,0.0
9089.08908908909,-4.0749609336382504e-05,3.1299986698623665e-12,-1.953270764453978e-07,-3.935330192615787e-05,3.1299986698623665e-12,-1.953270764453978e-07,0.0,0.0,-10,10,0.0,0.0,0.0
9099.0990990991,-3.9792039035765906e-05,2.984482427808939e-12,-1.907277993913128e-07,-3.842864906629892e-05,2.984482427808939e-12,-1.907277993913128e-07,0.0,0.0,-10,10,0.0,0.0,0.0
9109.10910910911,-3.88569689750077e-05,2.845733120552994e-12,-1.8623694615090704e-07,-3.7525718960162696e-05,2.845733120552994e-12,-1.8623694615090704e-07,0.0,0.0,-10,10,0.0,0.0,0.0
9119.11911911912,-3.794387052151744e-05,2.7134359589160864e-12,-1.8185195592584095e-07,-3.664400139445324e-05,2.7134359589160864e-12,-1.8185195592584095e-07,0.0,0.0,-10,10,0.0,0.0,0.0
9129.129129129129,-3.7052227460381744e-05,2.5872908037684746e-12,-1.7757032858168097e-07,-3.578299813508082e-05,2.5872908037684746e-12,-1.7757032858168097e-07,0.0,0.0,-10,10,0.0,0.0,0.0
9139.139139139139,-3.6181535702758125e-05,2.467011483836484e-12,-1.7338962320393e-07,-3.4942222646072665e-05,2.467011483836484e-12,-1.7338962320393e-07,0.0,0.0,-10,10,0.0,0.0,0.0
9149.149149149149,-3.5331303001113245e-05,2.3523251453004004e-12,-1.6930745668868753e-07,-3.412119981507311e-05,2.3523251453004004e-12,-1.6930745668868753e-07,0.0,0.0,-10,10,0.0,0.0,0.0
9159.159159159159,-3.450104867114517e-05,2.2429716316999847e-12,-1.653215023670989e-07,-3.331946568527861e-05,2.2429716316999847e-12,-1.653215023670989e-07,0.0,0.0,-10,10,0.0,0.0,0.0
9169.16916916917,-3.369030332023292e-05,2.138702892734005e-12,-1.614294886627746e-07,-3.2536567193657386e-05,2.138702892734005e-12,-1.614294886627746e-07,0.0,0.0,-10,10,0.0,0.0,0.0
9179.17917917918,-3.289860858226007e-05,2.0392824206061704e-12,-1.5762919778138007e-07,-3.1772061915306344e-05,2.0392824206061704e-12,-1.5762919778138007e-07,0.0,0.0,-10,10,0.0,0.0,0.0
9189.18918918919,-3.2125516858662994e-05,1.9444847126327856e-12,-1.539184644316167e-07,-3.102551781380161e-05,1.9444847126327856e-12,-1.539184644316167e-07,0.0,0.0,-10,10,0.0,0.0,0.0
9199.1991991992,-3.1370591065557764e-05,1.8540947588874354e-12,-1.5029517457683344e-07,-3.029651299740254e-05,1.8540947588874354e-12,-1.5029517457683344e-07,0.0,0.0,-10,10,0.0,0.0,0.0
9209.20920920921,-3.0633404386803025e-05,1.767907553715179e-12,-1.4675726421652775e-07,-2.9584635480971894e-05,1.767907553715179e-12,-1.4675726421652775e-07,0.0,0.0,-10,10,0.0,0.0,0.0
9219.21921921922,-2.991354003285966e-05,1.6857276300032471e-12,-1.4330271819701238e-07,-2.8889482953478618e-05,1.6857276300032471e-12,-1.4330271819701238e-07,0.0,0.0,-10,10,0.0,0.0,0.0
9229.22922922923,-2.9210591005311327e-05,1.6073686151471929e-12,-1.3992956905054244e-07,-2.8210662550952323e-05,1.6073686151471929e-12,-1.3992956905054244e-07,0.0,0.0,-10,10,0.0,0.0,0.0
9239.23923923924,-2.8524159866912873e-05,1.5326528077009654e-12,-1.3663589586221453e-07,-2.7547790634761856e-05,1.5326528077009654e-12,-1.3663589586221453e-07,0.0,0.0,-10,10,0.0,0.0,0.0
9249.24924924925,-2.7853858517037225e-05,1.461410773746607e-12,-1.334198231639668e-07,-2.690049257509337e-05,1.461410773746607e-12,-1.334198231639668e-07,0.0,0.0,-10,10,0.0,0.0,0.0
9259.25925925926,-2.719930797239382e-05,1.3934809620642616e-12,-1.3027951985502497e-07,-2.6268402539505987e-05,1.3934809620642616e-12,-1.3027951985502497e-07,0.0,0.0,-10,10,0.0,0.0,0.0
9269.269269269269,-2.656013815289516e-05,1.3287093372260985e-12,-1.2721319814815564e-07,-2.565116328644626e-05,1.3287093372260985e-12,-1.2721319814815564e-07,0.0,0.0,-10,10,0.0,0.0,0.0
9279.279279279279,-2.593598767255047e-05,1.266949029778648e-12,-1.242191125411038e-07,-2.504842596360521e-05,1.266949029778648e-12,-1.242191125411038e-07,0.0,0.0,-10,10,0.0,0.0,0.0
9289.289289289289,-2.5326503635268744e-05,1.2080600027170318e-12,-1.2129555881260674e-07,-2.4459849911004606e-05,1.2080600027170318e-12,-1.2129555881260674e-07,0.0,0.0,-10,10,0.0,0.0,0.0
9299.2992992993,-2.473134143545578e-05,1.1519087334917402e-12,-1.184408730423915e-07,-2.388510246870157e-05,1.1519087334917402e-12,-1.184408730423915e-07,0.0,0.0,-10,10,0.0,0.0,0.0
9309.30930930931,-2.4150164563292908e-05,1.0983679108240296e-12,-1.1565343065457734e-07,-2.33238587890035e-05,1.0983679108240296e-12,-1.1565343065457734e-07,0.0,0.0,-10,10,0.0,0.0,0.0
9319.31931931932,-2.358264441458741e-05,1.0473161456397977e-12,-1.1293164548391918e-07,-2.2775801653087504e-05,1.0473161456397977e-12,-1.1293164548391918e-07,0.0,0.0,-10,10,0.0,0.0,0.0
9329.32932932933,-2.3028460105087453e-05,9.986376954639761e-13,-1.1027396886434133e-07,-2.2240621291921248e-05,9.986376954639761e-13,-1.1027396886434133e-07,0.0,0.0,-10,10,0.0,0.0,0.0
9339.33933933934,-2.2487298289156803e-05,9.52222201648188e-13,-1.0767888873922475e-07,-2.1718015211384457e-05,9.52222201648188e-13,-1.0767888873922475e-07,0.0,0.0,-10,10,0.0,0.0,0.0
9349.34934934935,-2.1958852982706832e-05,9.079644388336602e-13,-1.051449287929238e-07,-2.1207688021492517e-05,9.079644388336602e-13,-1.051449287929238e-07,0.0,0.0,-10,10,0.0,0.0,0.0
9359.35935935936,-2.1442825390286205e-05,8.657640760792844e-13,-1.0267064760300152e-07,-2.0709351269626275e-05,8.657640760792844e-13,-1.0267064760300152e-07,0.0,0.0,-10,10,0.0,0.0,0.0
9369.36936936937,-2.0938923736230385e-05,8.25525449111306e-13,-1.0025463781268474e-07,-2.0222723277673963e-05,8.25525449111306e-13,-1.0025463781268474e-07,0.0,0.0,-10,10,0.0,0.0,0.0
9379.37937937938,-2.044686309977595e-05,7.871573431764656e-13,-9.789552532305266e-08,-1.9747528982993757e-05,7.871573431764656e-13,-9.789552532305266e-08,0.0,0.0,-10,10,0.0,0.0,0.0
9389.38938938939,-1.996636525404644e-05,7.505727860045843e-13,-9.559196850448426e-08,-1.9283499783107262e-05,7.505727860045843e-13,-9.559196850448426e-08,0.0,0.0,-10,10,0.0,0.0,0.0
9399.399399399399,-1.9497158508819087e-05,7.156888504096237e-13,-9.334265742690154e-08,-1.883037338403666e-05,7.156888504096237e-13,-9.334265742690154e-08,0.0,0.0,-10,10,0.0,0.0,0.0
9409.409409409409,-1.903897755698352e-05,6.824264660802033e-13,-9.114631310835683e-08,-1.8387893652199995e-05,6.824264660802033e-13,-9.114631310835683e-08,0.0,0.0,-10,10,0.0,0.0,0.0
9419.419419419419,-1.8591563324605928e-05,6.507102401315031e-13,-8.90016867815235e-08,-1.7955810469781317e-05,6.507102401315031e-13,-8.90016867815235e-08,0.0,0.0,-10,10,0.0,0.0,0.0
9429.42942942943,-1.8154662824514007e-05,6.204682860104311e-13,-8.690755917765988e-08,-1.753387959349415e-05,6.204682860104311e-13,-8.690755917765988e-08,0.0,0.0,-10,10,0.0,0.0,0.0
9439.43943943944,-1.772802901332004e-05,5.916320603649652e-13,-8.486273982762704e-08,-1.7121862516658804e-05,5.916320603649652e-13,-8.486273982762704e-08,0.0,0.0,-10,10,0.0,0.0,0.0
9449.44944944945,-1.731142065180146e-05,5.641362075067161e-13,-8.28660663795509e-08,-1.671952633451584e-05,5.641362075067161e-13,-8.28660663795509e-08,0.0,0.0,-10,10,0.0,0.0,0.0
9459.45945945946,-1.69046021685601e-05,5.379184111130518e-13,-8.091640393272928e-08,-1.632664361269989e-05,5.379184111130518e-13,-8.091640393272928e-08,0.0,0.0,-10,10,0.0,0.0,0.0
9469.46946946947,-1.6507343526883077e-05,5.129192528316067e-13,-7.901264438739436e-08,-1.594299225879959e-05,5.129192528316067e-13,-7.901264438739436e-08,0.0,0.0,-10,10,0.0,0.0,0.0
9479.47947947948,-1.611942009473029e-05,4.890820774657195e-13,-7.715370580994986e-08,-1.5568355396931493e-05,4.890820774657195e-13,-7.715370580994986e-08,0.0,0.0,-10,10,0.0,0.0,0.0
9489.48948948949,-1.5740612517775102e-05,4.6635286443432e-13,-7.533853181331249e-08,-1.5202521245257163e-05,4.6635286443432e-13,-7.533853181331249e-08,0.0,0.0,-10,10,0.0,0.0,0.0
9499.4994994995,-1.5370706595426467e-05,4.446801052140738e-13,-7.356609095199504e-08,-1.484528299637447e-05,4.446801052140738e-13,-7.356609095199504e-08,0.0,0.0,-10,10,0.0,0.0,0.0
9509.50950950951,-1.5009493159762615e-05,4.240146864852116e-13,-7.183537613157841e-08,-1.4496438700515761e-05,4.240146864852116e-13,-7.183537613157841e-08,0.0,0.0,-10,10,0.0,0.0,0.0
9519.51951951952,-1.4656767957307909e-05,4.043097787154461e-13,-7.01454040322274e-08,-1.4155791151487023e-05,4.043097787154461e-13,-7.01454040322274e-08,0.0,0.0,-10,10,0.0,0.0,0.0
9529.52952952953,-1.431233153358614e-05,3.8552072992876307e-13,-6.849521454591426e-08,-1.3823147775283861e-05,3.8552072992876307e-13,-6.849521454591426e-08,0.0,0.0,-10,10,0.0,0.0,0.0
9539.539539539539,-1.3975989120385065e-05,3.676049644176682e-13,-6.688387022702162e-08,-1.349832052132141e-05,3.676049644176682e-13,-6.688387022702162e-08,0.0,0.0,-10,10,0.0,0.0,0.0
9549.549549549549,-1.3647550525668584e-05,3.50521886168721e-13,-6.531045575600462e-08,-1.3181125756217019e-05,3.50521886168721e-13,-6.531045575600462e-08,0.0,0.0,-10,10,0.0,0.0,0.0
9559.55955955956,-1.3326830026074347e-05,3.342327867819121e-13,-6.377407741579965e-08,-1.2871384160065737e-05,3.342327867819121e-13,-6.377407741579965e-08,0.0,0.0,-10,10,0.0,0.0,0.0
9569.56956956957,-1.3013646261936165e-05,3.1870075767466364e-13,-6.227386258067484e-08,-1.2568920625150224e-05,3.1870075767466364e-13,-6.227386258067484e-08,0.0,0.0,-10,10,0.0,0.0,0.0
9579.57957957958,-1.2707822134771889e-05,3.038906063709804e-13,-6.080895921722465e-08,-1.227356415702796e-05,3.038906063709804e-13,-6.080895921722465e-08,0.0,0.0,-10,10,0.0,0.0,0.0
9589.58958958959,-1.2409184707178908e-05,2.897687766855711e-13,-5.9378535397218164e-08,-1.198514777794001e-05,2.897687766855711e-13,-5.9378535397218164e-08,0.0,0.0,-10,10,0.0,0.0,0.0
9599.5995995996,-1.2117565105080761e-05,2.763032726216211e-13,-5.7981778822017786e-08,-1.1703508432486913e-05,2.763032726216211e-13,-5.7981778822017786e-08,0.0,0.0,-10,10,0.0,0.0,0.0
9609.60960960961,-1.183279842226961e-05,2.634635858093403e-13,-5.66178963582917e-08,-1.1428486895518495e-05,2.634635858093403e-13,-5.66178963582917e-08,0.0,0.0,-10,10,0.0,0.0,0.0
9619.61961961962,-1.1554723627190732e-05,2.512206263204676e-13,-5.5286113584750296e-08,-1.1159927682185725e-05,2.512206263204676e-13,-5.5286113584750296e-08,0.0,0.0,-10,10,0.0,0.0,0.0
9629.62962962963,-1.1283183471916366e-05,2.395466567015857e-13,-5.3985674349643196e-08,-1.089767896010387e-05,2.395466567015857e-13,-5.3985674349643196e-08,0.0,0.0,-10,10,0.0,0.0,0.0
9639.63963963964,-1.1018024403257493e-05,2.284152290764232e-13,-5.2715840338759884e-08,-1.064159246357744e-05,2.284152290764232e-13,-5.2715840338759884e-08,0.0,0.0,-10,10,0.0,0.0,0.0
9649.64964964965,-1.0759096475963418e-05,2.1780112517429652e-13,-5.1475890653683114e-08,-1.039152340983858e-05,2.1780112517429652e-13,-5.1475890653683114e-08,0.0,0.0,-10,10,0.0,0.0,0.0
9659.65965965966,-1.0506253267960051e-05,2.076802991484989e-13,-5.026512140005036e-08,-1.0147330417251651e-05,2.076802991484989e-13,-5.026512140005036e-08,0.0,0.0,-10,10,0.0,0.0,0.0
9669.669669669669,-1.0259351797579074e-05,1.9802982305478434e-13,-4.908284528558446e-08,-9.908875425437896e-06,1.9802982305478434e-13,-4.908284528558446e-08,0.0,0.0,-10,10,0.0,0.0,0.0
9679.67967967968,-1.0018252442731263e-05,1.8882783486614442e-13,-4.792839122766028e-08,-9.67602361727518e-06,1.8882783486614442e-13,-4.792839122766028e-08,0.0,0.0,-10,10,0.0,0.0,0.0
9689.68968968969,-9.782818861978252e-06,1.8005348890583825e-13,-4.6801103970179964e-08,-9.448643342728749e-06,1.8005348890583825e-13,-4.6801103970179964e-08,0.0,0.0,-10,10,0.0,0.0,0.0
9699.6996996997,-9.552917917458217e-06,1.7168690858613463e-13,-4.570034370953473e-08,-9.226606044470101e-06,1.7168690858613463e-13,-4.570034370953473e-08,0.0,0.0,-10,10,0.0,0.0,0.0
9709.70970970971,-9.328419599621958e-06,1.637091413454649e-13,-4.4625485729436514e-08,-9.009786185242063e-06,1.637091413454649e-13,-4.4625485729436514e-08,0.0,0.0,-10,10,0.0,0.0,0.0
9719.71971971972,-9.109196953736805e-06,1.5610211568168166e-13,-4.357592004440801e-08,-8.798061176928996e-06,1.5610211568168166e-13,-4.357592004440801e-08,0.0,0.0,-10,10,0.0,0.0,0.0
9729.72972972973,-8.895126008116908e-06,1.4884860018388155e-13,-4.25510510517247e-08,-8.59131131129222e-06,1.4884860018388155e-13,-4.25510510517247e-08,0.0,0.0,-10,10,0.0,0.0,0.0
9739.73973973974,-8.686085704039332e-06,1.4193216446979287e-13,-4.1550297191607465e-08,-8.389419692331573e-06,1.4193216446979287e-13,-4.1550297191607465e-08,0.0,0.0,-10,10,0.0,0.0,0.0
9749.74974974975,-8.481957827306382e-06,1.3533714194005695e-13,-4.0573090615469225e-08,-8.192272170234906e-06,1.3533714194005695e-13,-4.0573090615469225e-08,0.0,0.0,-10,10,0.0,0.0,0.0
9759.75975975976,-8.282626941415515e-06,1.2904859426486264e-13,-3.9618876862023636e-08,-7.999757276878325e-06,1.2904859426486264e-13,-3.9618876862023636e-08,0.0,0.0,-10,10,0.0,0.0,0.0
9769.76976976977,-8.087980322299067e-06,1.230522775223266e-13,-3.8687114541068716e-08,-7.811766162840741e-06,1.230522775223266e-13,-3.8687114541068716e-08,0.0,0.0,-10,10,0.0,0.0,0.0
9779.77977977978,-7.89790789459693e-06,1.1733460991176726e-13,-3.777727502476257e-08,-7.628192535897207e-06,1.1733460991176726e-13,-3.777727502476257e-08,0.0,0.0,-10,10,0.0,0.0,0.0
9789.78978978979,-7.712302169426218e-06,1.1188264096859556e-13,-3.6888842146212845e-08,-7.448932600956382e-06,1.1188264096859556e-13,-3.6888842146212845e-08,0.0,0.0,-10,10,0.0,0.0,0.0
9799.799799799799,-7.531058183612731e-06,1.0668402221095814e-13,-3.602131190520582e-08,-7.2738850014081895e-06,1.0668402221095814e-13,-3.602131190520582e-08,0.0,0.0,-10,10,0.0,0.0,0.0
9809.80980980981,-7.35407344034989e-06,1.017269791515207e-13,-3.517419218090522e-08,-7.102950761848592e-06,1.017269791515207e-13,-3.517419218090522e-08,0.0,0.0,-10,10,0.0,0.0,0.0
9819.81981981982,-7.181247851251648e-06,9.700028461087882e-14,-3.4347002451354917e-08,-6.936033232149188e-06,9.700028461087882e-14,-3.4347002451354917e-08,0.0,0.0,-10,10,0.0,0.0,0.0
9829.82982982983,-7.012483679766626e-06,9.249323327204124e-14,-3.3539273519623635e-08,-6.773038032840056e-06,9.249323327204124e-14,-3.3539273519623635e-08,0.0,0.0,-10,10,0.0,0.0,0.0
9839.83983983984,-6.847685485921479e-06,8.819561741824787e-14,-3.275054724643362e-08,-6.61387300177501e-06,8.819561741824787e-14,-3.275054724643362e-08,0.0,0.0,-10,10,0.0,0.0,0.0
9849.84984984985,-6.686760072362339e-06,8.409770379907329e-14,-3.198037628911918e-08,-6.458448142049219e-06,8.409770379907329e-14,-3.198037628911918e-08,0.0,0.0,-10,10,0.0,0.0,0.0
9859.85985985986,-6.529616431663786e-06,8.019021157232734e-14,-3.122832384676447e-08,-6.306675571139757e-06,8.019021157232734e-14,-3.122832384676447e-08,0.0,0.0,-10,10,0.0,0.0,0.0
9869.86986986987,-6.37616569487562e-06,7.646429127170846e-14,-3.04939634113737e-08,-6.158469471240402e-06,7.646429127170846e-14,-3.04939634113737e-08,0.0,0.0,-10,10,0.0,0.0,0.0
9879.87987987988,-6.2263210812783415e-06,7.291150475249354e-14,-2.9776878524930263e-08,-6.013746040762655e-06,7.291150475249354e-14,-2.9776878524930263e-08,0.0,0.0,-10,10,0.0,0.0,0.0
9889.88988988989,-6.079997849318975e-06,6.95238060697694e-14,-2.9076662542204978e-08,-5.872423446975606e-06,6.95238060697694e-14,-2.9076662542204978e-08,0.0,0.0,-10,10,0.0,0.0,0.0
9899.8998998999,-5.9371132486994934e-06,6.629352324582746e-14,-2.8392918399176683e-08,-5.734421779757927e-06,6.629352324582746e-14,-2.8392918399176683e-08,0.0,0.0,-10,10,0.0,0.0,0.0
9909.90990990991,-5.797586473590772e-06,6.321334088536262e-14,-2.7725258386931918e-08,-5.599663006435866e-06,6.321334088536262e-14,-2.7725258386931918e-08,0.0,0.0,-10,10,0.0,0.0,0.0
9919.91991991992,-5.661338616945677e-06,6.027628359904121e-14,-2.7073303930913532e-08,-5.468070927681793e-06,6.027628359904121e-14,-2.7073303930913532e-08,0.0,0.0,-10,10,0.0,0.0,0.0
9929.92992992993,-5.528292625885416e-06,5.747570019783853e-14,-2.643668537539114e-08,-5.339571134448367e-06,5.747570019783853e-14,-2.643668537539114e-08,0.0,0.0,-10,10,0.0,0.0,0.0
9939.93993993994,-5.39837325813398e-06,5.480524862229568e-14,-2.5815041773029465e-08,-5.214090965914027e-06,5.480524862229568e-14,-2.5815041773029465e-08,0.0,0.0,-10,10,0.0,0.0,0.0
9949.94994994995,-5.271507039476061e-06,5.225888157251369e-14,-2.5208020679433453e-08,-5.091559468416095e-06,5.225888157251369e-14,-2.5208020679433453e-08,0.0,0.0,-10,10,0.0,0.0,0.0
9959.95995995996,-5.147622222214397e-06,4.983083280629334e-14,-2.4615277952552104e-08,-4.971907355348271e-06,4.983083280629334e-14,-2.4615277952552104e-08,0.0,0.0,-10,10,0.0,0.0,0.0
9969.96996996997,-5.026648744603051e-06,4.751560407434573e-14,-2.40364775568256e-08,-4.8550669679999e-06,4.751560407434573e-14,-2.40364775568256e-08,0.0,0.0,-10,10,0.0,0.0,0.0
9979.97997997998,-4.908518191233757e-06,4.5307952662944e-14,-2.347129137196318e-08,-4.740972237314919e-06,4.5307952662944e-14,-2.347129137196318e-08,0.0,0.0,-10,10,0.0,0.0,0.0
9989.98998998999,-4.7931637543528796e-06,4.320287951576585e-14,-2.2919399006241908e-08,-4.629558646548864e-06,4.320287951576585e-14,-2.2919399006241908e-08,0.0,0.0,-10,10,0.0,0.0,0.0
10000.0,-4.680520196087193e-06,4.119561790799011e-14,-2.2380487614219022e-08,-4.520763194802882e-06,4.119561790799011e-14,-2.2380487614219022e-08,0.0,0.0,-10,10,0.0,0.0,0.0
